code,name,pref_cd,pop,move_rate,in_rate,out_rate,net_rate,ldens,daytime,tax_pc,svc,estab,unemp,kokuho,nonemp,young,old,solo,owner,did
01101,中央区,1,248680.0,15.677304445420386,8.232079246572,7.445225198848387,0.7868540477236129,9.1646724893768,1.5950056297249477,,0.8831572045664918,1.19953353707576,4.686107103142145,,0.19259102128972538,0.09597876789448287,0.23139778027987776,0.5694893891221685,0.41371994342291374,0.9915272639536754
01102,北区,1,289323.0,10.029437314697907,5.237520794279947,4.79191652041796,0.44560427386198576,8.429152929265529,0.9515904369856527,,0.8035761899760026,0.3691099566920017,4.448562053657596,,0.1596761552321776,0.11587049767906457,0.2670890319815569,0.4322655594518426,0.5350953206239168,0.9683917282760098
01103,東区,1,265379.0,10.616393644064543,5.612899261955779,5.003494382108763,0.6094048798470152,8.447091828938861,0.9483267327105762,,0.8016173404124831,0.39119523398611045,4.641039993984611,,0.15110655522262528,0.11271426902656201,0.25729993707113225,0.45075780724805964,0.4362066282869146,0.9615455631380027
01104,白石区,1,211835.0,12.156080381771266,6.43513119874866,5.720949183022606,0.7141820157260538,8.72521572892381,0.9709962942856468,,0.8042994732081094,0.4612268982934831,5.075311398236168,,0.14336189006544986,0.10621474260627375,0.2509500318644228,0.47156194194879575,0.36789420516117183,0.9822503363466849
01105,豊平区,1,225298.0,13.498934352597185,7.101527134377257,6.397407218219929,0.7041199161573283,8.998705413861897,0.8638558708909977,,0.8571085518745685,0.26640715851893937,5.006178119950575,,0.14134056412154927,0.1040044740743371,0.2532468108904651,0.49328955364980753,0.4055619930475087,0.994358582854708
01106,南区,1,135777.0,9.832229613685623,5.10210969198347,4.730119921702154,0.37198977028131724,7.0925323990792775,0.8947170728473894,,0.8433086991363191,0.21776884155637552,4.8558987479032885,,0.17270056094737785,0.09788844944283641,0.3534619265413141,0.3605032381013905,0.6389973958333334,0.8557634945535695
01107,西区,1,217040.0,10.37494002330523,5.556697968789271,4.818242054515959,0.738455914273311,8.879002138541447,0.8862790269074825,,0.8265664055115629,0.32308791006266124,4.312172768292315,,0.14781868974353585,0.11346295613711758,0.2762624401032068,0.3985046548646954,0.5389943074003795,0.9894443420567637
01108,厚別区,1,125083.0,9.215446132383834,4.824280372770555,4.391165759613279,0.43311461315727573,8.609533759637678,0.9229311737006628,,0.8334315981665684,0.3096583868311441,4.56838971976187,,0.12554441887445555,0.1017244549619053,0.32715876657899157,0.3341668123797867,0.5148108493932905,0.9860572579807008
01109,手稲区,1,142625.0,7.623918174665617,3.969673127816322,3.6542450468492955,0.3154280809670267,8.31205476030667,0.8663137598597721,,0.780619474998313,0.2525363716038563,4.555188793172853,,0.14170996693434101,0.12071516213847502,0.3154145486415425,0.30640266408569694,0.6780989710926016,0.967908851884312
01110,清田区,1,112355.0,7.031242839991568,3.437720528259694,3.593522311731874,-0.1558017834721802,8.246385369371549,0.8666993013217035,,0.8057368019659351,0.2821859285301055,4.179607413271624,,0.1592661638844166,0.1270259445507543,0.3031907792265587,0.255381776645286,0.7556981633104669,0.9762004361176627
01202,函館市,1,251084.0,6.584783206139146,3.1803479694733947,3.4044352366657504,-0.2240872671923557,7.622904377859589,1.0258240270188463,3.295911805236564,0.7709258767390528,0.41922225231396665,4.872141145719887,0.18290293288301923,0.1968071952593352,0.09383313950709722,0.3554866100587851,0.41909349141657404,0.5815572726500806,0.8604451100030269
01203,小樽市,1,111299.0,5.912938562892601,2.732878811092385,3.180059751800215,-0.44718094070782904,7.173566658894158,1.0285716852801912,2.984991206726252,0.7975661493803728,0.4259157764220703,5.982995696441692,0.1798668451648263,0.17374120799374793,0.08238169255788462,0.4081438287855237,0.39260667110139696,0.6633888048411498,0.8350389491370093
01204,旭川市,1,329306.0,5.9607885306926685,2.873968556184235,3.0868199745084333,-0.21285141832419835,6.846295380667953,1.0055176644215411,3.2495204882301656,0.7857860457487306,0.4254614249360777,4.516385847222041,0.17626462925060582,0.16625774837514784,0.10534578780829988,0.34135727864053494,0.39543775100401607,0.5931271032876003,0.9308819153006626
01205,室蘭市,1,82383.0,7.680181684590208,3.401242401977156,4.278939282613052,-0.877696880635896,7.55075082870644,1.095310925797798,3.3732825904663613,0.7108513517404198,0.4721483801269679,4.563939110842447,0.15444934027651336,0.14018368698356032,0.09430343638857532,0.3681584792979134,0.45343254920787324,0.5498059508408797,0.8316521612468591
01206,釧路市,1,165077.0,7.195778856687259,3.1321505662114073,4.063628290475851,-0.9314777242644438,6.2722865474395,1.0061244146670947,3.2016170625891203,0.7665828492152953,0.4042174258073505,3.9930073810977302,0.17203486857648248,0.16092950663313965,0.10076509749995456,0.3413861410129818,0.41681752918409387,0.5509537496733734,0.8974781465619075
01207,帯広市,1,166536.0,8.455941794664511,4.058205335489086,4.397736459175424,-0.3395311236863379,6.079380314383976,1.0426574434356535,3.4420015367402237,0.727217855514124,0.47070303117644235,3.454973971148118,0.17932459047893548,0.1929339807387933,0.11452778978719316,0.2942306768506509,0.4234546432637334,0.5374613003095975,0.9086683960224816
01208,北見市,1,115480.0,7.091579884775458,3.35950420733148,3.732075677443978,-0.3725714701124984,5.597869634938067,0.9989868375476273,3.4431167231290423,0.7343954034996083,0.4264028403186699,3.549768451239125,0.19257880152407345,0.20083572734395405,0.10403533079321095,0.3363439556633183,0.3962089270136668,0.5955473098330241,0.6714322826463457
01209,夕張市,1,7334.0,6.746356639921401,2.4070738496806943,4.339282790240707,-1.9322089405600131,4.1583051211510345,1.047722934278702,2.713922979263648,0.6094003241491086,0.3055631306244887,7.273820258491133,0.23111535314971365,0.23889789303079412,0.0560403599672757,0.5219525497682029,0.46596306068601584,0.4740061162079511,
01210,岩見沢市,1,79306.0,6.577812516845453,3.0847393671500187,3.4930731496954346,-0.4083337825454153,5.510531778800784,0.9773283232037929,3.1319318476289193,0.7146130121897488,0.36007363881673515,4.5850732883047005,0.18303785337805462,0.19876633866940818,0.09909716793180844,0.36415908001916625,0.3546341188409065,0.6745843230403801,0.5929185685824527
01211,網走市,1,35759.0,9.789123885834963,4.344855430292866,5.4442684555420975,-1.0994130252492313,5.047217359493789,1.0170866075673257,3.8282097649186255,0.684566166357711,0.4034229145110322,3.3408473498641698,0.19768449900724294,0.22454105124678592,0.10433736961324422,0.31485779803685787,0.44308730297213983,0.5126262626262627,0.6468022036410415
01212,留萌市,1,20114.0,9.884968903076668,4.144421817381254,5.7405470856954155,-1.5961252683141616,6.415394806049178,1.0192900467336183,3.2170356111645813,0.7649203207999167,0.3857512180570747,4.505669385319276,0.14039972158695435,0.1513384022497657,0.08506512876603362,0.3691458685492692,0.4211978740801308,0.5321888412017167,0.7392860694043949
01213,苫小牧市,1,170113.0,6.768524669364092,3.3860740382873367,3.382450631076756,0.003623407210580349,6.600200040376054,0.9996649286062793,3.3099871352156542,0.690463666728033,0.4526109115705443,3.7026719007217936,0.16666568692574935,0.14293979959498193,0.12007312786206815,0.29405160099463296,0.39552537455291265,0.5605137711864406,0.835456431901148
01214,稚内市,1,33563.0,8.860759493670885,3.695279535864979,5.165479957805907,-1.4702004219409284,4.65051754522365,1.0022346035813248,3.6335395093474183,0.6844279725378213,0.4129845365432172,4.806246385193753,0.1805261746566159,0.2064523968649371,0.10380478503113548,0.32848672645472693,0.407175112895133,0.59734219269103,0.7793999344516283
01215,美唄市,1,20413.0,5.904379443208336,2.4420687035328594,3.462310739675476,-1.0202420361426168,4.864184363570301,0.9879978445108509,2.9603608529250955,0.6425407799503079,0.3501690099446431,3.7233489339573587,0.20878851712144222,0.26261207734687264,0.07539313182775682,0.4233576642335766,0.386472913772839,0.7058139534883721,0.47376671728800274
01216,芦別市,1,12555.0,5.612381037089745,2.4192831094903497,3.1930979275993954,-0.7738148181090456,4.487555313503485,0.9793707686180805,2.7580835496813783,0.6201959306706858,0.33628036638789327,5.5684041985411845,0.19251294305057745,0.2179728711379051,0.06730386300278773,0.4774990043807248,0.3721973094170404,0.6905594405594405,0.42724014336917565
01217,江別市,1,121056.0,7.305069670916097,3.7906060734403453,3.5144635974757525,0.2761424759645928,6.578914234693414,0.9033587761036215,3.1974851759956264,0.7623220973782772,0.2782348665080624,4.482524237112296,0.18446008458895058,0.14885767790262172,0.11069257203277821,0.3038511102299762,0.34433533200913324,0.6748094586671878,0.9095212133227597
01218,赤平市,1,9698.0,6.084593572778828,2.6937618147448017,3.390831758034026,-0.6970699432892249,5.56148624417413,1.0447514951536399,2.793847129717729,0.6882571075401731,0.4071973602804702,5.046948356807512,0.16962260259847392,0.1930778739184178,0.06217776861208497,0.48143947205609405,0.4102621555007842,0.5622119815668203,
01219,紋別市,1,21215.0,8.517206477732794,3.2844129554655868,5.232793522267206,-1.9483805668016194,4.781973177701831,1.0060806033466887,3.751305120515384,0.6490503715937241,0.4276219655903842,3.783891151057702,0.20570351166627387,0.1865194054500413,0.09290596276219656,0.36280933301909024,0.47587562544674766,0.6160220994475138,0.6737685599811454
01220,士別市,1,17858.0,7.104622871046229,2.536496350364964,4.568126520681265,-2.0316301703163018,4.140247198118467,0.9988800537574196,3.356282012654414,0.6190692395005676,0.3917011983424796,2.4903154399557277,0.19509463545749803,0.2842224744608399,0.09250755963713742,0.41158024414828087,0.34927056515875937,0.7163029525032092,0.5861798633665584
01221,名寄市,1,27282.0,10.043650472880122,4.199337159485895,5.844313313394228,-1.644976153908334,4.914565661061728,1.001282897148303,3.2970535714285716,0.7655051501205348,0.3647093321603988,2.0745403820015738,0.16182831170735285,0.1960698370954781,0.11062238838794809,0.3206143244630159,0.4167387033398821,0.5979899497487438,0.6557070595997361
01222,三笠市,1,8040.0,7.760044028618602,3.783709411117226,3.976334617501376,-0.1926252063841497,4.923328562718078,1.016542288557214,2.8693972179289027,0.7111534795042898,0.36380597014925375,7.577092511013215,0.19029850746268656,0.17127422942484904,0.08146766169154229,0.475,0.4166886022637536,0.6267409470752089,
01223,根室市,1,24636.0,7.842264554032402,3.1511482998041656,4.691116254228236,-1.5399679544240696,4.785496656842551,1.004992693619094,3.299492385786802,0.5707435937745637,0.3877252800779347,2.6849231239960223,0.23169345672998864,0.29382172614368807,0.09725604805974995,0.35103101152784544,0.37734662714452527,0.6630218687872763,0.5685582075012178
01224,千歳市,1,97950.0,11.778542447742797,5.635046992963895,6.143495454778902,-0.5084484618150069,6.206271327892706,1.0397345584481879,3.42594599188391,0.7602112161626281,0.43083205717202655,3.6576047615217564,0.1412761613067892,0.10746561476008598,0.1328432873915263,0.23164880040837163,0.3911538902257362,0.5188055618873946,0.8608984175599795
01225,滝川市,1,39490.0,8.829248254142133,3.9381076270026014,4.891140627139532,-0.95303300013693,5.950822867653336,0.9781210433021018,3.123845082900899,0.7463154421469423,0.3444416307926057,3.286884374002766,0.16761205368447707,0.18499780026396828,0.1011648518612307,0.34998733856672576,0.3954174715604207,0.5462555066079295,0.7246138262851355
01226,砂川市,1,16486.0,7.727660692009717,3.5847941697853063,4.142866522224411,-0.5580723524391045,5.798843989517059,1.0362125439767076,3.251674194050771,0.710505104782375,0.43928181487322576,4.990427568602425,0.17117554288487202,0.17275658248253623,0.08419264830765498,0.38845080674511706,0.35723718964606443,0.6160949868073878,0.30528933640664807
01227,歌志内市,1,2989.0,6.462848297213622,2.5928792569659445,3.8699690402476783,-1.2770897832817338,5.362209280677494,0.8919371027099364,2.7809307604994324,0.7252173913043478,0.2194713951154232,5.737704918032787,,0.11217391304347823,0.04750752760120441,0.5326196052191369,0.429075511644319,0.5158730158730159,
01228,深川市,1,20039.0,7.321730590866932,3.158928474002946,4.162802116863986,-1.0038736428610397,4.5351697878935235,1.0106292729178104,3.1138092061374247,0.6851136851136851,0.36798243425320626,2.7737226277372264,0.2035530715105544,0.265015015015015,0.08154099505963372,0.42636858126653027,0.3752865407706582,0.6946651532349603,0.478616697439992
01229,富良野市,1,21131.0,9.442519364044028,4.071545046881369,5.370974317162657,-1.2994292702812882,4.672707219596161,1.032274856845393,3.3729824561403507,0.672604137675109,0.4441815342387961,2.8043282236248874,0.22341583455586578,0.27553576398552737,0.10463300364393545,0.3433344375561971,0.38202483687644706,0.6163934426229508,0.6268515451232786
01230,登別市,1,46391.0,7.229164278344606,3.244296686919638,3.9848675914249685,-0.7405709045053307,7.093423595245295,0.8611153025371301,3.1044159234283226,0.7337578350412894,0.28201590825806727,4.248832999904735,0.16645470026513765,0.13446423241468508,0.10292944752214869,0.37263693388803865,0.341058175724204,0.6680141485598787,0.7369964001638248
01231,恵庭市,1,70331.0,8.913210118388552,4.619140902251369,4.294069216137183,0.3250716861141868,6.576715010151626,0.9297607029617097,3.206352796716968,0.7384810832584513,0.3293568980961454,4.616521353627901,0.15849340973397222,0.11182722399529021,0.1237150047631912,0.2797201802903414,0.3307702505634363,0.6222808174027686,0.9140208442934126
01233,伊達市,1,32826.0,7.142399384773135,3.2972314791079214,3.8451679056652144,-0.547936426557293,5.525689060346848,0.9493998659599098,3.0939303023309486,0.7076591154261057,0.3520075549869006,3.5442544059309355,0.20264424541521964,0.20334412081984898,0.10220556875647353,0.3838725400597088,0.3612505086125051,0.6682926829268293,0.6373606287698775
01234,北広島市,1,58171.0,7.628993716258075,3.849898221081512,3.779095495176564,0.07080272590494735,6.656859245161602,1.020302212442626,3.324112868747328,0.7807817331324823,0.4044627047841708,4.352771669068021,0.17916143782984648,0.14247205264409735,0.10993450344673462,0.33315569613725055,0.2836890989082614,0.7439175257731959,0.8640559729074625
01235,石狩市,1,56869.0,6.144234639413401,3.0904922737693155,3.053742365644086,0.036749908125229686,5.658220461332048,1.0870597337741124,3.161412803532009,0.6810930074677529,0.4907770490073678,4.0547142159257445,0.18855615537463294,0.20124745417515277,0.11994232358578487,0.3411700575005715,0.25470961020921956,0.789846025801082,0.7865972674040338
01236,北斗市,1,44302.0,6.554543330997431,2.7960756832515767,3.7584676477458534,-0.9623919644942771,6.136522416764191,0.902284321249605,2.9700412639195073,0.6903751567171377,0.38020856846192047,5.396651612608914,0.1929483996207846,0.173208602565339,0.12288384271590447,0.3009344950566566,0.2889217457970538,0.6849538294405214,0.6332896934675636
01303,当別町,1,15916.0,8.376894064712499,4.0693442731423275,4.307549791570171,-0.2382055184278436,4.611978937547262,1.008544860517718,3.256637168141593,0.6473290458065363,0.3759738627795929,3.849066128218072,0.2190248806232722,0.2609266307914424,0.07401357124905755,0.3488941945212365,0.3578701155751238,0.7079276773296245,0.3415431012817291
01304,新篠津村,1,3044.0,5.970695970695971,2.490842490842491,3.47985347985348,-0.9890109890109889,3.6907208330374917,1.112023653088042,3.42314990512334,0.445043830074174,0.30387647831800263,2.112211221122112,0.34526938239159,0.5185434929197572,0.09855453350854139,0.3751642575558476,0.27552986512524086,,
01331,松前町,1,6260.0,6.548642145067034,2.7500859401856306,3.798556204881402,-1.0484702646957718,5.578572349156202,0.9726837060702875,3.3186351706036747,0.6208066339992462,0.27012779552715654,4.705459770114943,0.2476038338658147,0.2137203166226913,0.06022364217252396,0.5217252396166134,0.42404268675455115,,
01332,福島町,1,3794.0,6.00947306098283,2.901124925991711,3.108348134991119,-0.20722320899940794,5.434790048671887,0.9602003162888771,3.4091350826044704,0.47895057962172055,0.30996309963099633,6.342857142857143,0.2519768054823405,0.2727272727272727,0.060094886663152346,0.4878755930416447,0.37944025834230355,,
01333,知内町,1,4167.0,7.137192704203013,2.9341792228390164,4.203013481363997,-1.26883425852498,4.872972777500439,1.0055195584353251,2.916555407209613,0.45687203791469194,0.33309335253179745,3.4324942791762014,0.23158147348212144,0.30805687203791465,0.08567314614830814,0.39572834173266136,0.36901559978483056,,
01334,木古内町,1,3832.0,6.377551020408164,2.7210884353741496,3.6564625850340136,-0.935374149659864,5.077263680153286,0.9856471816283925,2.967816091954023,0.6452410383189122,0.2640918580375783,4.430005906674542,0.21346555323590813,0.22991347342398027,0.060542797494780795,0.4979123173277662,0.3935656836461126,,
01337,七飯町,1,27686.0,6.890452853826597,3.3273149342274952,3.5631379195991006,-0.23582298537160543,5.843909288905773,0.8845264754749693,2.945072844086508,0.6973761916814308,0.28357292494401504,9.207200306396016,0.20035396951527848,0.18999409432211256,0.1161236726143177,0.3510438488766886,0.28972043757596805,0.7831031681559708,0.4566929133858268
01343,鹿部町,1,3760.0,6.470923603192702,3.050171037628278,3.4207525655644244,-0.37058152793614596,5.1715909905103326,0.9875,3.5791044776119403,0.41173245614035087,0.3074468085106383,3.5940803382663846,0.3321808510638298,0.38651315789473684,0.09095744680851064,0.40345744680851064,0.33292002479851207,,
01345,森町,1,14338.0,6.486526284788691,2.5916654395523486,3.894860845236342,-1.3031954056839936,5.038284218150379,1.0009066815455434,4.386317159323294,0.4795346229324362,0.3893151067094434,5.4473161033797215,0.27088854791463246,0.2947855340622372,0.09513181754777514,0.3858278699958153,0.3610142630744849,,
01346,八雲町,1,15826.0,9.70097836571586,4.526663910706904,5.174314455008957,-0.6476505443020533,4.518838301775366,1.014785795526349,3.596229379418696,0.5560145808019441,0.33817768229495765,3.4943714821763603,0.2445974977884494,0.28238153098420415,0.10053077214709971,0.34967774548211805,0.41788617886178864,0.6482861400894188,0.4296095033489195
01347,長万部町,1,5109.0,9.092844974446338,4.067291311754684,5.025553662691652,-0.9582623509369677,4.425756225290164,1.0295556860442356,3.3059820010587613,0.5394440270473329,0.3955764337443727,2.5978777899743872,0.2182423174789587,0.24567993989481596,0.08122920336660795,0.40869054609512623,0.46244593000393236,,
01361,江差町,1,7428.0,10.897532919630695,4.7676706523384285,6.129862267292266,-1.362191614953837,5.612003268065873,1.0709477652127086,3.270887007729113,0.7236068328199384,0.3564889606892838,3.9795643990319975,0.17878298330640818,0.2646317558106973,0.07929456112008616,0.38314485729671516,0.4477441462021702,,
01362,上ノ国町,1,4306.0,6.145656907815146,2.540527461892088,3.6051294459230583,-1.0646019840309702,4.586989959106116,0.9182535996284255,3.3061744112030556,0.5454086781029264,0.2858801672085462,4.803073967339097,0.19298653042266606,0.23915237134207867,0.09010682768230376,0.4338132837900604,0.38146341463414635,,
01363,厚沢部町,1,3592.0,6.944019577852554,2.5390027531355153,4.4050168247170385,-1.8660140715815237,3.6666342906010145,1.0325723830734967,3.345629510825982,0.5066172578083642,0.36943207126948774,3.720693170234455,0.2391425389755011,0.3515087347803071,0.09437639198218263,0.4287305122494432,0.3402187120291616,,
01364,乙部町,1,3403.0,5.664628258770518,2.092050209205021,3.5725780495654975,-1.4805278403604765,4.890601878350209,0.8868645312959154,3.1126397248495272,0.6029506093649776,0.2694681163679107,2.9869321717485997,0.18189832500734646,0.1789608723540731,0.08345577431677931,0.4560681751395827,0.352165725047081,,
01367,奥尻町,1,2410.0,16.27689429373246,6.033676333021516,10.243217960710945,-4.20954162768943,4.754835779807993,1.008298755186722,3.4950396825396823,0.7649842271293376,0.3203319502074689,2.61136712749616,0.20663900414937758,0.25552050473186116,0.06763485477178423,0.41369294605809126,0.4704904405652535,,
01370,今金町,1,5072.0,6.975697569756975,2.542754275427543,4.432943294329433,-1.8901890189018902,3.7257496196671527,1.0039432176656151,3.2615131578947367,0.5816448152562574,0.30362776025236593,2.479659046881054,0.23955047318611988,0.3452522844656337,0.09227129337539432,0.41186908517350157,0.3538320330426801,,
01371,せたな町,1,7398.0,6.3744427934621095,2.7043090638930165,3.670133729569094,-0.9658246656760773,3.9687521425926895,0.9951338199513382,3.032715806070162,0.5990206746463548,0.3142741281427413,3.3394688403891664,0.23398215733982158,0.33569096844396085,0.07934576912679102,0.4706677480400108,0.3869775376741541,,
01391,島牧村,1,1356.0,5.296950240770466,1.8459069020866776,3.451043338683788,-1.6051364365971106,2.970823841387946,0.9498525073746312,3.2161520190023754,0.65402124430956,0.2691740412979351,2.3703703703703702,,0.2883156297420334,0.08259587020648967,0.415929203539823,0.4133986928104575,,
01392,寿都町,1,2838.0,8.216051730696082,3.3853176112590337,4.830734119437048,-1.4454165081780146,4.969728736555359,1.0324171952078929,3.554054054054054,0.6598837209302325,0.4309372797744891,2.6874115983026874,0.1737138830162086,0.24781976744186052,0.09090909090909091,0.41120507399577166,0.46661665416354087,,
01393,黒松内町,1,2791.0,12.469337694194603,4.578904333605887,7.890433360588717,-3.311529026982829,3.7482955624784484,1.0182730204227874,3.063720452209661,0.68212927756654,0.37441777140809746,3.0950626381724393,,0.19847908745247145,0.10892153350053745,0.39484055893944825,0.5011655011655012,,
01394,蘭越町,1,4568.0,11.130859808931348,5.865363252610531,5.265496556320818,0.5998666962897135,3.8752723347964038,0.957092819614711,3.406147091108672,0.5574182732606874,0.28809106830122594,2.3331968890708144,,0.3646269907795474,0.09916812609457093,0.4001751313485114,0.36065573770491804,,
01395,ニセコ町,1,5074.0,15.006305170239598,6.7195099981985225,8.286795172041074,-1.567285173842551,4.565373549447012,1.0244383129680725,3.6916890080428955,0.6755623332062524,0.4191959006700828,4.791288566243194,,0.29393823865802515,0.12199448167126527,0.25758770201024833,0.45639187574671447,,
01396,真狩村,1,2045.0,12.951496388028897,5.727554179566564,7.223942208462332,-1.4963880288957687,4.013316821703419,1.0259168704156478,3.4326059050064184,0.5261780104712042,0.33643031784841076,2.8813559322033897,,0.3917975567190227,0.11833740831295844,0.34474327628361856,0.38555555555555554,,
01397,留寿都村,1,1911.0,17.888999008919722,7.482656095143707,10.406342913776017,-2.923686818632309,3.698660254597216,1.183673469387755,3.1080786026200875,0.6398066075745367,0.2815279958137101,1.2728719172633254,,0.2917002417405318,0.12244897959183673,0.25798011512297225,0.5188284518828452,,
01398,喜茂別町,1,2156.0,13.018672199170126,6.016597510373444,7.0020746887966805,-0.9854771784232365,4.109863243297249,0.9833024118738405,3.0154440154440154,0.6475485661424607,0.34786641929499074,1.7272727272727273,,0.29694727104532836,0.08209647495361781,0.37337662337662336,0.518783542039356,,
01399,京極町,1,2941.0,12.103746397694524,5.727665706051873,6.376080691642651,-0.6484149855907781,4.35923496607175,1.0064603876232574,3.077049180327869,0.5511140235910879,0.43964637878272694,2.4920127795527156,,0.2857142857142857,0.10098605916354982,0.3787827269636178,0.34782608695652173,,
01401,共和町,1,5772.0,11.950037285607754,5.46234153616704,6.487695749440715,-1.0253542132736764,4.037174598437303,0.9357241857241857,3.570156846121238,0.5410447761194029,0.26905751905751907,2.2492401215805473,,0.2963308457711443,0.11261261261261261,0.3163548163548164,0.41424899008446564,,
01402,岩内町,1,11648.0,8.347842023274993,4.160175936955924,4.1876660863190684,-0.027490149363144874,6.735326820246944,0.9332074175824175,3.174531496951908,0.651872891887094,0.37405563186813184,4.135466303607896,0.16311813186813187,0.17876797443635717,0.09495192307692307,0.3746565934065934,0.41248256624825663,,0.751459478021978
01403,泊村,1,1569.0,10.422535211267606,4.859154929577465,5.563380281690141,-0.7042253521126761,5.664414691865181,1.5978330146590185,3.720465890183028,0.759493670886076,1.0854047163798597,2.3485784919653896,,0.15696202531645564,0.09369024856596558,0.39834289356277885,0.5334158415841584,,
01404,神恵内村,1,870.0,5.405405405405405,2.5675675675675675,2.837837837837838,-0.2702702702702703,4.4943075931762815,0.964367816091954,4.015673981191223,0.7391304347826086,0.27586206896551724,3.6945812807881775,,0.22506393861892582,0.07471264367816093,0.5149425287356322,0.45707070707070707,,
01405,積丹町,1,1831.0,7.81433607520564,3.1139835487661576,4.700352526439483,-1.5863689776733254,3.57805057481147,0.9530311305297652,3.15929203539823,0.5685441020191286,0.2665210267613326,3.089598352214212,,0.40488841657810837,0.08083014746040415,0.4691425450573457,0.3859250851305335,,
01406,古平町,1,2745.0,4.634994206257242,2.085747392815759,2.549246813441483,-0.4634994206257242,4.631375782269834,0.9948998178506375,3.097674418604651,0.5803030303030303,0.3428051001821494,2.29459659511473,,0.2946969696969697,0.07540983606557378,0.4204007285974499,0.3996789727126806,,
01407,仁木町,1,3180.0,13.667649950835791,7.538511963290724,6.129137987545067,1.4093739757456571,4.358654113760624,1.0830188679245283,3.6209213051823417,0.431044776119403,0.370440251572327,2.3323615160349855,,0.4597014925373134,0.10817610062893082,0.40314465408805034,0.35877862595419846,,
01408,余市町,1,18000.0,7.956824348236405,3.91058157366993,4.046242774566474,-0.1356612008965436,5.936976361823912,0.9586666666666667,3.0939444528760056,0.6735496558505408,0.333,5.064177362893816,0.21122222222222223,0.25,0.09261111111111112,0.4033333333333333,0.3789921068609593,0.6758893280632411,0.45
01409,赤井川村,1,1165.0,20.576407506702413,10.187667560321715,10.388739946380698,-0.20107238605898123,4.2184781923878525,1.1467811158798282,2.907563025210084,0.5531914893617021,0.4660944206008584,3.556771545827633,,0.2879432624113475,0.11244635193133047,0.3098712446351931,0.5276872964169381,,
01423,南幌町,1,7319.0,8.50876087230556,5.407790243287533,3.100970629018026,2.306819614269507,4.516827546321264,0.9096871157261921,3.1570273631840795,0.6245323356493854,0.33365213827025547,3.6063884595569293,0.2468916518650089,0.24853019775521112,0.09468506626588331,0.34909140592977184,0.2363452461227242,,
01424,奈井江町,1,5120.0,6.909013605442177,3.1462585034013606,3.7627551020408165,-0.6164965986394557,4.857294093594716,1.055859375,3.0350877192982457,0.5413934426229509,0.4923828125,3.0206677265500796,,0.25040983606557377,0.0857421875,0.4275390625,0.3591641271223335,,
01425,上砂川町,1,2841.0,7.627118644067797,3.1779661016949152,4.4491525423728815,-1.2711864406779663,6.252632765420298,0.9204505455825414,2.6035353535353534,0.7005758157389635,0.30165434706089406,10.634648370497427,,0.13147792706333972,0.06406195001759944,0.5131995776135164,0.46847457627118644,,
01427,由仁町,1,4822.0,6.229290921139827,2.4077755688093663,3.8215153523304615,-1.4137397835210956,4.031375604847598,1.0155537121526337,3.0076045627376424,0.47092799383904504,0.37639983409373706,2.4051108605787297,0.2878473662380755,0.3977666538313439,0.08316051430941518,0.42389050186644545,0.32538910505836577,,
01428,長沼町,1,10289.0,5.544933078393881,2.8177518365703933,2.727181241823488,0.0905705947469055,4.226663189301478,1.0197298085333852,3.22668513388735,0.5354779411764706,0.382738847312664,2.7703306523681857,0.2580425697346681,0.3840073529411765,0.09816308679171931,0.3857517737389445,0.2786240786240786,,
01429,栗山町,1,11272.0,7.0027222378672676,3.088331925279264,3.9143903125880035,-0.8260583873087393,4.722011064478399,0.986958836053939,3.0945884492951343,0.5724100524317484,0.40081618168914124,2.913814288221871,0.2152235628105039,0.2753570782860242,0.09607877927608233,0.41128459900638753,0.3465045592705167,,0.5684882895670689
01430,月形町,1,3691.0,11.676427525622254,5.197657393850659,6.478770131771595,-1.281112737920937,4.105240883596462,1.0980764020590625,3.0175925925925924,0.5788436268068331,0.2646979138444866,3.4263959390862944,0.17881332972094283,0.3633377135348226,0.05797886751557844,0.3727986995394202,0.402938901778809,,
01431,浦臼町,1,1732.0,5.833861762840837,2.5364616360177554,3.2974001268230815,-0.7609384908053266,3.487684017074965,1.0300230946882216,2.984320557491289,0.40552486187845305,0.35739030023094687,1.5233949945593037,,0.4784530386740331,0.09988452655889145,0.44861431870669743,0.35058214747736094,,
01432,新十津川町,1,6484.0,4.928559961470541,2.2957135976882324,2.6328463637823085,-0.33713276609407605,4.055384880619524,0.933066008636644,3.1467693624304665,0.5763321346845375,0.27483035163479336,2.950507614213198,,0.3507682249101013,0.1108883405305367,0.4111659469463294,0.24515618821668644,,
01433,妹背牛町,1,2693.0,5.30214424951267,2.2222222222222223,3.0799220272904484,-0.8576998050682261,4.014581821754235,1.0211659858893427,3.272357723577236,0.4624624624624625,0.38692907538061644,2.7737226277372264,0.2877831414779057,0.43993993993993996,0.08057927961381359,0.4712216858522094,0.31803005008347246,,
01434,秩父別町,1,2329.0,6.828597616865261,3.0247479376718607,3.8038496791934002,-0.7791017415215399,3.9626611620439047,0.9665092314297982,3.2098765432098766,0.5364181662382177,0.3787033061399742,2.8309741881765196,0.26921425504508373,0.39331619537275064,0.09832546157148991,0.42292829540575355,0.3070624360286592,,
01436,雨竜町,1,2389.0,5.870841487279844,2.299412915851272,3.571428571428571,-1.2720156555772992,3.5201845744232823,1.0414399330263708,3.2378121284185495,0.5158526135389888,0.351192967768941,2.5876460767946576,,0.44215938303341906,0.08120552532440352,0.4223524487233152,0.2858695652173913,,
01437,北竜町,1,1724.0,5.900816070307595,2.8876333961079723,3.0131826741996233,-0.12554927809165098,3.42206321897745,1.0336426914153132,3.5789473684210527,0.44692737430167595,0.3590487238979118,1.6483516483516485,0.25986078886310904,0.4480446927374302,0.09396751740139211,0.4495359628770302,0.3042291950886767,,
01438,沼田町,1,2909.0,7.86275911365261,4.0028591851322375,3.8598999285203717,0.14295925661186562,3.5489232310623686,0.9993124785149536,3.3628023352793996,0.5612698412698413,0.2939154348573393,1.9912881144990666,0.25507047095221724,0.36190476190476195,0.08834651082846338,0.42626332072877277,0.3115415657788539,,
01452,鷹栖町,1,6567.0,6.281912424570633,2.8624477796688845,3.4194646449017485,-0.557016865232864,4.449910677817762,0.8830516217450891,3.1448543689320387,0.6843937955049066,0.3832800365463682,2.829898492771455,0.20938023450586266,0.2529281418170307,0.12243033348560987,0.34597228567077815,0.2351830879577199,,
01453,東神楽町,1,10127.0,7.017902813299233,3.549872122762148,3.468030690537084,0.08184143222506395,5.231017774728265,0.8376616964550212,3.403194103194103,0.7058458996075191,0.30384121654981733,3.1993601279744053,,0.20367692625490597,0.15256245679865704,0.2892268193937,0.208355091383812,,
01454,当麻町,1,6319.0,5.979517674264949,2.9071688140072682,3.072348860257681,-0.16518004625041297,4.48990477945755,0.917866751068207,2.971775944420321,0.5666458072590739,0.2918183256844437,2.9751062537947783,0.242601677480614,0.3419899874843555,0.10270612438677006,0.42079442949833834,0.330188679245283,,
01455,比布町,1,3520.0,4.963503649635037,2.5693430656934306,2.394160583941606,0.1751824817518248,4.412251567822272,0.8772727272727273,2.9507427677873337,0.5928571428571429,0.3184659090909091,2.7777777777777777,0.21732954545454544,0.31868131868131866,0.1002840909090909,0.41505681818181817,0.3307741522712732,,
01456,愛別町,1,2605.0,9.13978494623656,3.019023986765922,6.120760959470637,-3.101736972704715,4.02509068833091,1.018426103646833,2.9626168224299065,0.5459544383346425,0.3946257197696737,2.377300613496933,0.23224568138195778,0.28358208955223885,0.08483685220729367,0.46295585412667944,0.3662447257383966,,
01457,上川町,1,3500.0,11.66936790923825,5.316045380875202,6.353322528363046,-1.0372771474878444,3.0839079644577163,1.062,2.8508634222919937,0.7640765765765766,0.4002857142857143,3.7398373983739837,0.19857142857142857,0.18468468468468469,0.07514285714285714,0.44285714285714284,0.5144660704892162,,
01458,東川町,1,8314.0,11.2071947423037,5.695837657096737,5.511357085206964,0.18448057188977285,4.714762775246947,0.995549675246572,3.2829237555135475,0.6591182847506625,0.33750300697618474,3.0366736743751463,,0.26186461093712354,0.13050276641808997,0.3318498917488574,0.30580949572397526,,
01459,美瑛町,1,9668.0,7.863837121620165,3.921146181191425,3.9426909404287405,-0.021544759237315525,3.4127345107395097,1.0114811750103434,3.1290675417008478,0.5702310365978328,0.3646048820852296,3.549595740485111,,0.3690451850337354,0.09588332643773273,0.38777410012412084,0.3258026159334126,,
01460,上富良野町,1,10348.0,12.528332989903152,5.12054399340614,7.407788996497013,-2.2872450030908715,4.456723522733753,0.9766138384228836,3.1197522367515487,0.7096314758768025,0.25879396984924624,2.567215958369471,0.1974294549671434,0.22431903151148302,0.11548125241592579,0.32025512176265947,0.31382727701746105,,0.5355624275222265
01461,中富良野町,1,4733.0,9.674543022737407,4.346856888096299,5.327686134641105,-0.980829246544806,4.294719505944554,0.9505598985844074,3.6130625686059274,0.5078597339782346,0.2831185294739066,2.2458628841607564,0.318825269385168,0.40588472390165253,0.1255017959011198,0.3657299809845764,0.30730223123732253,,
01462,南富良野町,1,2376.0,11.091234347048301,4.651162790697675,6.440071556350627,-1.7889087656529516,3.169704941134202,1.03493265993266,3.4523076923076923,0.620203602192639,0.38341750841750843,1.6936104695919936,0.21422558922558924,0.2748629600626469,0.10521885521885523,0.3223905723905724,0.43166823751178135,,
01463,占冠村,1,1306.0,35.91194968553459,13.773584905660377,22.138364779874216,-8.364779874213836,3.209919118969261,1.1493108728943338,2.8822674418604652,0.8457142857142858,0.6171516079632465,0.5681818181818182,0.24578866768759572,0.1348571428571429,0.07656967840735068,0.2335375191424196,0.6631330977620731,,
01464,和寒町,1,3192.0,6.234413965087282,2.3156394727467045,3.918774492340577,-1.6031350195938723,3.6619276434935077,0.9805764411027569,3.4220963172804533,0.5298372513562387,0.3148496240601504,2.1816037735849054,0.2644110275689223,0.3893911995177818,0.09649122807017543,0.44298245614035087,0.3398876404494382,,
01465,剣淵町,1,2926.0,6.8181818181818175,2.4926686217008798,4.325513196480939,-1.8328445747800588,3.449114721112303,0.9726589200273411,3.3072407045009786,0.4879703886489821,0.2563226247436774,1.2789281364190013,0.31715652768284347,0.48673658235657,0.09535201640464798,0.40874914559125086,0.3160493827160494,,
01468,下川町,1,3126.0,9.132581100141044,3.5260930888575457,5.606488011283498,-2.080394922425952,3.516308845193505,1.0335892514395393,3.351423487544484,0.5533290239172592,0.3416506717850288,2.459016393442623,0.2290467050543826,0.2857142857142857,0.10108765195137556,0.4021113243761996,0.3868762816131237,,
01469,美深町,1,4145.0,9.562618853572399,4.183645748437924,5.378973105134474,-1.1953273566965499,3.779683517049254,1.0248492159227987,3.112271540469974,0.643436754176611,0.3691194209891435,2.102803738317757,0.23039806996381182,0.27684964200477324,0.08902291917973462,0.409891435464415,0.39894179894179893,,
01470,音威子府村,1,706.0,28.618968386023298,11.480865224625623,17.13810316139767,-5.657237936772046,2.8983639504967798,1.0708215297450425,3.465034965034965,0.7298850574712644,0.29178470254957506,0.8547008547008548,0.1643059490084986,0.2068965517241379,0.06232294617563739,0.29461756373937675,0.5494186046511628,,
01471,中川町,1,1528.0,11.741528762805359,5.358550039401103,6.382978723404255,-1.024428684003152,2.920615087566877,1.0359947643979057,3.294736842105263,0.550351288056206,0.3867801047120419,1.726121979286536,0.17866492146596857,0.24707259953161598,0.09162303664921466,0.3880890052356021,0.4945054945054945,,
01472,幌加内町,1,1370.0,10.474631751227497,4.582651391162029,5.8919803600654665,-1.309328968903437,2.2358819455484285,1.0598540145985402,3.4584070796460176,0.573187414500684,0.33941605839416056,0.6793478260869565,0.20802919708029197,0.34746922024623805,0.08759124087591241,0.40802919708029195,0.42081447963800905,,
01481,増毛町,1,3908.0,6.0220994475138125,2.430939226519337,3.591160220994475,-1.1602209944751383,4.4037553736652635,0.9347492323439099,3.1283276450511948,0.5410086602139582,0.3375127942681679,1.899050474762619,0.19268167860798363,0.2628629648497198,0.08265097236438075,0.4421699078812692,0.38181818181818183,,
01482,小平町,1,2994.0,6.794294294294294,2.4774774774774775,4.316816816816817,-1.8393393393393391,3.6640727987899995,0.9726118904475618,3.254674977738201,0.5282308657465495,0.32364729458917835,2.2685469037400368,0.20841683366733466,0.3042659974905897,0.08851035404141616,0.40113560454241814,0.40841949778434267,,
01483,苫前町,1,2936.0,7.764441110277569,3.6009002250562636,4.163540885221305,-0.5626406601650412,3.471529218450852,1.0098773841961852,3.5075825156110616,0.47085492227979275,0.364441416893733,2.402022756005057,0.23773841961852862,0.33613989637305697,0.0970708446866485,0.4039509536784741,0.3727544910179641,,
01484,羽幌町,1,6548.0,9.015979814970564,3.717409587888983,5.298570227081581,-1.5811606391925987,4.285550921228523,0.9941967012828344,3.316733067729084,0.6653673163418291,0.3668295662797801,1.7673048600883652,0.20113011606597433,0.26836581709145424,0.09453268173488089,0.4324984728161271,0.3949633407714377,,
01485,初山別村,1,1080.0,10.149253731343283,3.582089552238806,6.567164179104477,-2.9850746268656714,3.0470255679415414,0.9907407407407407,3.7105882352941175,0.554806070826307,0.3509259259259259,0.33613445378151263,0.2490740740740741,0.3979763912310287,0.08333333333333333,0.38981481481481484,0.384928716904277,,
01486,遠別町,1,2520.0,8.680248007085916,3.3658104517271923,5.314437555358724,-1.9486271036315321,3.249600981639994,0.9956349206349207,3.516616314199396,0.5238439306358381,0.36626984126984125,1.634683724235963,0.21587301587301588,0.2738439306358381,0.09841269841269841,0.4103174603174603,0.39464882943143814,,
01487,天塩町,1,2950.0,12.112036336109009,4.7312641937925815,7.380772142316427,-2.6495079485238455,2.8991901872187564,1.0345762711864406,3.5330827067669173,0.6003605769230769,0.3742372881355932,1.770956316410862,0.24067796610169492,0.2998798076923077,0.1016949152542373,0.37186440677966104,0.4032371569317382,,
01511,猿払村,1,2611.0,7.029741212823485,2.858246427191966,4.171494785631518,-1.313248358439552,3.0692217527491246,1.0199157410953659,5.999284180386542,0.4203174603174603,0.43699731903485256,0.818639798488665,0.3963998468019916,0.32825396825396824,0.14017617770968976,0.23554193795480657,0.4482200647249191,,
01512,浜頓別町,1,3448.0,10.555728034771809,4.843216392424713,5.712511642347097,-0.8692952499223843,3.7215416748696004,1.0316125290023201,4.1261653200745805,0.5779914529914529,0.43271461716937354,1.7838405036726128,0.2218677494199536,0.21955128205128205,0.09048723897911833,0.375,0.43717124488603154,,
01513,中頓別町,1,1637.0,10.326086956521738,4.551630434782608,5.774456521739131,-1.2228260869565217,3.2185704347299287,0.9712889431887599,3.3868954758190326,0.7154195011337868,0.405620036652413,1.2318029115341544,0.2296884544899206,0.24376417233560088,0.09773976786805132,0.4001221747098351,0.4053691275167785,,
01514,枝幸町,1,7565.0,8.042783719961106,3.5560494513126826,4.486734268648424,-0.9306848173357412,3.646460849856919,0.9935228023793787,4.23725834797891,0.5142993326978075,0.3689358889623265,1.9626168224299065,0.3253139458030403,0.30243088655862727,0.10442828816920026,0.35637805684071383,0.37435897435897436,,
01516,豊富町,1,3974.0,8.705547652916074,3.982930298719772,4.722617354196301,-0.7396870554765291,2.803644769604882,1.0050327126321088,3.2532267977873386,0.5592396109637489,0.38223452440865624,1.6093953892996955,0.2619526925012582,0.2931034482758621,0.0976346250629089,0.34146955208857577,0.4375644994840041,,
01517,礼文町,1,2509.0,13.69674759505268,5.81768208886853,7.87906550618415,-2.0613834173156205,4.28871126901599,1.02192108409725,3.9038800705467374,0.504257907542579,0.31925069748903945,0.7246376811594203,0.32243921881227583,0.41545012165450124,0.1032283778397768,0.3626943005181347,0.43306451612903224,,
01518,利尻町,1,2004.0,10.601092896174864,4.808743169398907,5.7923497267759565,-0.9836065573770493,4.314498574687945,1.0229540918163673,3.854651162790698,0.5814144736842105,0.3033932135728543,1.7770597738287561,0.22904191616766467,0.34786184210526316,0.09231536926147704,0.4036926147704591,0.4497098646034816,,
01519,利尻富士町,1,2458.0,12.412831241283124,5.671780567178057,6.741050674105067,-1.0692701069270107,4.156185342299163,0.9918633034987795,3.3962472406181017,0.5600843288826423,0.3372660699755899,2.467443454420836,0.274613506916192,0.392832044975404,0.10252237591537836,0.3828315703824247,0.42330259849119867,,
01520,幌延町,1,2371.0,13.320274240940256,5.435847208619001,7.884427032321254,-2.4485798237022527,2.924992019184462,1.0510333192745678,3.6002014098690838,0.5675487465181058,0.4268241248418389,1.1699931176875429,0.20835090679038382,0.2263231197771588,0.1155630535638971,0.2872205820328975,0.4880847308031774,,
01543,美幌町,1,18697.0,7.576894223555889,2.966126146921346,4.610768076634543,-1.6446419297131976,4.685083647766676,0.9480130502219607,3.3049811418910133,0.6472856100864853,0.32962507354120985,2.9920145557464877,0.22046317591057388,0.2203813691778681,0.10311814729635771,0.3590415574691127,0.3386064484965584,0.6798469387755102,0.6681820612932556
01544,津別町,1,4373.0,6.3224181360201515,2.5944584382871536,3.7279596977329974,-1.1335012594458438,3.760685727090216,1.0896409787331351,3.2146371463714636,0.5233009708737864,0.4584953121426938,2.69248937175248,0.23279213354676423,0.295631067961165,0.08346672764692431,0.45232106105648295,0.3565815324165029,,
01545,斜里町,1,11418.0,9.493008655949776,3.9570056120993056,5.536003043850471,-1.578997431751165,3.6075683002782526,1.0198808898230864,4.241656614394853,0.5984861517288835,0.4393063583815029,3.261774005658179,0.2840252233315817,0.2752451402029933,0.11709581362760553,0.33622350674373797,0.39523988005997,,
01546,清里町,1,3883.0,6.653782440640531,3.0093870789618995,3.6443953616786304,-0.6350082827167312,3.3794424416180755,0.9711563224311099,3.4993939393939395,0.5034409740603494,0.22765902652588205,2.6288659793814433,0.326551635333505,0.43038644785600844,0.11666237445274273,0.38217872778779294,0.3087586641461878,,
01547,小清水町,1,4623.0,6.863196683555965,3.1552280055274067,3.707968678028558,-0.5527406725011516,3.4606181534455795,0.9889682024659312,3.391727493917275,0.4769723668402083,0.37746052346960846,2.1551724137931036,0.31797534068786504,0.39687625150180217,0.11529309971879732,0.38330088686999786,0.3355430902600714,,
01549,訓子府町,1,4677.0,6.969424460431655,3.0575539568345325,3.911870503597122,-0.85431654676259,4.020667361843908,0.9642933504383152,3.697172236503856,0.4755327545382794,0.2888603805858456,1.9729206963249517,0.3435963224289074,0.42580899763220204,0.11353431686978832,0.3908488347231131,0.2703426124197002,,
01550,置戸町,1,2775.0,8.022021234762091,3.853716083366103,4.168305151395988,-0.31458906802988595,3.5133073504464596,1.0194594594594595,3.4127450980392156,0.5968349660889224,0.3455855855855856,2.4981631153563555,0.28540540540540543,0.3315749811605124,0.0972972972972973,0.44828828828828826,0.3717627401837928,,
01552,佐呂間町,1,4875.0,7.253551442100732,3.379250968575118,3.8743004735256132,-0.49504950495049505,3.6820515354434913,1.0223589743589743,4.464894684052156,0.4445300462249615,0.3985641025641026,2.7351067815661296,0.2935384615384615,0.31779661016949157,0.10092307692307692,0.39466666666666667,0.38097345132743365,,
01555,遠軽町,1,19241.0,8.477842003853564,3.666553326532925,4.81128867732064,-1.144735350787714,4.540472512191929,0.9887219998960552,3.253733281392027,0.7503625209146682,0.33974325658749543,3.1543696661985523,0.18891949482875112,0.16263245956497485,0.10191777974117769,0.3757600956291253,0.3657169012472823,0.6952491309385863,0.40954212359025
01559,湧別町,1,8270.0,6.8345779015314525,3.2780660675863813,3.5565118339450703,-0.2784457663586888,3.7932462409242254,1.0171704957678356,4.355325691920604,0.4681673487949068,0.3882708585247884,2.4617431803060548,0.3222490931076179,0.367212369258754,0.09443772672309553,0.39250302297460704,0.36351277868406745,,
01560,滝上町,1,2421.0,8.65036231884058,3.3967391304347823,5.253623188405797,-1.8568840579710144,3.1954029643456305,0.990086741016109,3.3412784398699893,0.615257048092869,0.3486162742668319,1.8714401952807163,0.2040479140850888,0.23051409618573793,0.08343659644774887,0.44774886410574144,0.42857142857142855,,
01561,興部町,1,3628.0,10.72961373390558,4.349070100143061,6.380543633762518,-2.0314735336194563,3.773388202038224,1.0476846747519295,4.581710914454277,0.4793388429752066,0.45231532524807055,2.320887991927346,0.28252480705622934,0.2722107438016529,0.12403528114663727,0.33324145534729877,0.391025641025641,,
01562,西興部村,1,1053.0,12.656903765690378,5.02092050209205,7.635983263598327,-2.615062761506276,3.4544418961809678,0.9867046533713201,3.4,0.6409335727109515,0.3637226970560304,1.5901060070671376,0.19183285849952517,0.19748653500897662,0.09876543209876543,0.35422602089268757,0.5112016293279023,,
01563,雄武町,1,4199.0,7.760971981155468,3.1242251425737666,4.6367468385817014,-1.5125216960079346,3.2860374546995375,0.9899976184805906,4.492172211350294,0.43300653594771243,0.3748511550369136,2.2364217252396164,0.3143605620385806,0.2847222222222222,0.10288163848535366,0.33817575613241246,0.44390243902439025,,
01564,大空町,1,6775.0,6.458624437199193,2.608290638099674,3.8503337990995186,-1.2420431609998446,3.549945706354059,1.0268634686346862,3.46684350132626,0.492112676056338,0.3803690036900369,1.8523638374343379,0.3034686346863469,0.423943661971831,0.1177859778597786,0.37003690036900366,0.3046018991964938,,
01571,豊浦町,1,3821.0,9.710684617588083,4.497278716700086,5.213405900887998,-0.7161271841879118,4.2565094739999,0.9675477623658728,3.1453846153846152,0.6220385674931129,0.31719445171421096,3.3546325878594248,0.2758440198900811,0.30578512396694213,0.10102067521591207,0.39570792986129283,0.4452679589509692,,
01575,壮瞥町,1,2743.0,10.332900994379592,4.453091223519239,5.879809770860354,-1.4267185473411155,4.131709179083124,1.1319722931097338,2.972943722943723,0.654490106544901,0.5001822821728035,2.882483370288248,0.22238425082026977,0.302130898021309,0.08275610645278891,0.45096609551585853,0.4517241379310345,,
01578,白老町,1,16212.0,7.24743292480954,3.2659821132825435,3.981450811526996,-0.7154686982444518,5.3605393033635025,1.043301258327165,2.8544978165938866,0.6273254040866117,0.4170984455958549,5.039096437880104,0.22834937083641746,0.1851174138456847,0.06809770540340489,0.45817912657290893,0.381151832460733,0.8344370860927153,
01581,厚真町,1,4432.0,9.9361249112846,4.5422285308729595,5.39389638041164,-0.8516678495386799,3.725648301901025,1.167870036101083,3.4292109681029657,0.5230769230769231,0.4891696750902527,3.024193548387097,0.24684115523465705,0.34511434511434513,0.12793321299638988,0.36394404332129965,0.34355509355509356,,
01584,洞爺湖町,1,8442.0,9.119655957500633,4.275233999494056,4.844421958006577,-0.5691879585125221,5.0102799911968,1.037076522151149,3.035828534868842,0.6946122860020141,0.45178867566927267,3.5219820257469032,0.23430466714048803,0.27366565961732126,0.08362947168917319,0.4357972044539209,0.4272886006485408,,
01585,安平町,1,7340.0,11.935126143609647,5.503188245079013,6.431937898530634,-0.9287496534516219,4.018140695347936,1.0998637602179837,6.16661189615511,0.5689381933438986,0.45708446866485014,3.3690658499234303,0.21185286103542234,0.23586899101954573,0.10272479564032698,0.3694822888283379,0.39854439592430857,,
01586,むかわ町,1,7651.0,10.884918986289987,4.583852651987259,6.301066334302728,-1.7172136823154687,3.953861178523646,1.0283623055809699,3.1529102268990465,0.502653159671973,0.39668017252646715,3.1082028511334423,0.2578747876094628,0.3285094066570188,0.09240622140896615,0.4080512351326624,0.4088033012379642,,
01601,日高町,1,11279.0,10.546588407923698,4.512105649303008,6.0344827586206895,-1.5223771093176817,3.8815496123892963,0.9935277950172887,3.55996807024546,0.5498704663212435,0.3824807163755652,3.22782826700094,0.2473623548186896,0.24611398963730569,0.10719035375476549,0.3601383101338771,0.4366606170598911,,
01602,平取町,1,4776.0,10.32694475760992,4.3291995490417134,5.997745208568207,-1.668545659526494,3.6117788358961382,1.0278475711892798,3.5981169474727452,0.5070780399274047,0.30695142378559465,2.270308620078042,0.2638190954773869,0.3397459165154265,0.11578726968174205,0.35175879396984927,0.40655283802491926,,
01604,新冠町,1,5309.0,11.434843344641788,4.569946118539214,6.864897226102575,-2.2949511075633606,3.518431971020162,0.9644000753437559,3.5659439927732612,0.4844384303112314,0.3919758899981164,2.183984116479153,0.2539084573365982,0.2865358592692828,0.12356375965341872,0.3290638538331136,0.4064569536423841,,
01607,浦河町,1,12074.0,12.447689431039088,5.449203098566468,6.99848633247262,-1.5492832339061526,4.534665565053243,1.0283253271492463,3.4594435736677114,0.6311437041660165,0.45626967036607585,3.478915662650602,0.20771906576113963,0.22484006865345607,0.1028656617525261,0.3393241676329303,0.4505774456521739,,
01608,様似町,1,4043.0,5.851204659782897,2.2239872915011913,3.627217368281705,-1.4032300767805137,4.885050305342451,0.9379173880781598,3.123809523809524,0.5184149184149184,0.3581498886965125,4.751332149200711,0.2532772693544398,0.34452214452214447,0.08978481325748207,0.4229532525352461,0.35463593504452595,,
01609,えりも町,1,4374.0,7.980295566502463,2.9310344827586206,5.0492610837438425,-2.118226600985222,4.5827887837919565,0.9977137631458619,3.2206060606060607,0.4241140215716487,0.30292638317329673,2.4426907177752724,0.3742569730224051,0.5050077041602465,0.12277091906721536,0.32876085962505713,0.33774104683195594,,
01610,新ひだか町,1,21517.0,9.308418606950418,4.3007563399080535,5.007662267042365,-0.7069059271343121,4.527966472146546,1.0064600083654784,3.416250145298152,0.6426003028009084,0.38253473997304455,4.835659612787032,0.223544174373751,0.24224072672218022,0.11265510991309198,0.35358088952920946,0.40399248937642057,0.5889212827988338,0.5131756285727564
01631,音更町,1,43576.0,7.469015767401542,3.4744511866551084,3.994564580746433,-0.5201133940913244,4.863069492896481,0.8562052505966588,3.3628409675759134,0.682923320385556,0.31772076372315033,3.6100582416566516,0.196185973930604,0.1999232724308253,0.12979621810170736,0.296195153295392,0.30406512949404435,0.702835332606325,0.8038369744813659
01632,士幌町,1,5848.0,7.943760984182776,3.3216168717047454,4.622144112478031,-1.3005272407732864,3.3818575636263972,1.1130300957592338,4.453420669577874,0.44554455445544555,0.46511627906976744,1.3129770992366412,0.3334473324213406,0.3938737623762376,0.12551299589603282,0.3313953488372093,0.3926161175069472,,
01633,上士幌町,1,4778.0,11.097099621689786,5.758722152164776,5.33837746952501,0.4203446826397646,3.221285590820323,1.0562997069903726,3.7443105756358768,0.5224409448818897,0.4353285893679364,2.081727062451812,0.25910422771033903,0.315748031496063,0.11511092507325241,0.3537044788614483,0.4566794707639778,,
01634,鹿追町,1,5266.0,9.821428571428571,3.956980519480519,5.864448051948052,-1.9074675324675323,3.461082863493001,1.009494872768705,3.7246861924686194,0.5583684950773559,0.2913026965438663,1.4211438474870017,0.25921002658564374,0.31997187060478205,0.13558678313710595,0.3093429548044056,0.36525612472160357,,
01635,新得町,1,5817.0,10.830456114846447,5.378884244957296,5.451571869889151,-0.07268762493185535,3.2604269115398408,1.0180505415162455,3.314187741105872,0.6440235140431091,0.4371669245315455,2.546148949713558,0.19116383015299984,0.23938602220770733,0.10159876224858175,0.3780299123259412,0.4387861876525985,,
01636,清水町,1,9094.0,8.840662478583667,4.134780125642489,4.705882352941177,-0.5711022272986864,3.704706708005381,1.0354079612931604,3.3500125093820365,0.522800950940134,0.4199472179458984,2.3427606585056986,0.26105124257752366,0.3120812621569051,0.09995601495491532,0.37255333186716516,0.3881785283474065,,
01637,芽室町,1,18048.0,6.431103359027738,3.1227142294491648,3.308389129578574,-0.1856749001294098,4.0783494978230515,1.0196143617021276,3.5262459273560998,0.5628299894403379,0.48099512411347517,1.9770210123175653,0.24811613475177305,0.32481520591341073,0.13641400709219859,0.30668218085106386,0.2715076071922545,0.7212681638044914,0.660405585106383
01638,中札内村,1,3884.0,9.233586188856918,4.263667277007586,4.969918911849333,-0.7062516348417474,3.4168182395250675,1.0831616889804325,3.6029411764705883,0.5333646616541353,0.5911431513903193,1.799723119520074,0.24253347064881564,0.31062030075187974,0.1264160659114315,0.2878475798146241,0.3763440860215054,,
01639,更別村,1,3080.0,7.587548638132295,3.372243839169909,4.215304798962387,-0.8430609597924773,3.023250302447883,1.0178571428571428,4.0963704630788484,0.4548422198041349,0.3366883116883117,1.1827956989247312,0.38051948051948054,0.44613710554951036,0.1314935064935065,0.3146103896103896,0.34915773353751917,,
01641,大樹町,1,5420.0,11.165970375996961,5.127231295100645,6.038739080896316,-0.9115077857956703,3.096796986349108,1.0485239852398525,3.409108910891089,0.4973856209150327,0.48210332103321035,1.3221541438245727,0.22804428044280442,0.25816993464052285,0.11291512915129151,0.3658671586715867,0.4163123308851952,,
01642,広尾町,1,6387.0,7.636054421768708,3.486394557823129,4.149659863945578,-0.6632653061224489,3.9071811373199328,0.9877876937529356,3.3879134340547163,0.548502994011976,0.38969782370439954,1.937756899588961,0.23939251604822295,0.29491017964071853,0.09534992954438704,0.39408172851103807,0.37432975871313673,,
01643,幕別町,1,25766.0,6.786972179350192,3.1936364715659504,3.593335707784241,-0.3996992362182912,4.397215532876056,0.8551191492664753,3.331614509246088,0.6426017497147204,0.3078087402002639,2.701702442635085,0.21470154467127223,0.2528718143780905,0.12295272840176977,0.3360242179616549,0.2862470438420957,0.7281910009182736,0.6174415896918419
01644,池田町,1,6294.0,6.45106671181849,3.149339654588554,3.3017270572299355,-0.15238740264138165,3.851604016072454,0.975055608516047,3.1848303393213575,0.5879332477535302,0.3452494439148395,2.9887920298879203,0.2658087067047982,0.311617458279846,0.08261836669844295,0.43581188433428664,0.36105476673427994,,
01645,豊頃町,1,3022.0,14.489228630993745,6.5670604586518415,7.9221681723419035,-1.3551077136900627,2.769285118310204,1.0311052283256121,3.679937548790008,0.44871794871794873,0.32097948378557245,1.9748653500897666,0.3259430840502978,0.4139194139194139,0.09728656518861681,0.3944407677035076,0.3451589061345159,,
01646,本別町,1,6618.0,9.113463446907046,4.118425405226596,4.995038041680449,-0.8766126364538538,3.605536528304452,1.0231187669990933,3.441747572815534,0.5555555555555556,0.3561498942278634,3.2203864463735647,0.24796010879419764,0.3153935185185185,0.08748866727107887,0.41644001208824416,0.3812297734627832,,
01647,足寄町,1,6563.0,8.417338709677418,3.309811827956989,5.10752688172043,-1.797715053763441,3.2331475318469773,1.0181319518512875,3.313740755157649,0.5886904761904762,0.33064147493524304,2.3823358512492736,0.2393722383056529,0.3113095238095238,0.11153435928691148,0.39890294072832544,0.386709886547812,,
01648,陸別町,1,2264.0,8.349056603773585,4.339622641509433,4.009433962264151,0.33018867924528306,3.1274480513969234,1.0220848056537102,3.3932827735644637,0.5803792250618302,0.4249116607773852,1.7813765182186234,0.22570671378091872,0.25886232481450944,0.0989399293286219,0.3913427561837456,0.43923444976076553,,
01649,浦幌町,1,4387.0,7.2784810126582276,3.0671859785783835,4.2112950340798445,-1.1441090555014606,3.210477182832244,1.0216548894460906,3.303030303030303,0.48547368421052634,0.3793024846136312,1.859504132231405,0.28379302484613633,0.33894736842105266,0.09687713699566902,0.42511967175746523,0.3531486146095718,,
01661,釧路町,1,19105.0,9.341675734494014,4.434167573449402,4.907508161044614,-0.4733405875952122,6.0271093531485835,0.9302276890866266,3.027644082438603,0.7280412823891085,0.45595393875948703,3.751453027581105,0.2044490970950013,0.18752744839701363,0.11269301230044491,0.29856058623397014,0.3066375439873802,0.7326266195524146,0.5334205705312746
01662,厚岸町,1,8892.0,6.687004270896889,2.928615009151922,3.7583892617449663,-0.8297742525930445,3.824379237346803,0.9883040935672515,3.4236864053377816,0.4898236092265943,0.3696581196581197,2.384105960264901,0.2631578947368421,0.33921302578018997,0.10121457489878542,0.3578497525865947,0.3586739780658026,,
01663,浜中町,1,5507.0,9.168890583301563,3.8314906595501332,5.33739992375143,-1.5059092642012961,3.3458655851358703,1.0161612493190484,3.4859504132231405,0.3357281016855485,0.3546395496640639,0.9578544061302682,0.37661158525512983,0.5078751036197845,0.11494461594334483,0.31941165788995823,0.3471323846485554,,
01664,標茶町,1,7230.0,8.645406670567583,3.7741369221767114,4.871269748390872,-1.0971328262141602,2.981941225055798,1.0095435684647303,3.388888888888889,0.5277997364953887,0.3421853388658368,2.064516129032258,0.2937759336099585,0.3346508563899868,0.11908713692946057,0.34232365145228216,0.3643386897404203,,
01665,弟子屈町,1,6955.0,8.706467661691542,3.544776119402985,5.161691542288557,-1.616915422885572,3.777683169013802,1.0074766355140188,3.409647228221742,0.6929799009612584,0.38102084831056793,3.0225988700564974,0.23235082674335011,0.29158170696184094,0.08698777857656362,0.41035226455787205,0.40974729241877256,,
01667,鶴居村,1,2558.0,9.169407894736842,4.646381578947369,4.5230263157894735,0.12335526315789473,3.051190436542047,1.0074276778733386,3.4734848484848486,0.5638382236320381,0.41477716966379985,1.0204081632653061,0.2736512900703675,0.28707375099127674,0.1164972634870993,0.3557466770914777,0.3533151680290645,,
01668,白糠町,1,7289.0,5.668999000428388,2.656004569470227,3.012994430958161,-0.3569898614879337,4.252233872458959,1.026478254904651,2.767133382461312,0.5730897009966778,0.5137878995747016,4.393859184753838,0.2296611332144327,0.20155038759689925,0.07737686925504185,0.42022225270956237,0.35689455388180763,,
01691,別海町,1,14380.0,8.586364938413062,3.8599255227728446,4.726439415640217,-0.8665138928673732,2.8852264641056933,1.0494436717663422,3.749682875264271,0.46315011091939856,0.3945757997218359,1.145224171539961,0.3465229485396384,0.36738969682031053,0.12858136300417247,0.2776077885952712,0.3679960448253131,,
01692,中標津町,1,23010.0,8.577076874691109,4.043671653861707,4.533405220829402,-0.48973356696769554,4.1622019266576595,0.9672316384180791,3.4484375,0.679136690647482,0.45349847892220774,3.6061026352288486,0.207909604519774,0.21326938449240607,0.13129074315514994,0.2673185571490656,0.3783143939393939,0.6050830889540567,0.403954802259887
01693,標津町,1,5023.0,7.690704460191747,3.626511046269279,4.064193413922467,-0.4376823676531888,3.1629818418224973,1.0290662950428031,3.5662540119211372,0.5204802259887006,0.38602428827393986,2.006920415224913,0.31216404539120046,0.3301553672316384,0.12681664344017518,0.31276129802906627,0.3552511415525114,,
01694,羅臼町,1,4722.0,7.8275134755097255,3.116943988750879,4.710569486758847,-1.593625498007968,3.6888794541139363,1.0059296908089792,3.589416952474277,0.4287734181689643,0.41867852604828465,1.6,0.34731046166878443,0.34217037822552143,0.10927573062261753,0.31427361287590005,0.3219037871033777,,
02201,青森市,2,275192.0,5.162952730805428,2.3611827924345,2.801769938370928,-0.44058714593642795,6.966082330021415,1.0135105671676503,3.1207833361129884,0.8047239273435169,0.4191364574551586,4.9674382520346425,0.18582298904037908,0.16818688478264288,0.10189249687490916,0.3081012529433995,0.34877654213285675,0.6705075204503474,0.796807319980232
02202,弘前市,2,168466.0,5.485679173354735,2.54125702247191,2.9444221508828248,-0.4031651284109149,6.349176269626176,1.0672183111132216,3.165325394241057,0.663149252650134,0.4574929065805563,3.9921177697925114,0.2142212671993162,0.2766039649385459,0.1033858464022414,0.32007645459617967,0.3699305938396732,0.6585656776502162,0.6845654316004416
02203,八戸市,2,223415.0,5.563976194904222,2.5767156406918357,2.987260554212386,-0.41054491352055045,6.996462860688598,1.0435691426269498,3.1711784952594124,0.731878189796418,0.4704026139695186,4.534258643318171,0.18377458988877202,0.1611141452758056,0.1147461003066043,0.3103104088803348,0.33775230030810505,0.6603487490523123,0.7038694805630776
02204,黒石市,2,31946.0,4.850795320099908,2.132903904298672,2.717891415801236,-0.5849875115025635,6.073700856613781,0.9341388593251111,2.6185125303152788,0.6014170769785037,0.36286233018218245,4.921214889244119,0.22641332248168786,0.2606581001561187,0.10060727477618481,0.34254679772115443,0.26613875021518335,0.8147163120567376,0.47070055719025855
02205,五所川原市,2,51415.0,5.153480154985846,2.4753568488888,2.678123306097047,-0.20276645720824718,5.705553954304583,1.0186521443158612,2.8633165301407266,0.656280627245998,0.4073130409413595,5.706584520600693,0.23683749878440144,0.2601682456713492,0.0943693474666926,0.35715258193134297,0.3106217242871568,0.743142144638404,0.283030244092191
02206,十和田市,2,60378.0,5.467129234148638,2.4999564163804675,2.96717281776817,-0.4672164013877025,5.67963050549315,1.0045712014309849,3.015909090909091,0.6345232838558473,0.43315446023386,3.9131853785900783,0.19684322104077645,0.2399714683604497,0.10596574911391567,0.3365464241942429,0.3538213808813133,0.7210248068320455,0.44449965219119547
02207,三沢市,2,39152.0,10.561797752808989,4.92776886035313,5.634028892455858,-0.7062600321027288,5.969836619691695,1.0289129546383327,3.339837767315219,0.6803398311268634,0.39091234164282795,4.883248227653562,0.1826726604004904,0.16079432919837378,0.12755414793624847,0.26524826317940337,0.3956536937776742,0.5869047619047619,0.5614272578667756
02208,むつ市,2,54103.0,7.278223462388095,3.2263690268573426,4.051854435530752,-0.8254854086734101,5.964674707001414,0.9779494667578508,3.1456786728989092,0.7430469406538877,0.32231114725615956,4.531041069723018,0.19771546864314363,0.16991476249549797,0.1056133670960945,0.33730107387760383,0.3632688781463577,0.7169149868536372,0.3097610114041735
02209,つがる市,2,30934.0,4.2387002707769215,1.7808789835450947,2.457821287231827,-0.6769423036867319,4.975646533814194,0.9435572509213164,2.6798759131391976,0.5180551973175136,0.28848516195771645,5.646142613774641,0.2695092778172884,0.3834150116069126,0.0938449602379259,0.3879873278593134,0.23095503530286138,0.8052580331061344,
02210,平川市,2,30567.0,4.125643034783497,1.9759479439920962,2.1496950907914014,-0.173747146799305,5.776012356177445,0.8906336899270455,2.70375775264502,0.5441195008193621,0.31314816632315895,6.190504345769527,0.23276736349658128,0.30297491491239126,0.10737069388556286,0.35256976477901003,0.19400898652021967,0.9115384615384615,
02301,平内町,2,10126.0,3.638232271325797,1.500513874614594,2.137718396711202,-0.6372045220966085,5.371863348939483,0.9033181907959708,3.2243326488706368,0.5214700193423598,0.24965435512541972,3.364485981308411,0.306142603199684,0.36228239845261123,0.08947264467706893,0.41121864507209166,0.26592651334919376,,
02303,今別町,2,2334.0,4.580152671755725,1.6698473282442747,2.9103053435114505,-1.2404580152671756,4.786977736088642,0.9901456726649529,2.6514913657770802,0.5856992639327024,0.2656383890317052,8.557692307692308,0.25621251071122536,0.2912723449001051,0.04498714652956298,0.5526992287917738,0.3701067615658363,,
02304,蓬田村,2,2540.0,3.4100246507806085,1.2736236647493837,2.1364009860312243,-0.8627773212818405,4.849702267146702,0.8968503937007875,2.736654804270463,0.49878934624697335,0.2468503937007874,4.984662576687116,0.2917322834645669,0.3462469733656174,0.09724409448818898,0.42401574803149605,0.2206047032474804,,
02307,外ヶ浜町,2,5401.0,5.00400320256205,2.1617293835068057,2.842273819055244,-0.6805444355484388,5.1587405922134035,0.9853730790594334,2.957036114570361,0.5604442545920547,0.31475652656915387,5.528652138821631,0.28105906313645623,0.3220845792396412,0.052768005924828734,0.5091649694501018,0.34174508126603936,,
02321,鰺ヶ沢町,2,9044.0,4.291593180482069,1.7871840094062317,2.504409171075838,-0.7172251616696061,4.7191182581219575,0.9511278195488722,2.7541528239202657,0.6125804145818442,0.2975453339230429,7.248618784530386,0.29168509509066787,0.31951393852751964,0.07750995134896063,0.4460415745245467,0.30005515719801434,,
02323,深浦町,2,7346.0,3.8806408937233576,1.4405409378215492,2.440099955901808,-0.9995590180802587,4.7149874828644185,0.965695616662129,2.6391650099403576,0.5806451612903226,0.30520010890280425,6.496519721577726,0.2711679825755513,0.3213399503722084,0.06547781105363464,0.5072148107813776,0.31683168316831684,,
02343,西目屋村,2,1265.0,4.87603305785124,2.479338842975207,2.396694214876033,0.08264462809917356,4.059542230599768,0.850592885375494,2.448019801980198,0.5058479532163743,0.3075098814229249,3.253182461103253,0.20869565217391303,0.3026315789473685,0.11936758893280633,0.3960474308300395,0.2206896551724138,,
02361,藤崎町,2,14573.0,4.321678321678322,2.230769230769231,2.090909090909091,0.13986013986013987,5.9682005863429675,0.8180882453853016,2.7488168911539863,0.5720328120994617,0.29046867494681944,5.79570152137165,0.23673917518698964,0.28659318123558064,0.11521306525766829,0.32917038358608386,0.20534629404617255,,
02362,大鰐町,2,8665.0,3.7176527760903904,1.5186490098408456,2.1990037662495445,-0.6803547564086988,5.4384486789207,0.8308136180034622,2.4706293706293705,0.5712306626645116,0.22665897287939987,4.896794027228809,0.24385458742065783,0.31470791964904177,0.07282169648009233,0.435199076745528,0.26160074743070694,,
02367,田舎館村,2,7326.0,4.61389694709214,2.389832849841138,2.2240640972510017,0.16576875259013676,5.792358622279182,0.8540813540813541,2.587003610108303,0.5558739255014327,0.2983892983892984,3.639558232931727,0.22304122304122304,0.28262568377181563,0.11411411411411411,0.3602238602238602,0.19264521521103217,,
02381,板柳町,2,12700.0,3.9350713231677323,1.8691588785046727,2.0659124446630592,-0.1967535661583866,5.714548886444346,0.8803149606299212,2.6333181403828623,0.4679988820570151,0.2421259842519685,3.5839396389113447,0.30094488188976376,0.4473169368362213,0.09488188976377952,0.37968503937007875,0.22785377887418704,,
02384,鶴田町,2,12074.0,4.038128249566725,1.759098786828423,2.2790294627383014,-0.5199306759098787,5.58704907586662,0.8932416763293026,2.711348057882711,0.4888853092783505,0.26378996190160675,6.814770339237467,0.2904588371707802,0.40190077319587625,0.10460493622660262,0.3789133675666722,0.23529411764705882,,
02387,中泊町,2,9657.0,4.502495486885421,2.0707231602421152,2.4317723266433044,-0.36104916640118934,4.9725383511904715,0.9349694522108315,2.77890599410416,0.5176016352486941,0.3182147664906286,7.461118116855822,0.27430879155017085,0.33136497842380197,0.0782851817334576,0.4441337889613752,0.2785992217898833,,
02401,野辺地町,2,12374.0,4.9514972585407,2.437789962041333,2.5137072964993674,-0.07591733445803459,6.120135802788982,0.9272668498464522,2.9439328831594027,0.6558561586288019,0.3337643445935025,4.707766212970376,0.20688540488120252,0.1922365988909427,0.08905770163245515,0.3808792629707451,0.3583302548947174,,
02402,七戸町,2,14556.0,4.38846867418296,2.0051377194234337,2.383330954759526,-0.37819323533609245,4.8384813561191296,0.9611843913162957,2.878765340275195,0.5720911741319905,0.32859302006045615,3.8481141692150866,0.21640560593569663,0.2858468062549695,0.09659247045891728,0.408285243198681,0.2700958702064897,,
02405,六戸町,2,10447.0,5.658231447256185,2.568476921618804,3.0897545256373804,-0.5212776040185764,5.199159641860814,0.8546951277878817,2.9765886287625416,0.5652094384488751,0.29482147985067486,3.512177903282739,0.227625155547047,0.2734589354307664,0.1334354360103379,0.3379917679716665,0.22199007573779053,,
02406,横浜町,2,4229.0,4.9901185770750995,1.9021739130434785,3.0879446640316206,-1.185770750988142,4.914122029093001,0.9865216363206432,2.896144278606965,0.4169251218431546,0.39465594703239537,4.6069315300084535,0.2627098604871128,0.3035002215330084,0.08489004492787892,0.39985812248758573,0.3786622443338861,,
02408,東北町,2,16428.0,4.817244611059044,1.9931271477663228,2.8241174632927213,-0.8309903155263979,4.8672118825689825,0.8947528609690771,2.8484357270222076,0.5246277205040092,0.3252982712442172,3.0107765803799578,0.22680788897005114,0.3143184421534937,0.10476016557097638,0.38349159970781593,0.25801474369964,0.8576512455516014,
02411,六ヶ所村,2,10367.0,9.493144993768176,4.549231408392189,4.943913585375987,-0.39468217698379726,4.531282717962824,1.708787498794251,3.522933965994464,0.4763235522434405,1.086331629208064,2.127336271083422,0.14835535834860616,0.1578947368421053,0.10272981576155107,0.2525320729237002,0.5333849429069092,,
02412,おいらせ町,2,24273.0,7.6920022238106585,4.197442617742833,3.4945596060678263,0.702883011675006,6.0158605778025045,0.839327648003955,3.060747663551402,0.6282696994313566,0.3517076587154451,4.030560536368597,0.19791537922794875,0.1627132412672624,0.13628311292382483,0.2748321179911836,0.25392188683327926,0.7988439306358381,
02423,大間町,2,4718.0,6.280920628092063,2.645730264573026,3.6351903635190363,-0.9894600989460098,5.796087424796146,1.0654938533276812,3.299175500588928,0.5211032177183452,0.43387028401865196,6.046329014526894,0.2944044086477321,0.33848725449226913,0.10618906316235693,0.36265366680796945,0.3911792905081496,,
02424,東通村,2,5955.0,7.0772555375472725,2.737259139204034,4.339996398343238,-1.6027372591392042,4.509783679045616,0.9754827875734676,3.1758700696055686,0.5049906425452277,0.39479429051217463,3.9544637507489515,0.24987405541561714,0.24984404242046165,0.10629722921914357,0.3554995801847187,0.391987431264729,,
02425,風間浦村,2,1636.0,5.662805662805663,1.8661518661518661,3.7966537966537968,-1.9305019305019304,5.625057166251018,0.8753056234718827,2.791583166332665,0.6067551266586249,0.22555012224938875,4.602991944764097,0.27995110024449876,0.32810615199034987,0.07640586797066015,0.46271393643031783,0.34759358288770054,,
02426,佐井村,2,1788.0,4.8525798525798525,1.2285012285012284,3.6240786240786242,-2.3955773955773956,4.677043520340397,0.9368008948545862,3.028142589118199,0.5210084033613446,0.2891498881431767,2.5730994152046787,0.284675615212528,0.326530612244898,0.06935123042505593,0.4798657718120805,0.39003645200486026,,
02441,三戸町,2,9082.0,4.8591308315273185,1.916276947644576,2.942853883882742,-1.0265769362381658,5.186153357073461,0.9862365117815459,2.7008466603951082,0.5093140477755862,0.3416648315349042,4.539748953974895,0.25600088086324596,0.3846153846153846,0.09094913014754459,0.41653820744329445,0.284630514189379,,
02442,五戸町,2,16042.0,4.259077526987243,1.7926071311743539,2.4664703958128884,-0.6738632646385345,5.247516650756995,0.8890412666749782,2.7129403557725844,0.528355054596689,0.30756763495823464,3.860480866915002,0.22921082159331754,0.28777738640366324,0.0895150230644558,0.40312928562523376,0.24701986754966887,0.8319327731092437,
02443,田子町,2,4968.0,3.497244595167444,1.5684612123781263,1.9287833827893175,-0.3603221704111912,4.661263523574411,0.9694041867954911,2.6492718446601944,0.42349926793557835,0.33756038647342995,3.017394391196308,0.2580515297906602,0.400805270863836,0.08393719806763285,0.4392109500805153,0.27606076479832375,,
02445,南部町,2,16809.0,4.114921223354958,1.8597466790237875,2.255174544331171,-0.3954278653073834,5.396439515748476,0.8524599916711285,2.7677190721649483,0.5492510213345438,0.24403593313106073,3.588621444201313,0.23957403771788924,0.31854289605083974,0.09268844071628295,0.4000832887143792,0.24951861360718872,0.8785357737104825,
02446,階上町,2,13496.0,6.352491641458366,3.0011144722178,3.3513771692405667,-0.3502626970227671,5.829301341809132,0.7780082987551867,2.8044157874169597,0.5907749650566858,0.30186721991701243,4.706230575699275,0.21050681683461767,0.18248175182481752,0.0945465323058684,0.31720509780675754,0.3697738176833448,,
02450,新郷村,2,2197.0,4.419621175327829,1.6998542982030111,2.7197668771248176,-1.0199125789218066,4.291652688059782,0.9403732362312244,2.6180327868852458,0.3551181102362205,0.22303140646335912,2.307692307692308,0.28356850250341376,0.4944881889763779,0.07510241238051889,0.49340009103322713,0.24203821656050956,,
03201,盛岡市,3,289731.0,7.122697108747292,3.4229317684546707,3.699765340292622,-0.27683357183795143,7.084964482207355,1.0435749022369025,3.4981119596397727,0.8101630319712048,0.48736241548194703,3.843804715175699,0.16434554811186927,0.163540122803303,0.11597654375955628,0.2762389941014251,0.40355626935872435,0.5666896498889145,0.812650354984451
03202,宮古市,3,50369.0,4.7510518934081345,1.8386220196353436,2.912429873772791,-1.0738078541374474,6.0522182248802805,1.0173122357005302,2.8702218288432815,0.6615351812366738,0.37878456987432746,4.721274175199089,0.21096309237824853,0.2125799573560767,0.09932696698366059,0.3780499910659334,0.352070726172466,0.7222803347280334,0.21404038198098035
03203,大船渡市,3,34728.0,4.915936242552793,1.918338064194142,2.9975981783586514,-1.0792601141645093,6.455084540815367,1.0279601474314675,2.927658294480373,0.6318979450473332,0.4324176457037549,3.616334705685991,0.20919718958765263,0.22442853844377741,0.09729900944482837,0.3759214466712739,0.32873987782355446,0.7621621621621621,
03205,花巻市,3,93193.0,4.872756406689886,2.3401248511689494,2.5326315555209367,-0.19250670435198683,5.662641622903822,0.961992853540502,2.9240846912090124,0.6031194746148018,0.4109643428154475,3.3329263826150655,0.17854345283444034,0.22139429148774947,0.10920348094813988,0.345852156277832,0.27875390128308863,0.7619461337966985,0.1961735323468501
03206,北上市,3,93045.0,7.51893731474366,3.8687012844439566,3.6502360302997037,0.21846525414425294,6.121591716346261,1.0571014025471546,3.2082953717201166,0.5617601022905139,0.5380729754419904,3.4872340425531916,0.15846095975065827,0.16333414166354354,0.12273631038744694,0.27124509645870276,0.36755308183879615,0.6006043817678167,0.34530603471438553
03207,久慈市,3,33043.0,5.109559200410046,2.0470271655561247,3.062532034853921,-1.015504869297796,5.903313890564159,1.0274793450957842,2.9874307127800765,0.6099128607626229,0.4236903428865418,4.33934377771209,0.21426625911690828,0.19720660033372472,0.1118845141179675,0.33308113670066275,0.3470141305119648,0.7551669316375199,0.21235965257391884
03208,遠野市,3,25366.0,4.609277058086084,1.9933138320100292,2.615963226076055,-0.6226493940660259,5.184000782219091,0.9726405424584089,2.829364655632675,0.5098488318827302,0.3876054561223685,3.506703992927656,0.2027911377434361,0.2730187814933578,0.10068595758101395,0.4053851612394544,0.29511101845095383,0.8298109010011123,
03209,一関市,3,111932.0,4.579877730913227,2.051087626178854,2.5287901047343726,-0.47770247855551873,5.449343057769751,0.9994103562877461,2.898652500057001,0.5702422145328719,0.40442411464103206,3.762082038320981,0.20124718579137332,0.23126608109307067,0.1033037915877497,0.36902762391451954,0.28718046184548135,0.7898822940145254,0.17195261408712434
03210,陸前高田市,3,18262.0,4.580285614768374,1.9679554162312782,2.612330198537095,-0.6443747823058168,5.967121916020252,0.9321541999780966,2.810285024883125,0.5893094289508632,0.31425911729273903,4.1578277471361895,0.22111488336436316,0.21027003098716246,0.08963968897163509,0.4028036359653926,0.31333427005760855,0.7904624277456648,
03211,釜石市,3,32078.0,5.813230109905302,2.2222990253680788,3.5909310845372224,-1.3686320591691437,6.437066056515618,1.0764075067024128,2.9658969512696194,0.64253912574204,0.4683895504707276,4.601325696634275,0.18807282249516802,0.17869670804101456,0.09193216534696677,0.39834154249018017,0.39403432307273223,0.6643109540636042,0.39684518984974126
03213,二戸市,3,25513.0,5.062714741068842,2.214678975038291,2.8480357660305504,-0.633356790992259,5.444011501391629,1.0185395680633402,2.826536701810225,0.5694782672865472,0.41559205111119824,3.8458809337969204,0.21659546113745934,0.27134528817061476,0.09959628424724651,0.3727119507701956,0.3304496625154482,0.7472527472527473,
03214,八幡平市,3,24023.0,4.767246214245653,2.079468484403986,2.687777729841667,-0.6083092454376806,4.766443536944544,0.9829746492944261,2.859147088297517,0.5258942025537314,0.4039462182075511,4.1213595924264315,0.2337343379261541,0.2959790625743517,0.08812388128043958,0.41393664404945263,0.277253783724501,0.8210023866348448,
03215,奥州市,3,112937.0,4.459266405684707,1.9629306666171915,2.496335739067515,-0.5334050724503238,5.524027584977498,0.9677607869874355,2.9843779607133083,0.5660063173796608,0.40917502678484463,3.3530768337398174,0.183261464356234,0.24129643617386531,0.11069003072509452,0.3541532004568919,0.27994128926872,0.7568468683019767,0.2217430957082267
03216,滝沢市,3,55579.0,7.235403304357415,3.4091117931376695,3.8262915112197455,-0.417179718082076,6.396515915452552,0.8459310171107792,2.9955994719366323,0.719471716571748,0.26236528185105884,3.4965270753253757,0.1649363968405333,0.1556898780615632,0.13699418845247305,0.25484445563972,0.2813352443478663,0.7536764705882353,0.48286223213803775
03301,雫石町,3,15731.0,4.181393797932644,1.927309103034345,2.254084694898299,-0.32677559186395466,4.7960849122290075,0.9425338503591635,2.7810061431180473,0.6175874000715905,0.43194965355031467,3.533609576427256,0.20882334244485412,0.2652428111203914,0.10069289937066937,0.3863708600851821,0.2231894795332469,0.8590998043052838,
03302,葛巻町,3,5634.0,4.64764783676554,2.0215378802191575,2.626109956546382,-0.6045720763272247,4.425336634742718,0.969471068512602,2.614190687361419,0.47652757078986585,0.2807951721689741,3.6611629576453697,0.2827476038338658,0.3260059612518629,0.07419240326588569,0.4820731274405396,0.31981212638770284,,
03303,岩手町,3,12285.0,5.181077802807139,2.243978513255935,2.9370992895512043,-0.6931207762952695,4.915991336834894,0.918030118030118,2.7175998215480703,0.4732670189617656,0.3347171347171347,4.412420145595009,0.2406186406186406,0.3082064034815045,0.087993487993488,0.39853479853479856,0.28901491283343833,,
03321,紫波町,3,32147.0,5.4522090319422345,2.857667360176233,2.594541671766002,0.26312568841023126,5.752905540219893,0.8147261019690796,2.9202784156142365,0.6572116513976979,0.2890471894733568,3.2005002558126314,0.189286714156842,0.22539346957951611,0.12281083771425017,0.3138084424674153,0.1985553206483439,0.8654173764906303,
03322,矢巾町,3,28056.0,8.390672782874619,4.224006116207951,4.166666666666666,0.05733944954128441,6.299017683757146,1.1364770459081837,3.199360078759537,0.7662301084354316,0.708654120330767,3.669538085871261,0.15757770173937838,0.16047035628784678,0.12364556601083547,0.26268890789848875,0.3235669952537422,0.6459510357815442,0.4537353863701169
03366,西和賀町,3,5134.0,4.2069113543678895,1.4595406739643701,2.74737068040352,-1.28783000643915,3.857535557946995,0.987534086482275,2.8016528925619837,0.581982661138334,0.33774834437086093,3.281079110462997,0.1848461238800156,0.3169996230682246,0.07012076353720297,0.5101285547331516,0.29742033383915023,,
03381,金ケ崎町,3,15535.0,7.851048349758583,4.1008003174813155,3.7502480322772667,0.3505522852040479,4.957761337801173,1.1574509172835532,2.9680035387791213,0.4716365754222481,0.6523334406179594,2.2654826958105647,0.1685226906984229,0.21304601048340133,0.11792726102349534,0.30672674605729,0.3270568278201866,0.7439024390243902,
03402,平泉町,3,7252.0,4.202554202554203,2.0196020196020195,2.182952182952183,-0.16335016335016334,5.401351730324449,0.9009928295642582,2.715909090909091,0.577431289640592,0.3958907887479316,3.7639877924720246,0.20959735245449532,0.25554968287526425,0.10907335907335908,0.3942360728075014,0.2059191329720717,,
03441,住田町,3,5045.0,4.037598803674428,1.5381328775902585,2.49946592608417,-0.9613330484939117,4.967382164020793,0.9460852329038653,2.7242388758782203,0.48927559692432215,0.31298315163528245,3.8147138964577656,0.21189296333002974,0.21246458923512745,0.07452923686818633,0.4533201189296333,0.28398180899444164,,
03461,大槌町,3,11004.0,4.698818147159741,2.0301181852840258,2.668699961875715,-0.6385817765916889,6.098401489454975,0.8887677208287895,2.8029142998271177,0.5772932626203103,0.2889858233369684,6.07011070110701,0.23100690657942566,0.1952465134551169,0.10259905488913122,0.3815885132679026,0.31534719150818225,,
03482,山田町,3,14320.0,5.0526923632164,1.9777681536018479,3.0749242096145517,-1.0971560560127038,6.285873102320714,0.9074022346368715,2.70704280923259,0.5775698201491446,0.2918296089385475,5.013888888888888,0.2578212290502793,0.23716917678023097,0.09594972067039106,0.40118715083798884,0.28634830463341027,,
03483,岩泉町,3,8726.0,4.080071401249522,1.721280122402142,2.35879127884738,-0.6375111564452378,4.730386810393597,1.0324318129727252,2.692222631772945,0.5593503701934559,0.38024295209718084,4.645866545206103,0.22988769195507677,0.24074516360162412,0.08457483382993353,0.4426999770799908,0.39715952320568093,,
03484,田野畑村,3,3059.0,5.297783933518006,2.527700831024931,2.7700831024930745,-0.24238227146814403,4.9361654577543845,1.0019614253023863,2.511627906976744,0.4940554821664465,0.33115397188623735,3.56687898089172,0.2559660019614253,0.26023778071334214,0.10362863680941484,0.4236678653154626,0.3197721724979658,,
03485,普代村,3,2487.0,5.713039686000872,2.3113824683820323,3.40165721761884,-1.0902747492368077,5.709832099882024,0.9589867310012062,2.7294871794871796,0.5048,0.31242460796139926,4.067536454336147,0.28950542822677927,0.30879999999999996,0.08805790108564536,0.42903096099718535,0.3197969543147208,,
03501,軽米町,3,8421.0,3.832047552801315,1.5176425951688377,2.3144049576324774,-0.7967623624636399,4.962982390609371,0.9431183944899656,2.702287470126323,0.47725745014564197,0.31160194751217196,2.9782608695652173,0.2574516090725567,0.31369034281873176,0.09084431777698611,0.41812136325852034,0.2899969409605384,,
03503,野田村,3,3936.0,4.178415790822866,1.8200461420148681,2.358369648807998,-0.53832350679313,5.840804272220492,0.8983739837398373,2.8496683861459102,0.5667189952904239,0.29039634146341464,4.640718562874251,0.26422764227642276,0.21664050235478804,0.10899390243902439,0.38440040650406504,0.2735156771180787,,
03506,九戸村,3,5378.0,4.169944925255704,1.4358772619984264,2.7340676632572776,-1.2981904012588512,5.075843433204608,0.991074748977315,2.5951056729699666,0.44953471725125266,0.29695053923391596,4.380561259411362,0.2526961695797694,0.34538296349319975,0.09501673484566753,0.44217181108218667,0.23970818134445024,,
03507,洋野町,3,15091.0,3.941922789877197,1.8386593391681934,2.1032634507090036,-0.2646041115408101,5.43068507176091,0.8701212643297329,2.7751034223392255,0.5112615724747823,0.2483599496388576,5.6207616066771,0.265124908886091,0.24720187923172587,0.09045126234179313,0.4157444834669671,0.26632034632034635,0.920303605313093,
03524,一戸町,3,11494.0,5.121192115439026,2.046590587569556,3.0746015278694707,-1.0280109402999151,4.932066011464252,0.9984339655472421,2.624547803617571,0.5458515283842795,0.34618061597355143,3.959067270592183,0.2349921698277362,0.2901310043668123,0.08587088915956151,0.42465634243953365,0.31674408316744085,,
04101,青葉区,4,311590.0,12.019720724308055,6.112614649488084,5.9071060748199695,0.20550857466811548,8.069180949755664,1.3080265733816874,,0.8374450264814775,0.7924195256587182,4.32615657622936,,0.1625694640670623,0.1081613658974935,0.22455470329599794,0.5326525474206483,0.46588705768298594,0.9098719471099843
04102,宮城野区,4,196732.0,13.4370617624946,6.615620051082163,6.8214417114124375,-0.20582166033027444,8.190479963157214,1.097787853526625,,0.8046640647679257,0.6040959274546083,4.02637471494464,,0.1346321323742864,0.12207978366508752,0.20725148933574608,0.4695313888917938,0.3827761101335265,0.9495557408047496
04103,若林区,4,141475.0,12.391711839505547,6.227700057174701,6.164011782330847,0.06368827484385517,7.972967997397654,0.9934970842905106,,0.7917209908735332,0.4907086057607351,3.9571979452737027,,0.15506104065426096,0.11942039229545856,0.21747305177593215,0.4620892207431653,0.41665470208183775,0.9633786888142781
04104,太白区,4,234758.0,10.009799326828853,5.177453027139875,4.832346299688978,0.3451067274508968,8.085624668284876,0.8322698268003647,,0.8030663915978995,0.25372937237495635,4.367321316473858,,0.14097899474868714,0.12499680522069535,0.24986155956346537,0.38411820781696854,0.5545032497678737,0.9288714335613696
04105,泉区,4,212149.0,8.785803838364355,4.317195486546437,4.4686083518179185,-0.1514128652714823,7.965448476278635,0.908403999076121,,0.790577589050132,0.3498484555666065,4.051581768376499,,0.14475799802110823,0.1164606008041518,0.26894776784241264,0.3519926755708746,0.6282078249894826,0.847498691957068
04202,石巻市,4,140151.0,4.889502970999721,2.1276435102342823,2.761859460765438,-0.6342159505311559,6.352815784103457,1.0217622421531063,3.156408192469368,0.6203886920374887,0.4144173070473989,4.917961058849267,0.19864289230900956,0.21336646572484774,0.10402351749184807,0.33183494944738173,0.3253567391918621,0.6736651583710407,0.5695999315024509
04203,塩竈市,4,52203.0,6.25024165796698,3.24208328500174,3.00815837296524,0.23392491203650004,8.158853063779016,0.9115951190544604,3.036824247907713,0.7280630379855253,0.3497308583797866,5.388760585065435,0.19018064095933185,0.17703738597918717,0.10357642281094956,0.33871616573760127,0.2856129733818732,0.7278813964610235,0.8952359059824148
04205,気仙沼市,4,61147.0,4.516873889875666,1.8312611012433395,2.685612788632327,-0.8543516873889876,6.487576741788473,1.012101983744092,3.0704268160305674,0.6404756110280568,0.39373967651724534,4.0401681457262955,0.21013295828086415,0.230052498000904,0.08875333213403765,0.3832894500139009,0.3196234908942091,0.7423917702528933,0.09468984578147742
04206,白石市,4,32758.0,5.139193300402368,2.129608426837646,3.0095848735647226,-0.8799764467270765,5.871533370257788,1.0007631723548447,2.871071101617333,0.5845021699477955,0.40252762683924537,4.2171215133441775,0.20028695280542158,0.2016479023837977,0.10083033152207095,0.3555772635692045,0.27461513790891595,0.7442622950819672,0.36644483790219184
04207,名取市,4,78718.0,8.296571084820533,4.313715660717866,3.9828554241026666,0.33086023661519953,6.980978301376655,0.9544957951167459,3.532303409121926,0.7318538938662991,0.3990192840265251,4.348170024259044,0.1580959882110826,0.14982770503101306,0.15081683985873626,0.2271145100231205,0.25015164790725886,0.6760847628657921,0.7009959602632181
04208,角田市,4,27976.0,5.742566776228796,2.8146133212437188,2.9279534549850768,-0.11334013374135782,5.725170573189391,1.042107520732056,2.9868527690229625,0.5297810328077124,0.443701744352302,4.223033426383222,0.22015298827566485,0.21059711531275693,0.1040177294824135,0.35798541607091794,0.2548044093259194,0.7838364167478091,0.2067486416928796
04209,多賀城市,4,62827.0,11.201077432335952,5.502369053027845,5.698708379308107,-0.1963393262802622,8.0942721269106,0.9133334394448247,3.300048828125,0.7613696410328672,0.30913460773234436,4.127123509743659,0.16104541041272064,0.14334026138725475,0.13029430022124247,0.24655005013767967,0.3395796115397773,0.5813867259918428,0.9523134957900266
04211,岩沼市,4,44068.0,8.510095741474837,4.1472517792150585,4.362843962259777,-0.215592183044718,6.824373670043086,1.0130480167014613,3.257459243309751,0.6801286810195496,0.4694789870200599,3.927535542770196,0.16996460016338386,0.15971294234100475,0.13252246528092948,0.2667468457837887,0.28711606572606396,0.639608520437536,0.7472769356449124
04212,登米市,4,76037.0,3.971134192633379,1.6894005756476034,2.281733616985776,-0.5923330413381721,5.50903791077151,0.9515893578126439,2.834070020346594,0.5428108608454181,0.3735023738443126,3.777926222816003,0.22508778620934544,0.275377969762419,0.10957823165038073,0.3545116193432145,0.23184444791503983,0.7942451714623571,0.13109407262253903
04213,栗原市,4,64637.0,3.8451369840378073,1.6143957169767673,2.2307412670610396,-0.6163455500842725,5.1600168207833805,0.9812027167102434,3.0730383074072476,0.5537659435806722,0.3938611012268515,3.376413085849651,0.21968841375682657,0.2820656053129752,0.09687949626374986,0.40540247845661154,0.24672334396032589,0.8387829246139873,
04214,東松島市,4,39098.0,6.146534653465347,2.8937293729372935,3.252805280528053,-0.3590759075907591,6.273416821768506,0.8480740702849251,3.0420329330196854,0.6788276514098215,0.26855593636503144,6.217076096594169,0.19967773287636195,0.17885545853956952,0.12327996316947158,0.2963578699677733,0.2525462481812513,0.7283774124374554,0.5178781523351578
04215,大崎市,4,127330.0,5.550866554676937,2.55418527471627,2.9966812799606672,-0.44249600524439714,5.825932804218515,0.9736040210476714,3.0890716062214634,0.6142155937323013,0.4063221550302364,4.600099055966622,0.2024974475771617,0.20071109433012402,0.11800047121652399,0.30423309510720176,0.29871860584315735,0.6846153846153846,0.368609125893348
04216,富谷市,4,51651.0,6.865324487150157,3.53275375581484,3.332570731335316,0.20018302447952413,7.501308670219173,0.7914657993068867,3.821994928875328,0.7377373417721519,0.2689976960755842,3.1009237609720572,0.14398559563222396,0.12939082278481018,0.16439178331494067,0.21575574529050745,0.18164997823247714,0.8073639274279616,0.7109446090104742
04301,蔵王町,4,11418.0,5.423231953096373,2.674972517405643,2.7482594356907293,-0.07328691828508611,5.128598981907407,0.9741636013312314,2.934587813620072,0.5523792923130556,0.44298476090383604,3.854533266297972,0.22858644245927484,0.2816803207251176,0.1023822035382729,0.38246628131021193,0.23356357124584293,,
04302,七ヶ宿町,4,1262.0,7.502061005770816,4.781533388293488,2.720527617477329,2.061005770816158,3.6987537181296735,1.0824088748019018,2.720357941834452,0.5758564437194127,0.4326465927099842,2.388535031847134,0.23851030110935023,0.2446982055464927,0.07131537242472266,0.4619651347068146,0.3646833013435701,,
04321,大河原町,4,23571.0,8.065416148001889,3.9404215134995924,4.124994634502296,-0.1845731210027042,7.186329294692068,0.9375079546900853,3.1385079539221064,0.6506514657980456,0.39811632938780706,5.043388607268666,0.17190615586950067,0.13771263119797317,0.1285053667642442,0.2766110898986042,0.31997896950578336,0.6619289340101523,0.7255101607908022
04322,村田町,4,10666.0,5.643846780766096,2.3533007334963325,3.2905460472697636,-0.9372453137734311,5.667146992472154,0.9633414588411776,2.883901705115346,0.5819640810087887,0.4071816988561785,5.744642535566361,0.21123195199699982,0.20596102407336647,0.10125632852053253,0.3547721732608288,0.2430924548352816,,
04323,柴田町,4,38271.0,8.18859926784289,3.853458478984889,4.335140788858,-0.4816823098731111,6.992538635389423,0.890282459303389,3.0496952943393856,0.6449958643507031,0.32397899192600144,5.894867936277308,0.1869300514750072,0.1270471464019851,0.1141334169475582,0.2882600402393457,0.3234004127966976,0.6378002528445006,0.6183010634684226
04324,川崎町,4,8345.0,5.26581002771479,2.305366591080877,2.9604434366339127,-0.655076845553036,4.8780630191570555,0.9165967645296584,2.735479797979798,0.5725017072615525,0.372079089275015,5.077787381158168,0.22180946674655483,0.2253585249260187,0.08759736369083283,0.3846614739364889,0.23056118999323869,,
04341,丸森町,4,12262.0,3.958171290294702,1.5469708754645235,2.411200414830179,-0.8642295393656555,5.013411939408164,0.9330451802316099,2.8160999306037473,0.4630275549354726,0.3039471538085141,3.9852645679839247,0.24082531397814386,0.27066620160446464,0.08652748328168325,0.4316587832327516,0.23761031907671418,,
04361,亘理町,4,33087.0,5.614623000761615,2.811881188118812,2.8027418126428025,0.00913937547600914,6.279277595989231,0.8218937951461299,2.9611427777005424,0.6028648276724838,0.29244114002478316,5.065320665083135,0.21017317979871247,0.17964596234440477,0.11454649862483755,0.3139903889745217,0.22201216505013974,0.8119451170298628,0.1591863874029075
04362,山元町,4,12046.0,5.303229194014177,2.7916338496543274,2.5115953443598493,0.280038505294478,5.597185798239639,0.947202390835132,3.004899777282851,0.5554149340083168,0.33405279760916484,5.662630052873956,0.23061597210692347,0.23033809437714703,0.0891582267972771,0.41034368255022413,0.26494595190822856,,
04401,松島町,4,13323.0,5.12999611951882,2.5455956538610787,2.5844004656577413,-0.038804811796662786,6.2437766743275125,0.8931922239735796,2.9179672630376854,0.7384341637010676,0.30090820385798994,6.26231993934799,0.2061097350446596,0.19993529602070526,0.09164602566989417,0.3914283569766569,0.24445332800319808,,0.494783457179314
04404,七ヶ浜町,4,18132.0,5.725517005640062,2.5864524582692416,3.13906454737082,-0.5526120891015781,7.385065483410311,0.671078755790867,3.188282881002088,0.710385687732342,0.1458746966688727,6.647868994686043,0.20902272225898963,0.16449814126394047,0.10743437017427752,0.3112728877123318,0.1882553455221568,0.8416289592760181,0.4029891903816457
04406,利府町,4,35182.0,7.531439087639071,3.937205476396286,3.594233611242785,0.3429718651535008,7.312140872198955,0.8694502870786197,3.4598669352377462,0.746994342291372,0.37368540731055655,4.027149321266968,0.1697458927860838,0.13743517208863743,0.14339719174577908,0.24583593883235746,0.17691202299217626,0.7762951334379906,0.33315331703712125
04421,大和町,4,28786.0,10.046301281361043,5.053659236926169,4.992642044434873,0.06101719249129607,6.087122178359463,1.1761967623150142,3.2232486528098536,0.6039972432804962,0.6372542208017786,4.274970312706162,0.1520878204682832,0.149276361130255,0.14295143472521366,0.22587368859862433,0.3639234953500614,0.6155913978494624,0.7262210796915167
04422,大郷町,4,7813.0,5.949197860962567,2.446524064171123,3.5026737967914436,-1.0561497326203209,5.147151517583849,1.0234225009599385,2.8256302521008405,0.5944223107569722,0.4797132983489057,5.898525368657836,0.20785869704338922,0.2350597609561753,0.11045693075643159,0.38615128631767565,0.19814366424535915,,
04424,大衡村,4,5849.0,6.734067521213214,3.6288138653186497,3.105253655894566,0.5235602094240838,5.205169955307055,1.8293725423149256,2.935483870967742,0.5279503105590062,1.4540947170456489,3.46435709526982,0.17011454949564028,0.21670117322291238,0.1489143443323645,0.29218669858095403,0.22133333333333333,,
04444,色麻町,4,6698.0,5.587416024905784,2.064558413894806,3.522857611010978,-1.4582991971161725,4.966676986760866,0.9271424305762914,2.7897029702970295,0.46938775510204084,0.3330845028366677,2.8634361233480177,0.19991042102120035,0.2772108843537415,0.11690056733353239,0.34980591221260077,0.1653061224489796,,
04445,加美町,4,21943.0,4.849785407725322,2.1030042918454934,2.7467811158798283,-0.6437768240343348,5.114841969311495,0.9349678713029212,2.9181217555450685,0.509109226765175,0.4135259536070729,3.2805521721477873,0.21346215193911497,0.2524557132062799,0.10604748667000866,0.3708244086952559,0.2329969859782466,0.8161375661375662,
04501,涌谷町,4,15388.0,4.69506632044354,1.824689451891361,2.870376868552179,-1.0456874166608183,5.5550308733473495,0.917923056927476,2.697384588379849,0.5438914027149321,0.34494411229529504,4.5297457417921505,0.2305692747595529,0.2473173884938591,0.09559396932674812,0.37665713543020535,0.23499079189686925,0.85,
04505,美里町,4,23994.0,6.001927626390958,2.9352492771401035,3.0666783492508545,-0.13142907211075092,5.770072967209236,0.8650495957322664,2.9612876513818445,0.6068601583113457,0.30120030007501875,3.8228552717747215,0.2113028257064266,0.22623201974636142,0.10952738184546136,0.35621405351337837,0.2276136896390061,0.8351126927639383,
04581,女川町,4,6430.0,7.005163511187608,3.080895008605852,3.9242685025817554,-0.8433734939759037,6.379050017386685,1.264696734059098,3.648308759757155,0.542942942942943,0.6027993779160187,3.7850332273909277,0.22021772939346812,0.21321321321321318,0.08102643856920684,0.36283048211508556,0.48229665071770333,,
04606,南三陸町,4,12225.0,4.165941902939642,1.635066968168377,2.5308749347712647,-0.8958079666028875,5.761879618391419,0.9938650306748467,2.9825389334591788,0.47209604153147305,0.35370143149284256,4.181563811596456,0.2723926380368098,0.3155418559377028,0.09194274028629856,0.3850306748466258,0.2555581558623918,,
05201,秋田市,5,307672.0,5.177221180067341,2.4808582060334525,2.6963629740338884,-0.21550476800043578,6.9602412577421005,1.0373059621935048,3.357275343291785,0.7961719204129227,0.4579292233287397,4.02228929025146,0.1668692633713825,0.16241674662259165,0.10663628799500767,0.31185483241893963,0.362837946631146,0.6772935263671143,0.7982884370368444
05202,能代市,5,49968.0,4.552670010794336,2.0996042076745614,2.4530658031197747,-0.35346159544521344,5.638310041767291,1.04672990714057,2.9860132560931056,0.6903867982188073,0.4526496958053154,5.2100144837575,0.19266330451488953,0.22173229721470356,0.08467419148254883,0.4155659622158181,0.3252040235338774,0.7477876106194691,0.34560118475824525
05203,横手市,5,85555.0,3.8117285861074315,1.689837453730641,2.1218911323767906,-0.4320536786461493,5.596688904886658,1.0228507977324528,2.8859938914168173,0.594514758344884,0.42747939921687805,3.7065400520753564,0.19561685465490036,0.25994682905769273,0.09972532289170709,0.39040383379112853,0.24347854125689228,0.8211920529801324,0.13096838291157734
05204,大館市,5,69237.0,4.276858242228059,1.9055762535882246,2.3712819886398337,-0.46570573505160934,5.896216080825569,1.0156996981382787,2.9031369603319384,0.63959884516031,0.42533616418966735,4.162055105726102,0.17841616476739316,0.1777237501899407,0.09357713361353034,0.38993601686959284,0.3100611609857291,0.7834323922734027,0.3475453875817843
05206,男鹿市,5,25154.0,3.7979019481909653,1.6741597088417899,2.123742239349176,-0.44958253050738595,5.376341228778426,0.9478810527152739,2.761656804733728,0.6412836551536579,0.3224934404070923,5.077015747353928,0.22477538363679733,0.2654337775360348,0.06849805199968195,0.46946807664784923,0.2966401837848186,0.8853754940711462,
05207,湯沢市,5,42091.0,3.697700334312633,1.496808833958059,2.200891500354574,-0.7040826663965151,5.580258582322081,1.004300206695018,2.7400519896020796,0.5629207664422579,0.4172863557530113,4.337056386236714,0.21059133781568506,0.26420601666588206,0.08583782756408734,0.40212872110427406,0.25249679897567223,0.8872852233676976,0.22905134114181178
05209,鹿角市,5,29088.0,4.252096494144594,1.8212715652591527,2.430824928885441,-0.6095533636262884,5.277361367668326,0.9686468646864687,2.8461820851688695,0.6066383689374435,0.40415291529152914,3.988508818813469,0.18189631463146314,0.22079187252104937,0.09890676567656766,0.4071438393839384,0.28723015001829494,0.8687910028116214,
05210,由利本荘市,5,74707.0,3.7708247525174343,1.7128492096180885,2.0579755428993454,-0.34512633328125664,5.526318292627493,0.9908576170907679,2.9656288322659763,0.5744068248467076,0.42133936578901576,3.4093835298964827,0.1885499350797114,0.2214076246334311,0.09995047318189727,0.37189286144538,0.2974761955329015,0.7575434859779908,0.2157093712771226
05211,潟上市,5,31720.0,4.739215247353778,2.391992580985578,2.3472226663682005,0.04476991461737712,6.162849905811398,0.8330706179066835,2.856090296284684,0.6748734783203392,0.25756620428751575,4.736464916281191,0.18351197982345524,0.17754069210778278,0.10315258511979823,0.35365699873896594,0.2536326530612245,0.8364372469635628,
05212,大仙市,5,77657.0,3.901401197929371,1.795538932704556,2.105862265224815,-0.3103233325202591,5.35048058497889,0.9884620832635822,2.906714890132387,0.6123445487144275,0.4162792793952895,4.071724810929496,0.18855994952161428,0.24582284275577937,0.09800790656347785,0.3846530254838585,0.25259062776304153,0.802927525883613,0.2162715531117607
05213,北秋田市,5,30198.0,3.768772005460947,1.641876841273263,2.126895164187684,-0.48501832291442126,5.042326310271454,0.989800649049606,2.7640700708162504,0.6211413197394505,0.3776409033710842,4.321907600596125,0.18610504006887874,0.21212121212121215,0.0807007086562024,0.4449963573746606,0.300162019271766,0.8540076335877863,
05214,にかほ市,5,23435.0,4.276330690826727,2.1109852774631936,2.1653454133635335,-0.05436013590033975,5.6272482367702565,0.9732024749306593,3.1140982901387244,0.49709780819544314,0.42218903349690634,3.695978641748707,0.20917431192660552,0.22706402148488258,0.0957542137828035,0.39001493492639216,0.24613955648438407,0.9090909090909091,
05215,仙北市,5,24610.0,3.6659521413885123,1.4698805722035084,2.196071569185004,-0.7261909969814953,5.081189434812579,0.9871596911824462,2.7318501170960188,0.6059271125350421,0.39268590004063386,3.8876058506543494,0.1930516050386022,0.2621545855026032,0.08675335229581471,0.42799674928890696,0.27603036876355747,0.860381861575179,
05303,小坂町,5,4780.0,5.338158787604614,2.3071703234562317,3.0309884641483826,-0.7238181406921511,5.510537532265262,1.1098326359832635,3.0458452722063036,0.6065276518585675,0.5619246861924686,3.160667251975417,0.18640167364016735,0.16500453309156848,0.07405857740585774,0.448744769874477,0.34647609659931,,
05327,上小阿仁村,5,2063.0,5.2434456928838955,2.4077046548956664,2.8357410379882286,-0.4280363830925628,4.679613797444597,0.9282598158022297,2.5544871794871793,0.610730593607306,0.2767813863305865,4.471101417666303,0.22733882695104218,0.21461187214611877,0.05671352399418323,0.536597188560349,0.31636363636363635,,
05346,藤里町,5,2896.0,3.204661325564458,1.3838310269482883,1.820830298616169,-0.43699927166788055,4.325896988016404,0.8560082872928176,2.494279176201373,0.6130909090909091,0.2244475138121547,2.689313517338995,0.2268646408839779,0.21745454545454546,0.06906077348066299,0.487914364640884,0.2757385854968666,,
05348,三種町,5,15254.0,3.577981651376147,1.4678899082568808,2.1100917431192663,-0.6422018348623854,4.900529923547742,0.8795725711288842,2.7049887471867966,0.5543721236028928,0.28287662252523926,4.2191435768261965,0.21233774747607184,0.29953977646285335,0.07650452340369739,0.4546348498754425,0.25249693359032765,0.855595667870036,
05349,八峰町,5,6577.0,3.056194544857049,1.0515938218862966,2.0046007229707525,-0.9530069010844562,5.023181358292907,0.8704576554660179,2.7695202257761053,0.5434250764525994,0.2823475748821651,3.766921718658034,0.2273072829557549,0.28226299694189605,0.06720389235213624,0.46160863615630227,0.2783109404990403,,
05361,五城目町,5,8538.0,4.08241617609419,1.5613002303557717,2.5211159457384182,-0.9598157153826465,5.368917793892082,0.9349964862965565,2.7591439688715953,0.6327655310621243,0.320449754040759,6.048481995763709,0.19899273834621692,0.23772545090180364,0.06980557507613024,0.4729444834855938,0.27697841726618705,,
05363,八郎潟町,5,5583.0,4.3083462132921175,2.125193199381762,2.1831530139103554,-0.05795981452859351,5.992002037042986,0.8565287479849544,2.8115239633817986,0.673141576391483,0.2833602006089916,4.834696054034839,0.2032957191474118,0.23384385506163619,0.07576571735626007,0.4436682787032062,0.25585754451733833,,
05366,井川町,5,4566.0,4.450324753427952,1.5155159971133028,2.93480875631465,-1.4192927592013471,5.3408198495359605,0.9110819097678493,2.7934560327198366,0.6198910081743869,0.3742882172579939,3.716659379099257,0.17236092860271574,0.20572207084468663,0.07271134472185721,0.43298291721419185,0.19960604070912671,,
05368,大潟村,5,3011.0,9.915110356536502,4.889643463497453,5.025466893039049,-0.13582342954159593,2.9370436093209427,1.1896379940219197,3.6534839924670433,0.23397761953204477,0.43141813351046165,0.6066734074823054,0.5024908668216539,0.7314343845371312,0.11624045167718366,0.3168382597143806,0.17964071856287425,,
05434,美郷町,5,18613.0,3.77207062600321,1.6911258885576703,2.08094473744554,-0.3898188488878697,5.263420590435137,0.8603664105732552,2.711253626507864,0.5320877335499594,0.33331542470316444,3.109012199921291,0.19975286090366948,0.27233956133225024,0.09509482619674421,0.39579863536238113,0.17954735959765297,0.9497816593886463,
05463,羽後町,5,13825.0,3.3062289045719546,1.296409941699908,2.0098189628720466,-0.7134090211721387,5.28673908467476,0.8836889692585895,2.6881305001073192,0.50261569416499,0.3087884267631103,4.226618705035971,0.21367088607594936,0.2812877263581489,0.09301989150090416,0.39327305605786617,0.19384681583476765,,
05464,東成瀬村,5,2704.0,7.112253641816624,3.4275921165381322,3.6846615252784916,-0.2570694087403599,4.438002316264781,0.9145710059171598,2.5903225806451613,0.4262922782386726,0.3302514792899408,2.184769038701623,0.16715976331360946,0.16592214422463303,0.07618343195266272,0.3727810650887574,0.20759493670886076,,
06201,山形市,6,247590.0,5.873460815365593,2.8399756101692044,3.033485205196389,-0.19350959502718448,7.269364105730661,1.0643321620420858,3.497553180864876,0.7456553942523384,0.4902984773213781,3.486842642745684,0.15904923462175372,0.19439624158801372,0.11761379700310998,0.2921806211882548,0.3480671100185111,0.6246564585787201,0.7447069752413263
06202,米沢市,6,81252.0,5.956129654691876,2.6022055769205,3.353924077771376,-0.7517185008508757,6.414886401908441,1.0655122335450204,3.051308560288297,0.5989235474006116,0.5050214148574804,3.510221424861905,0.15641461133264412,0.20144342507645263,0.10930192487569537,0.31087234775759365,0.3717626389604095,0.6516189290161893,0.5350022153300842
06203,鶴岡市,6,122347.0,4.189975242223574,1.8829616811301197,2.307013561093454,-0.42405187996333454,5.721503361396508,1.0072416977939793,2.9850778044437565,0.6017341688971519,0.43931604371173794,3.1555583149660076,0.18872551022910247,0.23254211209590825,0.10985966145471487,0.35148389416986114,0.29234726405346584,0.8100597152044098,0.46783329382820993
06204,酒田市,6,100273.0,4.574975512116179,2.0505940973553085,2.5243814147608705,-0.47378731740556196,6.0265487435343905,1.0336880316735313,3.038359096313912,0.6511553911625502,0.4803486481904401,3.681428133619369,0.18930320225783612,0.21713797080698405,0.10276943943035513,0.3599273982029061,0.3030079209433818,0.7773722627737226,0.5851325880346654
06205,新庄市,6,34432.0,6.3407700389345525,2.9664421234781533,3.3743279154563997,-0.4078857919782461,5.897824399084163,1.106064126394052,3.008490036486107,0.6088919763806877,0.48907992565055763,4.033333333333333,0.18697723048327136,0.2390297557022114,0.1121921468401487,0.3302160780669145,0.2966671882334533,0.6905511811023622,0.5151312732342007
06206,寒河江市,6,40189.0,5.091711697998325,2.4228124920719485,2.668899205926377,-0.24608671385442832,6.356717964089374,0.9787504043394959,2.993110069464054,0.5679047483515962,0.46141979148523227,3.4399047270062293,0.17410236631914205,0.21915468905649638,0.12540744979969642,0.3199631740028366,0.2123724957804359,0.8041606886657102,0.5503495981487472
06207,上山市,6,29110.0,4.781757540603248,2.1751740139211138,2.6065835266821344,-0.43140951276102085,5.916248095958262,0.9501202335967022,2.8134674922600618,0.6417393712782163,0.38777052559257985,4.046242774566474,0.20480934386808658,0.2530120481927711,0.09316386121607695,0.3911370663002405,0.23646398325245027,0.8529980657640233,0.536276193747853
06208,村山市,6,22516.0,4.605850039907978,2.0188741255458003,2.5869759143621764,-0.5681017888163764,5.5354821903135045,0.9323147983656067,2.9366109024695572,0.4905676483141272,0.36396340380174097,3.596115865701119,0.21011724995558714,0.2833119931711481,0.09739740628886126,0.3954077100728371,0.19881109643328929,0.8825136612021858,0.30902469355125245
06209,長井市,6,26543.0,5.159705159705159,2.3423423423423424,2.8173628173628176,-0.475020475020475,5.815682049390097,1.0211355159552424,2.934429190751445,0.5344461527198184,0.4457295708849791,2.5053533190578157,0.1594017255020156,0.24972545574346583,0.10914365369400596,0.3559883961873187,0.2707715133531157,0.7680851063829788,0.39701616245337756
06210,天童市,6,62140.0,6.0427878546275995,3.0247159657165636,3.018071888911036,0.0066440768055278715,6.715001257874534,0.9660605085291277,3.0977244274247,0.5994783452626471,0.45230125523012554,3.9641161564675382,0.17560347602188606,0.2155768530874681,0.1297071129707113,0.30191503057611846,0.25197409280454264,0.7020991514068781,0.6380753138075314
06211,東根市,6,47682.0,7.629484999265185,3.8735277445361214,3.7559572547290627,0.11757048980705843,6.459096928494713,1.0298016022817835,3.1381888673497644,0.558259204595317,0.43261608154020387,3.088758311427246,0.1776980831340967,0.22609597510869994,0.13732645442724717,0.2818883436097479,0.24615663963200582,0.7214823393167342,0.3418480768424143
06212,尾花沢市,6,14971.0,4.0062088846182276,1.2565599822603297,2.749648902357898,-1.493088920097568,4.8829488841561846,0.9824994990314608,2.955505702000374,0.48125236712536296,0.3917573976354285,2.845578314730774,0.21695277536570703,0.34402221941674027,0.09745507982098724,0.41627145815242805,0.19380004105933074,0.8982300884955752,
06213,南陽市,6,30420.0,4.692122463020295,2.215342277261782,2.476780185758514,-0.261437908496732,6.158518631771148,0.9290927021696253,2.98559686888454,0.5809040185568303,0.41574621959237346,3.192328700612976,0.1821499013806706,0.24418531753495076,0.11558185404339251,0.3398750821827745,0.23582089552238805,0.786527514231499,0.20736357659434582
06301,山辺町,6,13725.0,4.946043165467626,2.1957434052757794,2.7502997601918464,-0.5545563549160671,6.134145134386093,0.741712204007286,2.862755278643129,0.6238439306358381,0.1921311475409836,3.6748329621380846,0.1785063752276867,0.20679190751445087,0.11846994535519126,0.34353369763205827,0.15492957746478872,,0.5271402550091074
06302,中山町,6,10746.0,3.8546150167384026,1.8747010999521758,1.9799139167862265,-0.10521281683405069,6.2311218908466754,0.7336683417085427,2.8802660753880267,0.5935180155712475,0.2098455239158757,3.8976857490864796,0.19123394751535455,0.21962701430382037,0.10534152242694957,0.35687697747999253,0.1478211335801766,,
06321,河北町,6,17641.0,4.705812362424892,2.3915759414599322,2.314236420964959,0.07733952049497293,6.134622078484279,0.9119664418116887,2.9208830385300972,0.5269512721000431,0.36857321013547983,2.869109947643979,0.18848137860665495,0.2695127210004312,0.1081571339493226,0.37633920979536306,0.20071017923571188,0.8953900709219859,0.35071707953063885
06322,西川町,6,4956.0,4.431216931216931,2.006172839506173,2.4250440917107583,-0.41887125220458554,4.21283911002313,0.8541162227602905,2.7608085345311624,0.5793714746172441,0.2899515738498789,2.857142857142857,0.1967312348668281,0.26792908944399674,0.08575464083938661,0.45641646489104115,0.1895424836601307,,
06323,朝日町,6,6366.0,3.9778623313732275,1.4527845036319613,2.525077827741266,-1.0722933241093047,4.738208006260593,0.8826578699340245,2.761770244821092,0.4544925850537947,0.26170279610430414,2.6606283611661476,0.25227772541627397,0.37220122128525734,0.088124410933082,0.44423499842915487,0.2,,
06324,大江町,6,7646.0,4.8286604361370715,1.8408382894364201,2.987822146700651,-1.1469838572642312,5.572231199685573,0.9160345278577033,2.7988247493950915,0.5161050545094152,0.32461417734763276,2.8873917228103942,0.2134449385299503,0.29137760158572845,0.09952916557677217,0.3969395762490191,0.20086990905496244,,
06341,大石田町,6,6577.0,4.164576016056197,1.7394213079110221,2.4251547081451745,-0.6857334002341529,5.157967249117673,0.8367036642846283,2.8430257979886315,0.4806201550387597,0.30180933556332673,3.731343283582089,0.2180325376311388,0.30950330175136376,0.09168313820890983,0.4001824540063859,0.19038461538461537,,
06361,金山町,6,5071.0,3.815817522916223,1.4069494777232998,2.4088680451929227,-1.0019185674696227,4.93809911181549,0.83336619996056,2.71609006040637,0.46831755280407866,0.31295602445277065,3.2076136764187524,,0.2549162418062637,0.10786827055807532,0.3703411555906133,0.1727214786488209,,
06362,最上町,6,8080.0,4.022832291383528,1.535743408534928,2.4870888828486004,-0.9513454743136721,4.825841548156912,0.8966584158415841,2.938423645320197,0.47975661128013103,0.31225247524752475,2.753755120619026,0.22487623762376238,0.3107886730634215,0.10371287128712871,0.4034653465346535,0.18354675979821497,,
06363,舟形町,6,5007.0,4.504504504504505,2.338052338052338,2.1664521664521668,0.1716001716001716,4.97156438245625,0.8721789494707409,2.7928531546622,0.5253682487725041,0.29358897543439183,3.5136202131859453,0.2055122828040743,0.2675941080196399,0.09646494907130018,0.4200119832234871,0.17598475222363405,,
06364,真室川町,6,7203.0,3.99629686776732,1.7435580928869001,2.2527387748804197,-0.5091806819935195,4.938925029632804,0.8689434957656532,2.717670682730924,0.5046220772158782,0.283909482160211,3.031900870023728,,0.25666122892876564,0.09565458836595862,0.417326114119117,0.19826839826839826,,
06365,大蔵村,6,3028.0,3.3333333333333335,1.0869565217391304,2.246376811594203,-1.1594202898550725,4.5347252648763305,0.8295904887714664,2.7524314765694076,0.49515738498789347,0.2559445178335535,2.7090694935217905,0.20772787318361954,0.33353510895883776,0.1106340819022457,0.39233817701453105,0.1832627118644068,,
06366,鮭川村,6,3902.0,3.8535118884941237,1.2298442197321673,2.623667668761957,-1.3938234490297896,4.536348181652346,0.8862121988723731,2.8710852148579753,0.4325688073394495,0.3157355202460277,2.154398563734291,,0.34311926605504584,0.097385955920041,0.40492055356227574,0.16624685138539042,,
06367,戸沢村,6,4199.0,3.896103896103896,1.194805194805195,2.7012987012987013,-1.5064935064935066,4.512222664296558,0.8328173374613003,2.850644942294637,0.46663598711458815,0.2745891879018814,3.934571175950486,,0.27335480901978826,0.08740176232436295,0.40581090735889497,0.21037037037037037,,
06381,高畠町,6,22463.0,4.318032479113865,1.8820989392659346,2.4359335398479303,-0.5538346005819957,5.680375184847347,0.8742821528736144,2.886488869296892,0.502395110670631,0.360904598673374,3.66008911521324,0.1907581356007657,0.25966303270564917,0.1205983172327828,0.33820059653652673,0.19561666212904982,0.8814713896457765,
06382,川西町,6,14558.0,3.9223010833022043,1.6884572282405679,2.233843855061636,-0.5453866268210683,5.126214070438718,0.9618766314054128,2.8586696148885204,0.5089203118805339,0.32161011127902184,3.6050955414012735,0.20408023080093418,0.2891502576978988,0.10283005907404863,0.39030086550350324,0.17952187640956246,,
06401,小国町,6,7107.0,6.241395135383203,2.631176380602723,3.61021875478048,-0.9790423741777574,4.504209372833181,1.0113972140143521,3.0833046471600687,0.47914893617021276,0.4554664415365133,2.9994496422674737,0.1709582102152807,0.18553191489361698,0.09680596594906431,0.40551568875756294,0.30950679056468905,,
06402,白鷹町,6,12890.0,3.5018818523973163,1.4400261822942235,2.0618556701030926,-0.6218294878088693,5.420805012448707,0.8885182311869666,2.778992581023038,0.5225428313796213,0.3600465477114042,2.434017595307918,0.18836307214895268,0.2419597234746017,0.10721489526764934,0.38712179984484096,0.21322351864561886,,
06403,飯豊町,6,6613.0,4.094792842173142,1.4186683862647107,2.676124455908431,-1.257456069643721,4.803189695254093,0.9473763798578557,2.855908912446015,0.48642659279778394,0.39301376077423256,2.5114771806643263,0.1956751852411916,0.25650969529085876,0.1141690609405716,0.38636019960683504,0.19508738781294285,,
06426,三川町,6,7601.0,5.450135540019974,2.8106719931516624,2.6394635468683125,0.17120844628334997,5.4328829923808915,1.1252466780686752,2.958779617007465,0.5502306509482316,0.5903170635442705,2.5474525474525476,0.17813445599263256,0.2516658124038954,0.13077226680699908,0.3504801999736877,0.19663648124191463,,
06428,庄内町,6,20151.0,4.648976180526536,2.1050982030923526,2.543877977434183,-0.4387797743418303,5.204637127437915,0.8367326683539279,2.782261962300628,0.5728372093023256,0.3153689643193886,2.8468142792589246,0.20018857624931766,0.23934883720930233,0.10724033546722248,0.3760607414024118,0.19861362266425558,0.892018779342723,
06461,遊佐町,6,13032.0,3.6522168298099857,1.5135312988401743,2.138685530969812,-0.6251542321296373,4.901690051037044,0.8380141190914672,2.704083685375176,0.5648038049940547,0.2803100061387354,3.12455003599712,0.22368017188459177,0.2733353151010701,0.09284837323511357,0.42257519950890116,0.20896536110482228,,
07201,福島市,7,282693.0,6.0256487765065065,2.8335323368045584,3.192116439701948,-0.3585841028973898,6.938222545950797,1.0283735359559663,3.399082939115553,0.7010042756289152,0.4463923761819359,3.7763483278379653,0.1667922445904214,0.18262824974568037,0.11014068264866834,0.2982175009639432,0.3671365747400436,0.6261790501406587,0.6545050637971227
07202,会津若松市,7,117376.0,6.033868333919759,2.7958968251820178,3.2379715087377416,-0.44207468355572394,6.688230590652558,1.0530772900763359,3.227581424754757,0.6653690215636324,0.4920682251908397,3.6439066551426107,0.19045631134133043,0.22220228911772089,0.11685523446019629,0.30932217829880043,0.3543661510761928,0.6472065285624607,0.7188011177753544
07203,郡山市,7,327692.0,6.219573476553373,2.994241965477398,3.2253315110759746,-0.23108954559857633,6.889257452978721,1.037342992810322,3.4342699846152787,0.6929902803100857,0.4970154901553898,4.13575434449111,0.1761165972925796,0.19191468709419313,0.11955433760970667,0.2639032994397178,0.3689575961648214,0.5762638938687702,0.7490661963062876
07204,いわき市,7,332931.0,4.3068103479554445,1.9929346804278774,2.313875667527567,-0.3209409870996896,6.84987425378156,0.9834920749344459,3.340421186236678,0.6483990480826437,0.43146477798703037,5.040959400118127,0.16495309838975644,0.1720820487857645,0.11407468814859535,0.3073279448294091,0.3453861094177524,0.6644618592278381,0.4324980251163154
07205,白河市,7,59491.0,6.993080494000176,3.209249364982044,3.783831129018131,-0.5745817640360865,6.109794033162371,1.0116152022995075,3.5148328664082586,0.5465292617357138,0.4537493066178077,4.0066170388751035,0.1914743406565699,0.18890880264699805,0.11758081054277117,0.2949353683750483,0.32392110586648687,0.7095093356491533,0.3467919517237901
07207,須賀川市,7,74992.0,5.109849419896322,2.246358923722538,2.863490496173784,-0.6171315724512466,6.147029710951219,0.9457408790270962,3.1293825628296617,0.5719243591845657,0.38268081928739067,3.712669385607157,0.19356731384681033,0.23760725802044047,0.12717356518028589,0.2825368039257521,0.25287101657989,0.7642097543087643,0.44856784723703863
07208,喜多方市,7,44760.0,4.600289528711597,2.0956363887037845,2.5046531400078127,-0.4090167513040281,5.507924707630099,0.9463806970509383,2.8768687593093176,0.5573163573976252,0.3699061662198391,3.4102306920762286,0.21456657730116174,0.26949297936701433,0.10958445040214478,0.3681635388739946,0.2613011988011988,0.8157389635316699,0.24825737265415548
07209,相馬市,7,34865.0,5.877065187067977,2.5665664424537367,3.3104987446142404,-0.7439323021605034,5.940171252720432,0.9862326115015058,3.3963111017602916,0.5533068937361484,0.4129929728954539,3.34836527621195,0.19130933601032554,0.2378397293829465,0.12089488025240212,0.30953678474114443,0.33660437260985643,0.6959511077158136,0.21706582532625843
07210,二本松市,7,53557.0,4.803606179752968,2.128758092060844,2.6748480876921246,-0.54608999563128,5.639584770034255,0.9496611087252833,2.939146800501882,0.5502357369979167,0.41542655488544916,4.1646234676007,0.18916294788729765,0.22005774642739662,0.10754896652164983,0.3436712287842859,0.2531639030941681,0.794447410571276,0.17508448942248445
07211,田村市,7,35169.0,4.165908677460433,1.8889091019343884,2.2769995755260446,-0.38809047359165605,5.428244128859268,0.9187921180585175,2.8750566208666766,0.4815059445178336,0.37538741505302964,4.7748833796320564,0.20847905826153715,0.25335755173932184,0.1031021638374705,0.3585259745798857,0.24954657873042044,0.8445017182130584,
07212,南相馬市,7,59005.0,6.312977372969485,2.9906408003729337,3.32233657259655,-0.33169577222361674,5.767782203590175,1.013151427845098,3.205595368233532,0.6009855894870455,0.3854249639861029,4.845470692717584,0.2373527667146852,0.20775778391697153,0.08641640538937378,0.3524447080755868,0.39170671644755134,0.6785109983079526,0.3568172188797559
07213,伊達市,7,58240.0,4.8020429665874955,2.284050931299891,2.5179920352876044,-0.23394110398771364,6.082956476267351,0.8948145604395604,2.9145352464129757,0.5547752332485157,0.3276614010989011,4.611650485436893,0.20667925824175823,0.2458354537743851,0.10235233516483516,0.3607142857142857,0.22672409712689923,0.81982421875,0.18695054945054945
07214,本宮市,7,30236.0,6.34760366182014,3.3218901453957996,3.0257135164243403,0.2961766289714593,6.210680117269725,1.0240111125810292,3.040877219155602,0.580297958915797,0.5405146183357586,4.006804006804007,0.171815054901442,0.1885541773314957,0.12835692551924857,0.28373462098161134,0.24533484891541157,0.7475202885482417,
07301,桑折町,7,11459.0,6.182083827960916,3.2965026025020543,2.8855812254588624,0.4109213770431924,6.145411623147506,0.9456322541233965,2.8934372969460687,0.5774305555555556,0.45422811763679205,4.031989336887705,0.2028100183262065,0.2553819444444444,0.1047211798586264,0.37935247403787414,0.24252571155226021,,
07303,国見町,7,8639.0,4.74366893143916,2.421247683755405,2.322421247683755,0.09882643607164916,5.908319104495952,0.887949994212293,2.9080047789725207,0.5775275627492377,0.2911216575992592,5.37180910099889,0.23185553883551338,0.26859019469856904,0.08415325847899062,0.4215765713624262,0.21481243988457838,,
07308,川俣町,7,12170.0,4.591657903960742,2.059235892043463,2.53242201191728,-0.47318611987381703,5.78105580777143,0.9851273623664749,2.8201407211961302,0.498045486851457,0.428594905505341,3.1491997934950957,0.2132292522596549,0.2292110874200426,0.07723911257189811,0.41873459326212,0.289457136868581,,
07322,大玉村,7,8900.0,6.69161846433027,3.856186911647953,2.8354315526823184,1.0207553589656346,5.674114591421912,0.7940449438202247,2.919759539989545,0.5473118279569893,0.27606741573033705,3.125,0.17235955056179775,0.20279569892473115,0.14853932584269663,0.27584269662921346,0.1853012887495646,,
07342,鏡石町,7,12318.0,7.202978310132729,3.722887665911298,3.4800906442214306,0.24279702168986728,6.091983919873695,0.9432537749634681,3.060481612843009,0.5253320216428923,0.42571846078908915,4.254317111459969,0.19572982627049845,0.2221675684538449,0.1367105049521026,0.27934729663906477,0.2358188472095151,,
07344,天栄村,7,5194.0,7.774124927480178,3.480951460065752,4.293173467414427,-0.8122220073486752,4.938681849864163,0.9179822872545245,3.512363996043521,0.49890988372093026,0.3611859838274933,3.2688927943760984,0.22275702733923758,0.2481831395348837,0.10204081632653061,0.36888717751251443,0.21749550629119233,,
07362,下郷町,7,5264.0,5.196160267111853,1.669449081803005,3.526711185308848,-1.857262103505843,4.7912983709036086,0.9261018237082067,2.9044726670347876,0.5663783377209477,0.36664133738601823,4.899856938483548,0.20953647416413373,0.31365174877773594,0.09042553191489362,0.44832826747720367,0.2618069815195072,,
07364,檜枝岐村,7,504.0,9.090909090909092,3.0991735537190084,5.991735537190083,-2.8925619834710745,2.262525293632641,1.0654761904761905,2.8477157360406093,0.9351535836177475,0.5972222222222222,1.0135135135135136,0.2698412698412698,0.3754266211604096,0.11507936507936507,0.38492063492063494,0.32599118942731276,,
07367,只見町,7,4044.0,6.097560975609756,2.4390243902439024,3.6585365853658534,-1.2195121951219512,3.1603480061963727,1.0009891196834817,3.0470836261419536,0.5387615797172112,0.4085064292779426,1.912960306073649,0.1857072205736894,0.2774256460263286,0.08728981206726014,0.4715628090999011,0.3273955773955774,,
07368,南会津町,7,14451.0,7.08667315903813,2.809199190950633,4.277473968087497,-1.4682747771368643,5.1978682068043796,1.0055359490692686,2.9280483339436105,0.5961696306429548,0.38564805203792124,2.7149321266968327,0.20413812192927824,0.2692202462380301,0.09210435263995571,0.41851774963670335,0.3172308215682939,,
07402,北塩原村,7,2556.0,8.939014202172096,3.9264828738512945,5.012531328320802,-1.086048454469507,4.6020451834449565,0.9812206572769953,2.6456256921373202,0.6620185922974767,0.4980438184663537,2.3979261179520415,0.2625195618153365,0.3559096945551129,0.10093896713615023,0.37089201877934275,0.3053053053053053,,
07405,西会津町,7,5770.0,4.345414201183432,1.941568047337278,2.403846153846154,-0.46227810650887574,4.786729468395667,0.9311958405545927,2.6758767268862913,0.4940006856359273,0.3305025996533795,3.665785997357992,0.23362218370883883,0.3123071648954405,0.08110918544194108,0.47105719237435006,0.30427350427350425,,
07407,磐梯町,7,3322.0,7.267534116153603,3.1101237702316724,4.15741034592193,-1.0472865756902572,5.0519653948028145,1.3064419024683924,2.9843627834245505,0.5637254901960784,0.798314268512944,2.799285288862418,0.23148705599036726,0.2634803921568627,0.1267308850090307,0.3750752558699579,0.2042711234911792,,
07408,猪苗代町,7,13552.0,5.321861057998725,2.3661567877629066,2.955704270235819,-0.5895474824729127,5.214965273983196,0.9141086186540732,3.2675623800383877,0.6682556234172501,0.3624557260920897,3.0053460482589225,0.21207201889020072,0.2740950394756443,0.10492916174734357,0.3955135773317591,0.27013208351086493,,
07421,会津坂下町,7,15068.0,5.2542730533867905,2.2156573116691285,3.038615741717662,-0.8229584300485334,5.501454008846554,0.9301168038226706,2.955771857923497,0.5799103808812547,0.3800106185293337,4.3343653250774,0.21376426864879214,0.2713467762011451,0.10691531722856384,0.3664719936288824,0.23710561118458343,0.8159392789373814,
07422,湯川村,7,3081.0,5.134228187919463,2.214765100671141,2.919463087248322,-0.7046979865771812,5.237559107213625,0.833820188250568,3.040355125100888,0.5242424242424243,0.28529698149951316,2.366863905325444,0.2145407335280753,0.30060606060606065,0.13664394677052905,0.3459915611814346,0.16752312435765673,,
07423,柳津町,7,3081.0,4.681450193593805,1.7951425554382259,2.886307638155579,-1.0911650827173531,4.9410583673021335,0.9532619279454723,2.889099526066351,0.5425257731958762,0.305744888023369,2.8785982478097623,0.22168127231418372,0.32860824742268047,0.10061668289516391,0.4534242129178838,0.2752457551385165,,
07444,三島町,7,1452.0,5.501130369253956,2.110022607385079,3.391107761868877,-1.281085154483798,4.827969443960976,1.034435261707989,2.837782340862423,0.6243980738362761,0.3526170798898072,3.560371517027864,0.21143250688705234,0.2407704654895666,0.06611570247933884,0.5392561983471075,0.374414976599064,,
07445,金山町,7,1862.0,8.633504859919954,4.974271012006861,3.659233847913093,1.315037164093768,3.2024962057217974,1.073576799140709,2.79933110367893,0.6488250652741514,0.37218045112781956,2.420382165605096,0.22395273899033297,0.304177545691906,0.04779806659505908,0.6090225563909775,0.3890160183066362,,
07446,昭和村,7,1246.0,6.451612903225806,3.410138248847926,3.0414746543778803,0.3686635944700461,4.174347142289845,1.0296950240770466,2.743362831858407,0.5,0.21829855537720708,3.5294117647058822,0.2841091492776886,0.39895470383275267,0.052969502407704656,0.5561797752808989,0.4302721088435374,,
07447,会津美里町,7,19014.0,4.106640172213942,1.8546116906772645,2.2520284815366782,-0.39741679085941384,5.530654198650868,0.818081413695172,6.404951856946355,0.5820497021975765,0.2539181655622173,3.306523681858802,0.2338802987272536,0.27931813514068593,0.10013674134848007,0.3959187966761334,0.22249767585993183,0.9414634146341463,
07461,西郷村,7,20808.0,9.036670547147846,5.015521924718666,4.021148622429181,0.9943733022894838,5.814185800557276,0.993800461361015,3.1800146183564793,0.5248873211836175,0.5204248366013072,3.443708609271523,0.1714244521337947,0.15490887713109935,0.13480392156862744,0.24918300653594772,0.33560371517027865,0.71,
07464,泉崎村,7,6213.0,6.057124097176625,3.0531845042678927,3.0039395929087327,0.04924491135915955,5.5476333791137264,1.2037662964751328,2.979901558654635,0.4794188861985472,0.6534685337196201,6.470397929472663,0.2093996459037502,0.1975095122794881,0.12489940447448898,0.3196523418638339,0.2105515587529976,,
07465,中島村,7,4885.0,6.720202874049027,2.8740490278951816,3.8461538461538463,-0.9721048182586645,5.740263852122621,0.8671443193449335,3.0393662986077774,0.4155429382540809,0.37625383828045034,3.094910591471802,0.20716479017400205,0.2757274662881476,0.1293756397134084,0.3027635619242579,0.1784068466096116,,
07466,矢吹町,7,17287.0,7.193431308383412,3.635390016064735,3.558041292318677,0.0773487237460582,5.862629768224953,1.0089084282987215,3.016327081365538,0.4988483452539702,0.4535199861167351,4.192799070847851,0.2009024122172731,0.24112013577403324,0.1233296696939897,0.3140510209984381,0.265161502966381,0.7976190476190477,
07481,棚倉町,7,13343.0,5.895691609977324,2.5647040425365546,3.3309875674407694,-0.7662835249042145,5.782009399500088,0.994753803492468,3.1058259587020647,0.48845577211394303,0.4508731169901821,3.487194327883085,0.19208573784006594,0.22368815592203894,0.1221614329611032,0.3191186389867346,0.2564102564102564,,
07482,矢祭町,7,5392.0,4.295432458697765,2.2546161321671523,2.0408163265306123,0.2137998056365403,5.400961495796712,0.9734792284866469,3.0675422138836774,0.4243849493487699,0.4434347181008902,4.094378903539209,0.20530415430267063,0.2568740955137482,0.11127596439169139,0.3942878338278932,0.2227589908749329,,
07483,塙町,7,8302.0,4.475131057409539,1.9179133103183736,2.557217747091165,-0.6393044367727913,5.326412533127576,0.9841002168152252,3.1487758945386064,0.44596443228454175,0.4209828956877861,2.7494456762749446,0.21380390267405444,0.32170542635658916,0.10419176102144062,0.384967477716213,0.23386821440764766,,
07484,鮫川村,7,3049.0,5.305692199578355,1.4054813773717498,3.900210822206606,-2.4947294448348556,4.581510031900969,0.839947523778288,2.952073732718894,0.403766921718658,0.2751721876024926,2.3001725129384707,0.2472941948179731,0.3301942319011183,0.10364053788127255,0.40045916693998035,0.20916334661354583,,
07501,石川町,7,14644.0,5.199941409110883,2.402226453786436,2.797714955324447,-0.39548850153801085,5.558607847255514,0.9963124829281617,2.8768154922001075,0.5135755774685938,0.3799508331057088,3.4181343770384864,0.21100792133296914,0.2937998108874781,0.0972411909314395,0.3708003277792953,0.25033751205400195,,
07502,玉川村,7,6392.0,4.909090909090909,1.884297520661157,3.024793388429752,-1.140495867768595,5.52569389431685,0.9123904881101377,2.830830039525692,0.4467020023557126,0.3911138923654568,2.8048082427017746,0.2072903629536921,0.2617785630153121,0.12437421777221527,0.3166458072590738,0.18351870576339738,,
07503,平田村,7,5826.0,5.381165919282512,2.1487294469357248,3.2324364723467864,-1.0837070254110615,5.112454770015398,0.8685204256779951,2.856027330405076,0.3979871912168344,0.34603501544799176,3.8698328935795954,0.22227943700652247,0.2921622445867642,0.10024030209406111,0.3530724339169241,0.23242688558234992,,
07504,浅川町,7,6036.0,4.37564856451055,2.0581113801452786,2.3175371843652712,-0.2594258042199931,5.639306082685187,0.838469184890656,2.9138499587798847,0.4365612016618728,0.3106361829025845,4.07725321888412,0.1870444002650762,0.24129114733141577,0.11298873426110007,0.3404572564612326,0.23682938617689706,,
07505,古殿町,7,4825.0,3.7856984724374585,1.2397609032543724,2.5459375691830863,-1.3061766659287137,5.095482269920979,0.8795854922279793,2.951934349355217,0.41637010676156583,0.3728497409326425,4.059180576631259,0.2194818652849741,0.3143534994068802,0.10341968911917099,0.3923316062176166,0.20708955223880596,,
07521,三春町,7,17018.0,4.794776119402985,2.2139303482587063,2.5808457711442787,-0.3669154228855721,5.84288650681237,0.895581149371254,2.8641832149586897,0.5743119266055046,0.3350569984722059,3.8694741483849633,0.19720296157010225,0.23887614678899083,0.10823833587965684,0.3456340345516512,0.21434556728674375,0.8947368421052632,
07522,小野町,7,9471.0,4.478790613718411,1.6922382671480145,2.786552346570397,-1.0943140794223827,5.491403015681209,0.9329532256361525,2.8615551341099974,0.49320794148380354,0.3634251926934854,7.785700520331471,0.20842572062084258,0.25538140020898636,0.10231232182451695,0.35730123535001584,0.26747272191094074,,
07541,広野町,7,5412.0,11.410284705363056,5.252703597439859,6.157581107923195,-0.904877510483337,5.913299774258646,1.2239467849223946,3.4340607210626186,0.556217423678332,0.593680709534368,2.5752629669931086,0.18828529194382854,0.1548771407297096,0.07095343680709534,0.2878787878787879,0.6143700104130511,,
07542,楢葉町,7,3710.0,9.642689967233578,4.774535809018567,4.86815415821501,-0.0936183491964425,4.96608978225777,1.4471698113207547,3.3143491124260356,0.6464285714285715,0.869811320754717,3.33716915995397,0.49326145552560646,0.18035714285714288,0.06981132075471698,0.37412398921832885,0.4916753381893861,,
07543,富岡町,7,2128.0,9.367267585719336,4.232944503358077,5.1343230823612585,-0.9013785790031814,4.314438257799829,2.036654135338346,3.643483843355446,0.5433482810164425,1.0897556390977443,2.049780380673499,1.6452067669172932,0.10463378176382665,0.02819548872180451,0.22650375939849623,0.7942612942612942,,
07544,川内村,7,2044.0,7.926556202418271,3.716972682489924,4.209583519928348,-0.49261083743842365,4.481533475080247,1.1046966731898238,3.1785714285714284,0.5317286652078774,0.3904109589041096,2.3504273504273505,0.29549902152641877,0.28774617067833697,0.05675146771037182,0.4765166340508806,0.39097744360902253,,
07545,大熊町,7,847.0,4.726468222043443,2.725261464199517,2.001206757843926,0.7240547063555913,3.3080361228523976,5.885478158205431,3.6582345191040844,0.9611780455153949,0.40968122786304606,0.9283819628647214,3.4935064935064934,0.01338688085676043,0.0011806375442739079,0.10271546635182999,0.9586983729662077,,
07546,双葉町,7,0.0,3.5323007177937287,1.3222516055912352,2.2100491122024937,-0.887797506611258,-inf,inf,3.3207547169811322,,inf,,inf,,,,,,
07547,浪江町,7,1923.0,5.358119190814653,1.606068890103882,3.7520503007107706,-2.145981410606889,3.42312082103385,2.0249609984399375,3.3282370705926763,0.4102079395085066,0.44617784711388453,3.3789954337899544,2.720748829953198,0.16824196597353502,0.02704108164326573,0.2953718148725949,0.7564102564102564,,
07548,葛尾村,7,420.0,8.552631578947368,3.2072368421052633,5.345394736842105,-2.138157894736842,3.306536763426626,1.9285714285714286,2.8426724137931036,0.47520661157024796,0.4976190476190476,0.0,0.9619047619047619,0.4132231404958677,0.05714285714285714,0.4714285714285714,0.43414634146341463,,
07561,新地町,7,7905.0,5.54734721289456,2.4445936870382807,3.1027535258562793,-0.6581598388179987,5.5357946558643265,0.9185325743200506,3.089755788138281,0.5527777777777778,0.3948134092346616,4.023267086766844,0.1922833649588868,0.21313131313131317,0.12612270714737508,0.3285262492093612,0.2461706783369803,,
07564,飯舘村,7,1318.0,4.438526409232136,1.1318242343541944,3.306702174877941,-2.174877940523746,3.1401179389564122,1.69195751138088,2.8365384615384617,0.35294117647058826,0.5698027314112292,4.528985507246377,1.2154779969650986,0.4117647058823529,0.025796661608497723,0.5728376327769348,0.3769968051118211,,
08201,水戸市,8,270685.0,7.234911222692893,3.6097911144178534,3.6251201082750395,-0.015328993857186122,7.288571476687997,1.0923139442525445,3.83165053538699,0.7717771406968685,0.5323272438443208,3.8652866217924937,0.1816022313759536,0.17209848150715146,0.12444354138574358,0.262009346657554,0.39236522663178974,0.5673053202861607,0.6433677521842732
08202,日立市,8,174508.0,5.096579292667297,2.097586280552928,2.9989930121143695,-0.9014067315614416,7.586610324865177,1.0634641391798656,3.6723970244197357,0.6303590101080516,0.47567446764618243,5.083408619526906,0.15886950741513284,0.14424752661071938,0.10076901918536686,0.32391065166066885,0.35789040602741135,0.6657905112366934,0.8345405368235267
08203,土浦市,8,142074.0,9.582470986289565,4.910610223845279,4.671860762444286,0.23874946140099315,7.272221035943411,1.0913678787110943,3.525373045064442,0.7084534548498094,0.5373819277278038,4.489940933516898,0.1939059926517167,0.1646672246504851,0.10916846150597576,0.28789926376395397,0.3837137275456235,0.568195534097767,0.5932542196320227
08204,古河市,8,139344.0,7.1002489056733324,3.3523588819271595,3.7478900237461734,-0.3955311418190141,7.0921458020313715,0.9491689631415777,3.349899855605757,0.566077521196058,0.4198099667011138,4.091062299870794,0.2138161671833735,0.19062541184050608,0.11635233666322195,0.2848418302905041,0.30960320998662505,0.7139065817409767,0.4223647950396142
08205,石岡市,8,73061.0,5.718003345868424,2.68241417275548,3.0355891731129443,-0.3531750003574646,6.362371334001908,0.9356838805929292,3.1798088987549464,0.5965358993338268,0.34854436703576464,3.4806961392278457,0.2062659969066944,0.2368615840118431,0.10324249599649608,0.32810938804560574,0.2922619889659075,0.7622080679405521,0.3620810008075444
08207,結城市,8,50645.0,7.092957518979164,3.474802132127282,3.618155386851882,-0.14335325472460023,6.6899373656202465,0.9295093296475466,3.267414037575328,0.5494846591587409,0.4290058248593148,4.336074310948683,0.2117089544871162,0.21138923156512401,0.11975515845591865,0.30384045809063087,0.2829817013114924,0.7616033755274262,0.4392536281962681
08208,龍ケ崎市,8,76420.0,8.335891720170322,3.493199140382023,4.842692579788299,-1.3494934394062763,7.016290446711366,0.8899502747971735,3.5190666239403385,0.6766205603094596,0.36048154933263543,4.277819854694381,0.20294425543051559,0.16481069042316254,0.10813923056791416,0.2893614237110704,0.3190892077354959,0.7180521091811415,0.6568306725987961
08210,下妻市,8,42521.0,8.390577832711369,3.817356373749138,4.57322145896223,-0.7558650852130921,6.304512067281513,0.9831612614943205,3.1085965900363526,0.548960600027779,0.45455186848851153,3.906215242247631,0.21445873803532373,0.21792675586832722,0.11838856094635591,0.2832247595305849,0.29140821715900017,0.7410433689503457,0.13466287246301828
08211,常総市,8,60834.0,7.748036174004885,3.4754769291702425,4.2725592448346426,-0.7970823156644004,6.2473403892841075,1.028175033698261,3.142646583024769,0.5379876796714579,0.49493704178584347,3.4368803701255786,0.2139592990761745,0.2090544636745869,0.1141138179307624,0.30108163198211524,0.2696715049656226,0.7445848375451264,0.18371305519939507
08212,常陸太田市,8,48602.0,3.906014227204139,1.7460659624919166,2.1599482647122223,-0.41388230222030614,6.305371206225001,0.8511995391136167,3.102294691976012,0.6328154926580123,0.25501008188963414,3.7642336364381093,0.22443520842763673,0.2143009150883166,0.08853545121599934,0.3869799596724415,0.23081328751431845,0.8963157894736842,0.17287354429858853
08214,高萩市,8,27699.0,5.514377740696185,2.3865885366137607,3.1277892040824247,-0.7412006674686639,6.458001143894007,0.9315137730603993,3.0730870712401055,0.5804695751076449,0.383154626520813,5.4826076940797055,0.19683021047691251,0.15419611666260458,0.0969710097837467,0.3574136250406152,0.30494125777470626,0.7338709677419355,0.2643055705982165
08215,北茨城市,8,41801.0,4.860798720447844,2.1567451392012793,2.704053581246564,-0.5473084420452842,6.578509877813797,0.9481352120762662,3.122466263903789,0.5154633974067908,0.40850697351737997,4.014527845036319,0.19939714360900457,0.1814741940366278,0.10449510777254133,0.3429343795602976,0.280935865028511,0.7519804996953078,
08216,笠間市,8,73173.0,5.87181501233343,2.711976518252098,3.1598384940813316,-0.44786197582923365,6.297160569658479,0.9181938693233843,3.1810161335101954,0.6532920348952858,0.36732127970699574,3.472584140219985,0.21998551378240608,0.2193458554744111,0.1125415112131524,0.32006341136758093,0.277225321367936,0.7929727867723045,0.07021715660147869
08217,取手市,8,104524.0,7.856657095360435,3.790426175003778,4.066230920356658,-0.27580474535287897,7.338988689964088,0.8956411924534078,3.5267043536955787,0.7293709691668875,0.2926504917530902,4.092526690391459,0.20593356549691938,0.15928968990193482,0.10134514561249092,0.3449160001530749,0.31227397018611625,0.7256694970607446,0.7361562894646205
08219,牛久市,8,84651.0,7.681937485087091,3.915533285612026,3.766404199475066,0.14912908613696013,7.494868817541373,0.8688497477879765,3.815614746686646,0.7141984002551088,0.2852890101711734,3.6782021091430326,0.18853882411312328,0.1458637825197311,0.12798431205774297,0.29014423928837224,0.28998462677219156,0.7376770538243627,0.8164699767279773
08220,つくば市,8,241656.0,10.514671814671814,5.755212355212355,4.7594594594594595,0.9957528957528957,6.94982707482523,1.0546934485384183,4.53801898080611,0.7564369548737878,0.5489662992021717,2.927394525831444,0.17154136458436786,0.14737685920168686,0.1433649485218658,0.18909938093819315,0.4533640252301892,0.5044455628250294,0.3826389578574503
08221,ひたちなか市,8,156581.0,6.451466889108745,3.095436704236099,3.3560301848726457,-0.26059348063654647,7.407767674698338,0.9748309181829213,3.7790248563392415,0.656101641886469,0.43150190636156366,3.704431432650869,0.16544791513657467,0.13574469821664192,0.12523869434988918,0.25695327019242437,0.32766928353772945,0.663568490019808,0.6693340826792523
08222,鹿嶋市,8,66950.0,6.956775073983777,3.169419016514099,3.7873560574696783,-0.617937040955579,6.740230230384953,1.0538760268857357,3.6267802289863167,0.6225880263652198,0.4663181478715459,4.075348075348075,0.210336071695295,0.16819780745193125,0.12161314413741599,0.30973861090365945,0.3424720532050375,0.6423306423306423,0.30696041822255415
08223,潮来市,8,27604.0,5.017632628028212,2.2117448635387915,2.8058877644894205,-0.5941429009506286,6.31349298330968,0.8677003332850312,3.287071240105541,0.6345282874030859,0.33560353571946094,4.508136636856766,0.23036516446891755,0.22760420664773162,0.1069772496739603,0.3288653818287205,0.28641768859160166,0.7695202257761053,
08224,守谷市,8,68421.0,7.686882933709451,4.018335684062059,3.6685472496473905,0.3497884344146685,7.606192585521445,0.8467575744289034,4.4508575294913655,0.7210845836872071,0.34425103403925694,3.969188944268237,0.15803627541251955,0.1245635557233179,0.15055319273322518,0.2316101781616755,0.2645887382614097,0.7448103078024337,0.7410005700004385
08225,常陸大宮市,8,39267.0,4.606323129341538,1.9650828028842344,2.6412403264573046,-0.6761575235730699,5.714845044262282,0.9502890467822854,2.954534176901129,0.5838716509583819,0.38222935289174115,3.770508509120554,0.2418060967224387,0.24076035158318332,0.09249497033132147,0.3725010823337663,0.27218517568607337,0.8558322411533421,
08226,那珂市,8,53502.0,5.176143096281528,2.668948784020163,2.507194312261365,0.16175447175879776,6.4882219000239845,0.8630518485290269,3.2498661504880357,0.6771082447955463,0.3251841052670928,3.6599184166792567,0.19937572427198982,0.19010467714744972,0.11764046203880228,0.32137116369481517,0.23551106427818758,0.8272377285851781,0.16184441703113903
08227,筑西市,8,100753.0,5.701174301631197,2.715322031181115,2.9858522704500823,-0.2705302392689672,6.255511566126545,0.963365855111014,3.1741664826672555,0.5564550927733372,0.4135956249441704,4.456485462433987,0.21962621460403164,0.2179916575913864,0.10957490099550386,0.3176481097337052,0.26239674944532065,0.7839142091152815,0.13955911982769745
08228,坂東市,8,52265.0,6.280804710124081,2.8479374029112248,3.4328673072128573,-0.584929904301632,6.148265503891652,0.932784846455563,3.1296828752642707,0.5141888724624094,0.4667368219649861,3.9882291846979405,0.24796709078733378,0.2435726390942199,0.11282885296087247,0.30176982684396825,0.25732138005976635,0.8367003367003367,0.16749258586051852
08229,稲敷市,8,39039.0,5.733275694369393,2.582946071544364,3.1503296228250295,-0.5673835512806658,5.489732632036027,0.979891902968826,3.0644145256916997,0.546999276934201,0.40451855836471223,3.781742284947572,0.24439662901201362,0.24480942051440968,0.08691308691308691,0.36704321319705935,0.25891686788547774,0.8932309839497558,
08230,かすみがうら市,8,40087.0,7.783320382021909,3.8177123806181537,3.9656080014037554,-0.14789562078560148,6.078759438636435,0.8571357297877117,3.2948470209339775,0.5822048398924469,0.378027789557712,4.6564743171436564,0.20687504677326815,0.1977511610853092,0.10916257140718937,0.3187816499114426,0.2742613263296126,0.7536231884057971,0.3956145383790256
08231,桜川市,8,39122.0,4.32310349408795,1.8440281652716888,2.4790753288162612,-0.6350471635445729,5.940585427738305,0.8945861663514135,3.0536264006895704,0.5617082880926529,0.34691477940800575,3.8144022279689676,0.23848474004396503,0.24347241611085257,0.10186084556004295,0.34310618066561016,0.2146057347670251,0.8947778643803586,
08232,神栖市,8,95454.0,6.992514874288274,3.3693728275009063,3.623142046787367,-0.2537692192864606,6.529554514907794,1.04426215768852,3.6601170939412757,0.5506582468157979,0.5434345339116223,3.5411934751187277,0.20271544408825193,0.17244996253879907,0.13167599052946968,0.23217466004567644,0.35778680404200514,0.6244477172312224,0.27097869130680746
08233,行方市,8,32185.0,4.516743374067608,2.0345976829074752,2.4821456911601336,-0.44754800825265834,5.565203256536685,0.910983377349697,3.1779816513761467,0.4885122838944495,0.34795712288333075,3.954555385623771,0.2869970483144322,0.3397406733393995,0.09989125368960695,0.3605406245145254,0.23048561151079136,0.9210779595765158,
08234,鉾田市,8,45953.0,7.647678191546511,2.78488084749769,4.862797344048821,-2.0779164965511314,5.699201336125457,0.924401018431876,3.103497284401807,0.4510498250291618,0.2802428568319805,2.8728655822610665,0.3660043957957043,0.3683552741209798,0.101125062563924,0.33630013274432574,0.32793115010618085,0.9104938271604939,
08235,つくばみらい市,8,49872.0,7.726669532549576,3.960525578004972,3.7661439545446047,0.19438162346036672,6.589797485560656,0.8859680782803978,3.869039896204995,0.6594011000203708,0.36453320500481234,3.03401414293051,0.18332932306705166,0.16915868812385415,0.14737728585178056,0.26371511068334935,0.301628664495114,0.7315120113047574,0.2562159127366057
08236,小美玉市,8,48870.0,7.080978507487315,3.537395321975166,3.5435831855121487,-0.006187863536982798,6.065380505461302,0.9815633312870882,3.127914418944866,0.5597567630778826,0.4513198281154082,3.2362703681351843,0.22602823818293433,0.22647540344585637,0.11522406384284838,0.3012891344383057,0.26683768147582143,0.7711442786069652,
08302,茨城町,8,31401.0,6.585198047374112,3.417095305179701,3.1681027421944106,0.24899256298528977,5.840882443023737,0.9395560650934683,3.1152330164618593,0.6057751889949188,0.4283940001910767,3.946193678947682,0.23690328333492564,0.2557937786590656,0.10416865704913857,0.34976593102130504,0.25256060088767496,0.8788898233809924,
08309,大洗町,8,15715.0,7.63857447771813,2.4901364724144623,5.148438005303667,-2.658301532889205,6.779807373783315,1.0037543748011455,3.181138163684365,0.6729690963619768,0.4929048679605472,4.531308353043695,0.2524339802736239,0.22766983961403053,0.09786827871460388,0.3324848870505886,0.3358152256495973,0.7337662337662337,0.693032134902959
08310,城里町,8,18097.0,4.64196973119494,2.1459227467811157,2.496046984413824,-0.3501242376327084,5.659890654135182,0.7906835387080732,2.8897259384335627,0.6007917825807833,0.23385091451621814,3.5500515995872033,0.2488810300049732,0.254547399957201,0.08614687517268055,0.3743161850030392,0.21538238702201623,0.92,
08341,東海村,8,37891.0,6.563392833739614,3.347225498676312,3.216167335063301,0.13105816361301145,7.049908508176163,0.9946425272492149,3.8339316286519027,0.7118146033154072,0.4552532263598216,3.328331010826455,0.1466311261249373,0.13971281255197654,0.14248766197777837,0.25116782349370564,0.299941493856855,0.6773981603153745,0.4358818716845689
08364,大子町,8,15736.0,3.8715899696886193,1.7015706806282722,2.170019289060347,-0.468448608432075,5.414068913440759,0.9485256736146416,2.698057578910857,0.5475541715323732,0.353266395526182,3.8427947598253276,0.26315455007625826,0.29946801608926954,0.07517793594306049,0.46174377224199287,0.292120637928312,0.892436974789916,
08442,美浦村,8,14602.0,8.137892059903926,3.6874823396439673,4.450409720259961,-0.7629273806159932,6.232016661850456,0.9791809341186138,3.517630896046405,0.6435897435897436,0.4427475688261882,4.124556132204315,0.2138748116696343,0.1754985754985755,0.10080810847829065,0.32029858923435145,0.3004101161995899,,
08443,阿見町,8,48553.0,8.873355760127309,4.804302721431018,4.069053038696292,0.7352496827347259,6.81466256746878,0.9366259551418038,3.437467588591184,0.6775160418777441,0.4056803905011019,3.961078451246706,0.19323213807591705,0.15045592705167177,0.12322616522151052,0.27516322369369556,0.3340103031503864,0.6632558139534884,0.5771836961670751
08447,河内町,8,8231.0,4.941599281221923,2.1691695546142986,2.772429726607624,-0.6032601719933256,5.224678115921554,0.8046409913740736,2.9888318744340476,0.5561959654178674,0.3089539545620216,5.191256830601093,0.23982505163406634,0.27209414024975986,0.07155874134370065,0.3920544283805127,0.21225761772853186,,
08521,八千代町,8,21026.0,7.281092875438763,3.7662460867090406,3.514846788729722,0.25139929797931887,5.931024587681659,0.9127270997812232,3.156880124085974,0.4395844246551423,0.36017311899552934,3.3906882591093117,0.29135356225625414,0.28714859437751006,0.11267002758489489,0.30719109673737277,0.25746535219317046,0.8587848932676518,
08542,五霞町,8,8093.0,5.848985251481155,2.584142190848355,3.264843060632799,-0.6807008697844447,5.8671812730302975,1.500679599654022,3.061241610738255,0.518345407805562,0.9964166563697022,4.058295964125561,0.23526504386506858,0.2397756485160084,0.09020140862473743,0.3375756826887434,0.23239917976760083,,
08546,境町,8,24201.0,7.800072671484518,4.142274617465381,3.657798054019137,0.4844765634462433,6.310641650412365,0.9850006198090988,3.1841252699784017,0.5243293104773619,0.45407214577910004,3.1708224786006696,0.24102309821908185,0.2616650011530479,0.12032560637990165,0.28998801702408994,0.26524285222183946,0.733955659276546,0.3104003966778232
08564,利根町,8,15340.0,7.129952251903471,2.3874048264292167,4.742547425474255,-2.3551425990450383,6.4518664417586065,0.7514993481095176,3.016264090177134,0.7186643006936603,0.14791395045632333,6.4866495700709,0.25840938722294654,0.1732537506049363,0.07796610169491526,0.45,0.22834267413931145,0.9442675159235668,0.4149282920469361
09201,宇都宮市,9,518757.0,7.054479736491805,3.5534740912756635,3.501005645216141,0.052468446059522535,7.340592695327123,1.033065577910274,3.937200691187361,0.6862460645718872,0.4660872046063957,3.6658510891358276,0.17618846589058076,0.17042939158501846,0.12578721829295797,0.2503156583911157,0.38704640288705944,0.60142954390742,0.7780444408460995
09202,足利市,9,144746.0,5.4028774410053195,2.57684481096712,2.826032630038199,-0.2491878190710792,7.293999881677285,0.9622234811324665,3.314462863433271,0.6044137258557151,0.4148853854337944,4.170560105535096,0.20033714230445054,0.20180105252591884,0.10484572976109875,0.32486562668398433,0.3300458939556684,0.7022796869683566,0.6302695756704848
09203,栃木市,9,155549.0,5.525580058528428,2.7846728678929766,2.7409071906354514,0.04376567725752508,6.442497737008776,0.963792759837736,3.304755789688736,0.596684212598942,0.41484676854238856,4.486014117529057,0.20327356652887515,0.19607251151862015,0.11136040733145182,0.3161640383416158,0.28243634449634847,0.7639519792342635,0.3883727957106764
09204,佐野市,9,116228.0,5.420929656246681,2.700286756115694,2.7206429001309873,-0.02035614401529366,6.734607146894673,0.9961196957703824,3.297415569379305,0.6113794197482991,0.46707333861031763,4.560518125998823,0.19978834704202086,0.1758204956463496,0.11194376570189628,0.30647520390955707,0.3177112624716199,0.7448015122873346,0.46154971263378874
09205,鹿沼市,9,94033.0,4.564293018999946,2.245546046611766,2.31874697238818,-0.07320092577641424,6.408621316050618,0.9758595386725937,3.305132924811855,0.5814430002483649,0.45303244605617177,4.962725466669289,0.2043006178681952,0.20868863316499708,0.1171397275424585,0.3031276254081014,0.267549705653671,0.7724270776004403,0.4278604319760084
09206,日光市,9,77661.0,5.8859473173842005,2.720473957572296,3.1654733598119043,-0.4449994022396089,5.795725979022058,0.955511775537271,3.023911211830675,0.6520769230769231,0.4464016687912852,4.0401555041582595,0.20352557911950658,0.21089743589743593,0.09541468690848688,0.35860985565470443,0.3265154101617058,0.7647616040416798,0.09071477318087585
09208,小山市,9,166666.0,7.830458909117058,4.0395747689873795,3.7908841401296787,0.248690628857701,6.909713202287677,1.0014820059280236,3.6695972590341976,0.6114063448412551,0.48157392629570517,4.010701545778835,0.1906447625790503,0.17524496141315793,0.12564050256201026,0.250687002748011,0.343034296236621,0.638145917938664,0.6118824475297902
09209,真岡市,9,78190.0,6.454703387665424,2.9035307342496552,3.5511726534157684,-0.6476419191661131,6.23587105737457,0.9809054866351196,3.2941417340030577,0.5235236245301582,0.4357974165494309,4.433461909353905,0.21906893464637422,0.19661461618021747,0.1304514643816345,0.2713262565545466,0.273061349484501,0.7270903010033445,0.34728226115871597
09210,大田原市,9,72087.0,6.296562972976945,2.9726830558535258,3.323879917123419,-0.3511968612698926,5.873556670103982,1.055238808661756,3.213081912999237,0.5304003126570264,0.4613591909775688,2.9766257685328132,0.21683521300650602,0.25224722237731,0.11341850819149084,0.28751369872515153,0.3612148118252447,0.660458929165281,0.243122893170752
09211,矢板市,9,31165.0,5.47863333001295,2.4504432712421553,3.028190058770794,-0.5777467875286383,6.047183844464043,0.9469276431894754,3.2178354100260793,0.6073266929607594,0.39961495267126584,4.6407853636769305,0.2120648163003369,0.18831472692024864,0.10409112786780042,0.3315899245948981,0.272833528134914,0.807495741056218,0.31920423552061605
09213,那須塩原市,9,115210.0,6.589338384755776,3.3223482194600864,3.26699016529569,0.055358054164396125,6.259930192513998,0.9445273847756271,3.3538290057923876,0.5890514013786347,0.4247895147990626,3.5617270411176163,0.21789775193125596,0.21169390111620423,0.12381737696380522,0.2779272632583977,0.32611631636701277,0.6693869426751592,0.2678500130197031
09214,さくら市,9,44513.0,6.76873857404022,3.5557586837294335,3.2129798903107862,0.34277879341864714,6.083280736916588,0.9201581560443016,3.4685460975245306,0.61692579665473,0.37207108035854697,5.726251014913893,0.1812279558780581,0.1826299805085898,0.13512906341967515,0.26360838406757575,0.2729613733905579,0.6916616676664668,
09215,那須烏山市,9,24875.0,4.445958606592283,1.8226726854612043,2.623285921131079,-0.8006132356698747,5.586870840335248,0.9522814070351758,2.9983030545018967,0.5556005507410707,0.3786130653266332,6.249050873196659,0.24261306532663315,0.23900542641937317,0.09523618090452261,0.3751155778894472,0.2385220813292523,0.8993212669683258,
09216,下野市,9,59507.0,7.940999196356817,4.113648540048218,3.8273506563085986,0.2862978837396196,6.722893832264578,0.9165140235602535,4.101397348620566,0.6666666666666666,0.4090779236056262,4.158057851239669,0.18522190666644262,0.16966451091350043,0.11778446233216261,0.25059236728452117,0.30716447172143374,0.6983285772523441,0.5843010066042651
09301,上三川町,9,30806.0,8.407050865096917,4.078314036685312,4.328736828411604,-0.2504227917262911,6.366305558385448,0.9967538791144582,3.5318891280947255,0.555420918367347,0.5783613581769785,3.466108477497999,0.18525611893786925,0.17123724489795922,0.1322145036681166,0.23573329870804388,0.264262181376799,0.7863554757630161,
09342,益子町,9,21898.0,4.803370786516854,2.24250936329588,2.560861423220974,-0.31835205992509363,6.068224676836232,0.8270618321307882,3.062054824088064,0.5386375638091885,0.27171431180929767,3.392568659127625,0.2581057630833866,0.2590212990670656,0.11265869029135081,0.3215362133528176,0.22416004103616313,0.8963660834454913,
09343,茂木町,9,11891.0,4.032258064516129,1.6917952314165499,2.340462833099579,-0.6486676016830294,5.255918951452553,0.8905895214868388,2.891426109435588,0.5781537946054616,0.2931628963081322,4.982489652976759,0.26339248170885543,0.26788406768302897,0.08291985535278783,0.4266251787065848,0.2363922627080522,,
09344,市貝町,9,11262.0,5.680484060326921,2.320960895872844,3.3595231644540777,-1.0385622685812337,5.62862854692679,0.9104066773219677,3.2220035426097224,0.5399966738732745,0.4471674658142426,3.822776711452335,0.22331735038181497,0.20971229003825043,0.11267980820458177,0.2945302788137098,0.2548189938881053,,
09345,芳賀町,9,14961.0,5.267607465695519,2.614294075567406,2.653313390128113,-0.03901931456070755,5.482364895633106,2.0074192901544015,3.322763984445109,0.5170209990869962,1.7729429850945793,2.8632965919168885,0.24102666934028474,0.2758575714099387,0.12980415747610455,0.31963104070583515,0.19184376794945435,,
09361,壬生町,9,39474.0,6.525957000524383,3.3298374410068172,3.196119559517567,0.13371788148925015,6.538943713705417,0.9306125550995592,3.483649971214738,0.6302409021014864,0.4170593301920251,3.525688572417544,0.1933677863910422,0.19871860584315737,0.11855905152758778,0.2898870142372194,0.31314213677907343,0.775338928340865,0.5070679434564523
09364,野木町,9,24913.0,7.4751698902247785,3.1967509751095737,4.2784189151152034,-1.0816679400056295,6.784887452677225,0.8657327499698952,3.337559851037418,0.6166265888010993,0.3613775940272147,4.455567407893657,0.22161120700036124,0.16231535554792165,0.11672620720105968,0.3249307590414643,0.2495418448381185,0.8089887640449438,0.5948300084293341
09384,塩谷町,9,10354.0,4.0118415679869335,1.3576970191915068,2.654144548795427,-1.29644752960392,5.089688535879935,0.8599575043461464,2.9576732087964057,0.5381040892193308,0.30693451806065286,3.9800107085489915,0.24125941665056982,0.2769516728624535,0.08827506277767047,0.4014873478848754,0.20315527262662608,,
09386,高根沢町,9,29229.0,8.908585331942996,4.650677789363921,4.257907542579075,0.39277024678484534,6.088877589840151,0.8448800848472408,3.6295483505592525,0.5986754080813487,0.31759553867734097,2.903540110425463,0.17711861507407028,0.1842386941396842,0.11875192445858565,0.25348113175271136,0.35698466081535557,0.6082121471343028,0.5425433644667966
09407,那須町,9,23956.0,6.747689580959615,3.329535384225851,3.418154196733764,-0.0886188125079124,5.029704762268036,1.0597345132743363,2.974935798664612,0.5886109632783395,0.47649858073134077,3.7233134073441505,0.3029721155451661,0.3347525279403938,0.08991484388044749,0.40449156787443646,0.29168959823885526,0.842720510095643,
09411,那珂川町,9,15215.0,4.4180118946474085,1.5647125460209572,2.8532993486264515,-1.288586802605494,5.374566206545287,0.9075254682878738,2.858246556936513,0.5098235514954323,0.35675320407492606,4.436737622578331,0.25836345711468944,0.27005381053685396,0.0843904042063753,0.39625369700953006,0.24783912506614925,0.8858800773694391,
10201,前橋市,10,332149.0,6.466030627126884,3.297277588721439,3.1687530384054448,0.12852455031599416,7.2382570977254606,1.0403734468566819,3.7595349087147523,0.7072984624775858,0.48903052545694853,3.54678654882888,0.1918295704638581,0.19274986328894994,0.11068526474564126,0.29020108445306175,0.34816609680974314,0.6861620260249055,0.5946728727167626
10202,高崎市,10,372973.0,6.658706130523647,3.3267572382586645,3.331948892264982,-0.005191654006317423,7.329596204455185,1.0159502162354916,3.891554108836265,0.6848945941459635,0.4769514147136656,3.461353560173068,0.1817531027715143,0.1839373651303049,0.12335745482916995,0.2816128781439943,0.3523370597577305,0.6637206970038861,0.5409372796422262
10203,桐生市,10,106445.0,5.013588970697238,2.2671344566882445,2.746454514008993,-0.4793200573207491,7.220342929220944,0.9873737610972803,3.2849975724227223,0.6155073262958878,0.42142890694724977,4.044145438052763,0.20314716520268683,0.23083740349771542,0.09369157781013669,0.3606745267509042,0.32584369845303374,0.7498231549162934,0.6363004368453192
10204,伊勢崎市,10,211850.0,6.945361271948851,3.517474208332547,3.4278870636163026,0.08958714471624452,7.328368768983226,0.975912202029738,3.332543943817243,0.5817307692307693,0.4461364172763748,4.00380182963051,0.1877082841633231,0.18159748667174413,0.12983714892612697,0.2505829596412556,0.3133327132792336,0.6700317604355717,0.5040075525135709
10205,太田市,10,223014.0,7.476409279390339,3.965930740782248,3.5104785386080914,0.4554522021741567,7.1995741872517,1.077501860869721,3.55843418321388,0.5558712475232719,0.5578394181531204,3.6141539348515423,0.18175092146681374,0.17520281132004933,0.13271364129606214,0.26032894795842415,0.3362571199618825,0.6808235420933492,0.3979705309980539
10206,沼田市,10,45337.0,5.556831755949646,2.4395846733437474,3.1172470826058993,-0.677662409262152,6.112915770905432,0.9751637735183184,3.201051383806628,0.6144214162348878,0.4186646668284183,3.5923906256504186,0.23098131768754,0.24831606217616575,0.10558704810640315,0.3416414848798994,0.31086898750996544,0.7308917197452229,0.37510201380770675
10207,館林市,10,75309.0,6.815806263320076,3.4520205790924026,3.3637856842276737,0.08823489486472912,7.1239055866039545,0.9607616619527547,3.3839099624843687,0.5998661491098916,0.431834176526046,5.161470498629024,0.20369411358536163,0.17015125150582255,0.11278864411956074,0.29349745714323655,0.32428666434430126,0.693745970341715,0.5253555351949966
10208,渋川市,10,74581.0,5.2434456928838955,2.5454293244555415,2.6980163684283536,-0.15258704397281175,6.556296312024244,0.9713063648918625,3.1802329281486665,0.6321265987426837,0.41326879500140784,3.400256524356726,0.2118636113755514,0.22637112508129198,0.10137970796851745,0.35242219868331076,0.27551477942951746,0.8182748039549949,0.16355372011638353
10209,藤岡市,10,63261.0,6.051891927019869,2.6888271514678883,3.3630647755519814,-0.6742376240840928,6.731421589975961,0.9552646970487346,3.1924938165394128,0.5944773425377624,0.4061902277864719,4.340845753059494,0.2076476818260856,0.18157636403939326,0.1080760658225447,0.32383300927901865,0.28386229793288803,0.7877435064935064,0.27113071244526643
10210,富岡市,10,47446.0,5.282033117860622,2.5347560435668113,2.74727707429381,-0.21252103072699904,6.448660107110517,1.034692070985963,3.2490584737363726,0.5313361904357788,0.4508072334864899,4.175815239489307,0.19965855920414788,0.21547078542029108,0.10700585929266956,0.3442650592252245,0.28136531365313655,0.8169473112438892,0.19902626143405133
10211,安中市,10,54907.0,4.448782301543037,2.028258040527979,2.4205242610150584,-0.3922662204870793,6.204677062306691,0.9414282331943103,3.386074348815645,0.5931664234122974,0.3960150800444388,3.784387152527726,0.2101553535979019,0.1801579282212492,0.10035150345129036,0.3597537654579562,0.2661550338313428,0.817652329749104,
10212,みどり市,10,49648.0,5.787084794718383,2.7212708892098205,3.0658139055085623,-0.3445430162987415,7.040642341687461,0.875161134386078,3.2199620914428366,0.5964912280701754,0.3811633902674831,3.826254826254826,0.20425797615211086,0.2086394475892248,0.11891717692555591,0.2987431517885917,0.2767866350417655,0.7379444715051144,0.18983644859813084
10344,榛東村,10,14216.0,10.83777504441711,5.494054940549406,5.343720103867705,0.15033483668170014,6.872916256533757,0.7889701744513224,3.1665447094980244,0.6635052617903079,0.2463421496904896,3.1458411979363285,0.18999718626899267,0.1694166558399376,0.13266741699493528,0.26561620709060213,0.22082267270222397,,
10345,吉岡町,10,21792.0,7.2516892637901345,3.9261581945855233,3.3255310692046103,0.6006271253809125,7.167919322540025,0.7720723201174743,3.4172860682294646,0.6934958593095748,0.31272944199706315,2.662802282401956,0.1665748898678414,0.16032381129617568,0.1557452276064611,0.23917033773861968,0.21428571428571427,0.7464622641509434,
10366,上野村,10,1128.0,10.583580613254204,4.8466864490603365,5.736894164193868,-0.8902077151335311,4.559254801848733,1.0203900709219857,2.535279805352798,0.5918367346938775,0.4512411347517731,3.405017921146954,0.19680851063829788,0.20593692022263455,0.09574468085106383,0.4592198581560284,0.43169398907103823,,
10367,神流町,10,1645.0,7.081403044341496,2.4487094639311717,4.632693580410324,-2.183984116479153,4.8162289980872295,1.0498480243161095,2.6926315789473683,0.645367412140575,0.33617021276595743,4.573170731707317,0.2571428571428571,0.2460063897763578,0.035866261398176294,0.6145896656534955,0.38498789346246975,,
10382,下仁田町,10,6576.0,4.157834664927441,1.8098809717919453,2.3479536931354965,-0.5380727213435512,5.515547778049206,0.9539233576642335,2.838709677419355,0.5034182722187694,0.3757603406326034,3.9689644882124737,0.2393552311435523,0.31510254816656313,0.0535279805352798,0.5079075425790754,0.29178571428571426,,
10383,南牧村,10,1611.0,5.956552207428171,2.662929222144359,3.2936229852838124,-0.6306937631394535,4.796846347949266,0.9236499068901304,2.572961373390558,0.5886075949367089,0.26629422718808193,3.5114503816793894,0.250155183116077,0.30379746835443033,0.023587833643699565,0.6523898199875854,0.3989962358845671,,
10384,甘楽町,10,12491.0,5.271668822768435,2.7086028460543337,2.563065976714101,0.14553686934023286,6.214287919119048,0.8514130173725082,3.0939382530120483,0.5002248538450007,0.3484909134576895,3.1925700188651867,0.22920502761988631,0.2605306550742018,0.1021535505564006,0.3421663597790409,0.22559139784946236,,
10421,中之条町,10,15386.0,6.8756107776071484,2.4570710596118945,4.4185397179952535,-1.961468658383359,5.377125947209685,0.9432601065904068,2.9493711192485272,0.6836283185840708,0.3718315351618354,3.3094249402290172,0.20648641622253996,0.22306090577824045,0.08871701546860783,0.4090731834134928,0.3153153153153153,0.7974068071312804,
10424,長野原町,10,5095.0,9.759937032664306,4.151908697363242,5.6080283353010625,-1.4561196379378198,4.845137488880216,1.0845927379784102,3.0214079868258543,0.6691595441595442,0.5112855740922473,2.398331595411887,0.2763493621197252,0.3023504273504274,0.08518155053974485,0.39077526987242395,0.32540045766590386,,
10425,嬬恋村,10,8850.0,13.722032403835557,5.26837870605092,8.453653697784635,-3.1852749917337158,4.4833025970228855,0.9829378531073446,3.167369901547117,0.5607734806629834,0.39175141242937855,2.0487050637804405,0.3719774011299435,0.42896606156274664,0.10338983050847457,0.3711864406779661,0.29895154434684046,,
10426,草津町,10,6049.0,15.788604459124691,7.0355078447564,8.75309661436829,-1.717588769611891,5.768486326041318,1.0816663911390312,2.8519400953029272,0.8883538970809509,0.6445693503058356,2.264705882352941,0.23607207802942634,0.2663256093891062,0.07191271284509837,0.38816333278227805,0.5192546583850932,,
10428,高山村,10,3511.0,6.5030674846625764,3.8036809815950923,2.6993865030674846,1.1042944785276074,5.420882539007836,0.854457419538593,2.8270958083832336,0.6037170263788969,0.34520079749359156,4.685714285714285,0.23725434349188265,0.23381294964028776,0.10082597550555397,0.3699800626602108,0.21705426356589147,,
10429,東吾妻町,10,12728.0,5.049332559489263,2.122543736008623,2.9267888234806403,-0.8042450874720173,5.416080760662559,0.9837366436203645,2.8643971091669838,0.5824076853797658,0.44209616593337525,2.8296382730455076,0.22423004399748586,0.25232662864004807,0.08469516027655563,0.41271213073538654,0.27566614420062696,,
10443,片品村,10,3993.0,5.371690427698574,2.494908350305499,2.8767820773930755,-0.3818737270875764,4.834090470684286,0.9774605559729527,2.792932862190813,0.5961954172070904,0.4595542198847984,2.569502948609941,0.3413473578762835,0.40812797233030695,0.08289506636614075,0.41046831955922863,0.2641629535327817,,
10444,川場村,10,3480.0,4.540867810292633,1.648166834846956,2.8927009754456776,-1.2445341405987218,5.7141811818771,1.0114942528735633,2.8865721434528773,0.5249849488260084,0.4698275862068966,1.8901358535144714,0.225,0.34015653220951236,0.10373563218390805,0.45,0.18402426693629928,,
10448,昭和村,10,6953.0,7.711155952724128,4.136638800807149,3.574517151916979,0.56212164889017,5.1836232971045115,1.00503379836042,3.2346938775510203,0.3831417624521073,0.3923486264921617,1.509433962264151,0.39076657557888683,0.40493295019157083,0.11491442542787286,0.32805983028908386,0.29688101655756644,,
10449,みなかみ町,10,17195.0,6.446856199127049,2.972749793559042,3.4741064055680075,-0.5013566120089654,4.633243032616812,0.9510322768246583,2.80755864465682,0.6749776386404294,0.44245420180284967,4.546424759871932,0.2505379470776388,0.25670840787119853,0.08723466123873219,0.40790927595231175,0.29344852411807054,0.7417417417417418,
10464,玉村町,10,36054.0,7.653003930376193,3.73385738349242,3.9191465468837734,-0.18528916339135315,7.249399797093394,0.9039496311088923,3.183528995339508,0.6294664445757885,0.4037554778942697,3.853902980833807,0.19298829533477563,0.14480683466766964,0.10475952737560326,0.25536694957563655,0.302837212422027,0.6922069417157826,0.15152271592611083
10521,板倉町,10,14083.0,6.143674318401308,2.65210608424337,3.491568234157938,-0.8394621499145679,5.818631878262566,1.0036923950862742,3.174197883420124,0.5173402512288368,0.43733579493005753,3.7075992637391533,0.2509408506710218,0.28577280174767883,0.0966413406234467,0.33622097564439396,0.28310249307479224,,
10522,明和町,10,10882.0,5.3297367686726815,2.5858059715375314,2.74393079713515,-0.15812482559761884,6.318315872908654,1.0990626723028856,3.2244347645716656,0.5518298179195962,0.6152361698217239,4.097510373443983,0.20804999081051279,0.1752298539751217,0.11799301598970778,0.30472339643447893,0.24277315041646252,,
10523,千代田町,10,10861.0,6.674041297935103,3.281710914454277,3.392330383480826,-0.11061946902654868,6.22720902490601,1.13378141975877,3.2249484536082473,0.5065573770491804,0.6311573519933708,3.3960936125285937,0.2035724150630697,0.19963570127504549,0.11573519933707761,0.3106527944019888,0.23003194888178913,,
10524,大泉町,10,42089.0,12.19840107555278,6.4869277122896305,5.71147336326315,0.7754543490264807,7.756614543682014,0.9969825845232722,3.0831714726829027,0.46965610249494266,0.4977785169521728,7.658779576587796,0.18905177124664402,0.11501782101916969,0.1211005250778113,0.2248568509586828,0.4030510257759074,0.5501635768811342,0.872674570552876
10525,邑楽町,10,25522.0,8.682213005712496,4.006573284294546,4.6756397214179515,-0.6690664371234055,6.721406110041395,0.9411488127889663,3.185377899285651,0.5575131156526505,0.44773136901496746,4.150405283698589,0.21792962933939347,0.19043144624539976,0.11064963560849463,0.3228978920147324,0.23448275862068965,0.8722109533468559,
11101,西区,11,93499.0,9.2827180769271,4.936347374917623,4.346370702009477,0.5899766729081457,8.085677915408334,0.8671322687943187,,0.760756759440872,0.2785377383715334,3.7080424595964425,,0.15462919283958587,0.12858961058407042,0.2734467748318164,0.300786782061369,0.6985484707102125,0.7602220344602616
11102,北区,11,149242.0,12.121332433398182,6.478871375445004,5.642461057953177,0.8364103174918277,9.088973771679841,0.9057168893475027,,0.7907485729496317,0.4005239811849211,3.7915973081793215,,0.12246014610629674,0.12561477332118304,0.21289583361252196,0.382961099983434,0.5522875816993464,0.9985995899277683
11103,大宮区,11,117784.0,14.179263864828307,7.7481667813664306,6.431097083461876,1.317069697904554,9.128726268595855,1.3690229572777288,,0.8061785480230103,1.0655946478299259,3.3924834244913034,,0.1523155901842278,0.12113699653603206,0.22336650139237926,0.40815437399023363,0.5765432098765432,0.9975039054540514
11104,見沼区,11,165049.0,8.942676698999788,4.86145106215816,4.081225636841628,0.7802254253165322,8.604501494016064,0.8292688837860271,,0.7742877906976744,0.24330350380796006,4.1155073655456915,,0.15279069767441855,0.12008555035171373,0.2682900229628777,0.3375952546509813,0.6393329658213892,0.925622087985992
11105,中央区,11,103269.0,12.653354152321286,6.350437877627023,6.302916274694262,0.04752160293276178,9.418051992785136,1.0040960985387677,,0.8067393247903274,0.46278166729609077,3.4010528047376214,,0.1365532802588446,0.12277643823412641,0.2091818454715355,0.4025268106361099,0.5569905699056991,1.0
11106,桜区,11,98661.0,11.152970399503207,5.796936452080315,5.356033947422894,0.44090250465742087,8.586551015311363,0.860573073453543,,0.7706755804170362,0.294260143319042,4.0432031420466945,,0.14468926939081794,0.1115232969461084,0.23309108969096198,0.4270914270914271,0.5267175572519084,0.9689542980509016
11107,浦和区,11,164822.0,11.291110914819068,5.631422430291789,5.65968848452728,-0.028266054235491566,9.572886451552176,0.9857118588537938,,0.8236233778235441,0.3632585455825072,2.940724225417083,,0.1435040331630295,0.13687493174454868,0.19965781267063862,0.37860281372193333,0.5987525987525988,0.9997451796483479
11108,南区,11,191563.0,11.204202407074938,5.746597308536267,5.4576050985386715,0.288992209997596,9.537579047802254,0.7636130150394387,,0.7911666891375668,0.2669931040963025,3.27229256099549,,0.13570176621275454,0.1341386384635864,0.1922552893826052,0.3753210977183174,0.5625430341978426,0.9998329531276917
11109,緑区,11,128321.0,9.696312847503172,5.308400947212923,4.387911900290251,0.9204890469226715,8.521652899437719,0.805807311352,,0.782092991731056,0.2351836410252414,3.23500959189362,,0.15709299173105595,0.15091839995012507,0.22178754841374365,0.2807211112205694,0.6749669873608753,0.9312193639388721
11110,岩槻区,11,111815.0,7.814687653275071,3.9711062558523205,3.8435813974227497,0.1275248584295715,7.747376498975367,1.0228323570182891,,0.7041626208468781,0.42708938872244334,4.0215563524382585,,0.18896441085827664,0.11307069713365828,0.30645262263560347,0.3097957770854967,0.7115051903114187,0.7008719760318383
11201,川越市,11,354571.0,7.6903672000113374,4.058615949320446,3.6317512506908916,0.4268646986295545,8.112680861603383,0.967512853561064,3.873529004151628,0.7282252316464718,0.3853812071489208,3.880768057000143,0.18470489690358208,0.16007905138339917,0.1028284885114688,0.2511795944958838,0.3478706459867356,0.67001287001287,0.8094542418866744
11202,熊谷市,11,194415.0,7.849596966379821,3.926107884165152,3.9234890822146684,0.0026188019504836926,7.130911689469117,0.9745441452562816,3.6302879728966686,0.6854258729746122,0.44239384821130057,4.1305837642514485,0.19788596558907492,0.16685079282557835,0.11220327649615514,0.2945348867114163,0.3074297289186756,0.7395168356490174,0.5634698968700975
11203,川口市,11,594274.0,9.19290077982112,4.642051076060957,4.550849703760163,0.09120137230079332,9.177848816009991,0.8248669805510589,3.95944969594798,0.7340007188688847,0.3017210916176713,3.965481886534518,0.18956407313798013,0.1737135983658189,0.12227524677169117,0.2320865459367228,0.3867804285564336,0.5751885258021588,0.9812005909731875
11206,行田市,11,78617.0,6.623937113057774,3.3601356385028383,3.2638014745549357,0.09633416394790248,7.062588826285421,0.9273948382665327,3.332732648176827,0.6445680405068605,0.3899665466756554,4.09852563780003,0.21111210043629242,0.1744366030904846,0.10481193634964447,0.3181245786534719,0.28305207253071873,0.7899002493765586,0.6010913670071358
11207,秩父市,11,59674.0,4.277074739565126,1.8789764385094037,2.3980983010557226,-0.519121862546319,6.623161389978916,0.9664678084257801,3.1549502398794655,0.6436691493531949,0.40712873278144585,4.238473876394909,0.21407983376344808,0.19764085385410357,0.11043335455977478,0.34088547776250966,0.2809148793565684,0.8119621342512908,0.4400073733954486
11208,所沢市,11,342464.0,7.8520962279574915,3.9851687492701156,3.8669274786873755,0.11824127058273969,8.550939289551877,0.8729034292655579,4.011855556020792,0.7826612715687642,0.3072235329844889,4.009719759684682,0.18589691179218837,0.15580670666480634,0.09650649411324987,0.2541873014389834,0.35879614451511377,0.622785622593068,0.8915856849187068
11209,飯能市,11,80361.0,6.292728602029167,3.136103023228968,3.1566255788002,-0.020522555571232507,7.431451501616062,0.9133534923656997,3.574572058864595,0.7041628569891895,0.3348514826843867,4.5043656908063685,0.21083610208932194,0.16024848061098262,0.10482696830552134,0.31363472331105885,0.30958348251581336,0.7491933118216486,0.6853324373763393
11210,加須市,11,111623.0,6.835508578978379,3.6476280597761077,3.1878805192022712,0.4597475405738363,6.731180804202551,0.9533787839423775,3.3702449036526314,0.6432750683222979,0.394282540336669,4.221418031058956,0.2142210834684608,0.1810678454173621,0.1124051494763624,0.2981733155353287,0.2702922812415166,0.7841726618705036,0.37041649122492676
11211,本庄市,11,78569.0,7.868929320292252,3.976140551945092,3.89278876834716,0.08335178359793183,7.089071855314067,1.0166605149613714,3.4417887432536625,0.5897584337666438,0.45223943285519735,4.33491088510724,0.20671002558260893,0.20156833850849953,0.11319986254120581,0.2884216421234838,0.34113326656347687,0.689040689040689,0.5742086573585001
11212,東松山市,11,91791.0,8.067414745331813,4.243008678881389,3.8244060664504254,0.4186026124309634,7.3103484161857315,1.026179037160506,3.5249576783555017,0.6841915736406193,0.4485733895479949,4.089245009325136,0.20116351276268915,0.15906853919097352,0.11528363347169113,0.2831976991208288,0.35092188564077986,0.6909541511771995,0.5005610571842556
11214,春日部市,11,229792.0,6.991326157383217,3.621503466053576,3.3698226913296407,0.2516807747239349,8.160744564688153,0.8565093649909483,3.5112805574594472,0.7357836537084252,0.295493315694193,4.358269478414146,0.19605556329202062,0.16456107180030743,0.0921616070185211,0.2988050062665367,0.3020978590763678,0.6761432618373129,0.8807530288260688
11215,狭山市,11,148699.0,7.57517490773912,3.9825665728877824,3.5926083348513367,0.3899582380364456,8.091967081519167,0.9506721632290736,3.478478022681674,0.7138559521014323,0.3850463015891163,4.556213846520162,0.1979569465833664,0.15047546372387888,0.10401549438799185,0.32051997659701814,0.32535870145364354,0.6889601465872652,0.8559909616070047
11216,羽生市,11,52862.0,7.276147199046484,3.6408671036948745,3.635280095351609,0.005587008343265793,6.80624234343504,0.9782452423290833,3.3382291052941673,0.6159706006201432,0.46072793310884946,4.230670528283902,0.20996178729522152,0.17593691383072385,0.10016647118913397,0.29928871401006396,0.30596378117000095,0.7543299908842297,0.367995913888994
11217,鴻巣市,11,116828.0,6.953659283454118,3.6822496682657953,3.2714096151883227,0.4108400530774727,7.459000677351363,0.810559112541514,3.5845355841451623,0.7124706556995144,0.26409764782415174,4.13173446948873,0.19547539973294073,0.15318172858090062,0.11344883075974938,0.2995257986099223,0.2661509600994878,0.7617179434234979,0.7592700380045879
11218,深谷市,11,141268.0,6.28795034408312,3.2838810019245925,3.0040693421585267,0.2798116597660661,6.9523988295518775,0.945684797689498,3.399393882293826,0.6118665375778507,0.41218818132910495,4.361585981011347,0.20793102471897387,0.20142190367469615,0.11902907948013705,0.28938613132485774,0.2780500062821963,0.7531105581230003,0.4747501203386471
11219,上尾市,11,226940.0,7.646936096598367,4.067528448358297,3.5794076482400703,0.48812080011822695,8.545301121063524,0.8357275050674187,3.8221813578273283,0.750712914468902,0.2975323874151758,4.003363720131328,0.1730545518639288,0.14182804316627218,0.11190182427073235,0.2697453071296378,0.3099837047339305,0.6391699887560053,0.9153300431832202
11221,草加市,11,248304.0,9.124496015746532,4.808882821676878,4.315613194069653,0.49326962760722565,9.10967868057158,0.8474652039435531,3.8051478597651993,0.7246027706068429,0.28781654745795476,3.9272022286457835,0.18022665764546686,0.16520015998254733,0.11714672337135125,0.2483407436046137,0.38103892848189663,0.5775251421075644,0.9917641278432888
11222,越谷市,11,341621.0,7.2839711737607615,3.7385307030996677,3.5454404706610934,0.19309023243857482,8.64511464953208,0.8726454169971987,3.895265836757221,0.7554333430038219,0.3281999642879097,3.8657887397383197,0.17512974904938514,0.15804311356096823,0.1273253107976383,0.25502823304187977,0.30557542604670734,0.6712051389470745,0.910886625822183
11223,蕨市,11,74283.0,14.631526551570564,7.516177202588352,7.115349348982211,0.40082785360614076,9.584437998157599,0.8220723449510655,3.804535637149028,0.7766288380667089,0.30028404884024607,4.344951095192175,0.21782911298682067,0.15856328129500552,0.10614810925783827,0.23217963733290256,0.4619399739016964,0.48947508659738875,1.0
11224,戸田市,11,140899.0,11.811782923910748,5.666220877032449,6.145562046878299,-0.4793411698458506,8.954926608099475,0.9169759898934698,4.142843712647228,0.7616751720863992,0.47079113407476275,3.6064636064636066,0.1588158893959503,0.15042724899121762,0.14212308107225743,0.16369881972192848,0.4194010781839145,0.44936222529583525,0.9998509570685384
11225,入間市,11,145651.0,6.855074889130616,3.2570496192787215,3.5980252698518953,-0.3409756505731738,8.252699124296488,0.8888576116882136,3.525383375478757,0.7185954426596937,0.35701093710307513,4.271144741170917,0.19991623813087447,0.1517071348524468,0.11403972509629182,0.2947044647822535,0.29554113049592046,0.7546486753332237,0.8412575265531991
11227,朝霞市,11,141083.0,11.524757088626677,6.049829379599556,5.474927709027122,0.5749016705724349,8.963957963875774,0.8291714806177923,4.451481550255989,0.7812068447913539,0.3171608202263916,3.3876674981147397,0.15707066053316132,0.1409786850795557,0.13542382852647022,0.19515462529149508,0.3686305223451186,0.5373252858958069,0.9814506354415486
11228,志木市,11,75346.0,9.663440704896722,4.882276469738553,4.781164235158168,0.10111223458038424,9.027081359333186,0.7953972340933825,4.149069660985002,0.7753682727859617,0.22695299020518675,3.8539668209005757,0.1772091418257107,0.15106520335700457,0.1313540201205107,0.24804236455817164,0.33456669316861354,0.6567028985507246,0.994677886019165
11229,和光市,11,83989.0,16.09023442101543,8.083402049711392,8.00683237130404,0.0765696784073507,8.939637166134897,0.8627677433949684,4.326501601850084,0.80743154839784,0.3464858493374132,3.0869605311693102,0.14928145352367572,0.13702214715607675,0.13569634118753646,0.17907106883044208,0.44265052980465025,0.43970223325062036,0.9947254997678268
11230,新座市,11,166017.0,8.91161695070067,4.807345624113646,4.104271326587025,0.7030742975266207,8.942533211187312,0.8798195365534854,3.880716714887569,0.7497788002123518,0.30630598071281856,3.7497543399934488,0.17700596926820747,0.17762683255516387,0.1260352855430468,0.2540703662877898,0.3619795203302822,0.6550620248099239,0.9427046627754989
11231,桶川市,11,74748.0,7.107803483794424,3.707598554710673,3.4002049290837513,0.30739362562692124,8.014669715041627,0.8396612618397816,3.7360469508120513,0.7535837315257251,0.32301867608497886,3.859405464597634,0.18126237491304115,0.1469885542838093,0.11520040669984481,0.29600791994434633,0.2775760326827054,0.7434895833333334,0.8295205222882217
11232,久喜市,11,150582.0,7.456814328105129,4.019181856718949,3.43763247138618,0.5815493853327681,7.512013471674645,0.9410885763238634,3.633758376633715,0.6957045818738744,0.3893758882203716,3.8636146746465623,0.1950830776586843,0.16129443963866874,0.10982056288268185,0.30612556613672287,0.29307006736323343,0.7535500157778479,0.6545669469126456
11233,北本市,11,65201.0,7.203480712075253,3.902013052670282,3.30146765940497,0.6005453932653124,8.1235717920002,0.825478136838392,3.6527061641329297,0.7288558848656108,0.29505682428183616,4.367772750125691,0.19518105550528367,0.15213248340671615,0.10111808101102744,0.32488765509731443,0.28479070786763094,0.7023121387283237,0.8055397923344734
11234,八潮市,11,93363.0,10.817361593080989,5.6761518338583095,5.141209759222679,0.5349420746356308,8.552768147940062,0.9394620995469297,3.819714465672895,0.6602326156891859,0.4916401572357358,3.4324694227803003,0.16757173612673115,0.1852826708060561,0.12140783822285059,0.2279596842432227,0.39777429019831645,0.5645977011494253,0.9706843181988583
11235,富士見市,11,111859.0,10.682162886670664,5.4327889668794755,5.249373919791189,0.18341504708828613,8.647935420301138,0.7541369044958385,3.908170265001083,0.7527519051651143,0.23772785381596473,3.728909952606635,0.17178769701141616,0.15719827501329187,0.12209120410516812,0.2429040130879053,0.3937495089180482,0.5887003470883146,0.926282194548494
11237,三郷市,11,142145.0,8.132843716585064,4.328465304744218,3.804378411840846,0.5240868929033711,8.459081589206459,0.9041471736606986,3.8032083178611216,0.7112535827424951,0.3818002743677231,3.8076443102997937,0.18521228323191108,0.17998189772213002,0.1277709381265609,0.2715677653100707,0.3270906425524205,0.6088282504012841,0.92487952442928
11238,蓮田市,11,61499.0,7.358740652255731,3.798006905467101,3.56073374678863,0.23727315867847032,7.7598723996210275,0.8395583668027122,3.7833501548741864,0.7342757192832156,0.30115936844501534,4.545454545454546,0.1800029268768598,0.1496037695437995,0.10957901754500073,0.32361501813037613,0.27744801289358856,0.7589147286821706,0.6892144587716873
11239,坂戸市,11,100275.0,8.975028103420588,4.5808575558053635,4.394170547615224,0.18668700819013972,7.818080295922296,0.9239591124407879,3.556219805431162,0.7086401514277141,0.2936125654450262,5.737847599982593,0.2011867364746946,0.14434108169248172,0.11396659187235103,0.29354275741710295,0.36853579053826274,0.638165219327544,0.6770381451009724
11240,幸手市,11,50066.0,6.825679801643409,3.639269687096576,3.186410114546833,0.45285957254974285,7.297092603052478,0.8903447449366836,3.3408889923202234,0.679805942995755,0.35337354691806816,4.866691391601764,0.2162944912715216,0.17257212163215807,0.09821036232173531,0.35219510246474656,0.29275320558997264,0.7418111753371869,0.5165381696161068
11241,鶴ヶ島市,11,70117.0,9.125665845695629,4.606506672776218,4.519159172919411,0.08734749985680738,8.328242865096808,0.8415362893449521,3.6922699837617574,0.7249831779294434,0.31938046408146387,4.40176438154751,0.19427528274170316,0.14934794450318822,0.1122694924198126,0.2886746438096325,0.3327650645859288,0.6274447949526814,0.8343625654263588
11242,日高市,11,54571.0,6.401313847062297,3.400870977266017,3.00044286979628,0.4004281074697373,7.3181987662676935,0.9824082388081582,3.4117574562484596,0.6667457399280433,0.4522915101427498,4.395978228001209,0.2096718037052647,0.17261692958526076,0.11518938630408092,0.3292224808048231,0.2762739922151134,0.7682539682539683,0.4550585475802166
11243,吉川市,11,71979.0,7.619205480965799,3.7584949444720706,3.860710536493729,-0.10221559202165865,7.7303398570072055,0.8200308423290126,3.78144,0.7166975499279391,0.3223162311229664,3.384484228473998,0.17129996248905932,0.16515191623283043,0.14425040636852415,0.24055627335750704,0.253730807863395,0.6859886201991465,0.8294363633837647
11245,ふじみ野市,11,113597.0,8.992746095898184,4.813240339039273,4.179505756858911,0.6337345821803613,8.978755214937275,0.825532364411032,3.9539157687814104,0.7438155551157728,0.2597955931934822,3.886025145987484,0.16125425847513578,0.14941618840292892,0.1265614408831219,0.25807899856510297,0.3526693420892618,0.625805152979066,0.9371990457494476
11246,白岡市,11,52214.0,7.1158690176322414,3.6085031676971226,3.5073658499351192,0.1011373177620029,7.656707633788374,0.7988470525146513,3.8308930593755055,0.7349632869864083,0.26954456659133563,3.7660678042546794,0.16782855172942124,0.14333697859709416,0.12439192553721225,0.2795610372696978,0.2466315172817809,0.7838354854136776,0.723062780097292
11301,伊奈町,11,44841.0,8.001420896052574,4.07397540073709,3.9274454953154834,0.1465299054216065,8.054823272470095,0.9685778640083852,3.7129863326825086,0.710765858075585,0.3164514618318057,3.3486872409028097,0.15994290939095918,0.14578468283848833,0.13886844628799536,0.243527129189804,0.28196481762490866,0.7272234273318872,0.837470172386878
11324,三芳町,11,38434.0,7.354790379110147,3.890092837841453,3.4646975412686944,0.42539529657275865,7.921218255224998,1.1425560701462247,3.8091386740657653,0.6948668114782212,0.7425196440651507,3.6780090298425288,0.17424676068064734,0.18063336000914598,0.12057032835510226,0.2999947962741323,0.2631543892367124,0.7965540092776673,0.7777228495602851
11326,毛呂山町,11,35366.0,7.777049589613956,4.000873825796586,3.77617576381737,0.22469806197921544,7.494411553213955,0.9440423005146186,3.1922967796850616,0.7349097278361627,0.3479047672906181,6.222755701560427,0.19880676355821975,0.14686068445163025,0.08369620539501216,0.32782898829384155,0.4106983844294619,0.6323891625615764,0.5383701860544026
11327,越生町,11,11029.0,6.7026122524867535,3.374546806730501,3.3280654457562515,0.046481360974249326,6.726552611882607,0.911324689455073,3.199209814930339,0.6727611940298508,0.27808504850847765,4.490377761938703,0.24489980959289145,0.20335820895522383,0.08459515821924019,0.36122948590080695,0.2704237658366099,,
11341,滑川町,11,19732.0,8.169256466062661,4.221288657184796,3.9479678088778662,0.2733208483069292,6.809923540365887,0.9455706466653152,3.6053994490358128,0.6301749893299189,0.47466045003040747,3.2517807370703005,0.16110885870666938,0.15055484421681609,0.1552300831137239,0.2336813298195824,0.2895287958115183,0.6637390213299874,0.34218528278937765
11342,嵐山町,11,17889.0,7.58887349953832,3.722299168975069,3.86657433056325,-0.144275161588181,6.757469175921294,1.0377885851640674,3.2116889674324667,0.6112555090970732,0.5050030745150651,3.77337973031753,0.19324724691150988,0.17742117753418463,0.09307395606238471,0.3280228073117558,0.32399512789281365,0.7691237830319889,0.6487226787411259
11343,小川町,11,28524.0,5.566890119498689,2.7324395220052464,2.834450597493442,-0.10201107548819587,6.930591531255871,0.84774225213855,3.1190203145478375,0.6706383593298672,0.30693451128873933,5.033603072280894,0.24425045575655588,0.18212016175621026,0.08017809563876034,0.38890057495442437,0.2625223233268135,0.8490077653149266,0.18510727808161548
11346,川島町,11,19378.0,5.479085212361416,2.715441058325746,2.76364415403567,-0.04820309570992448,6.143072619738065,1.0919083496748891,3.2641598675653305,0.6013085258638315,0.6364949943234596,4.079231221808198,0.2254102590566622,0.22929871191985274,0.09309526266900608,0.3596862421302508,0.21864243425581714,0.8535911602209945,
11347,吉見町,11,18192.0,5.953461975028377,3.0022701475595914,2.9511918274687856,0.05107832009080591,6.211973050784187,0.9234828496042217,3.1666460472596807,0.6344943348720101,0.4212840809146878,4.898732914297117,0.2375769569041337,0.19366344943348723,0.0838830255057168,0.33784080914687775,0.2104725787631272,0.9286775631500743,
11348,鳩山町,11,13560.0,4.991394148020654,2.4096385542168677,2.5817555938037864,-0.17211703958691912,6.7042727720670845,0.970575221238938,3.3924798567591763,0.6937847397675594,0.2655604719764012,4.7336328626444155,0.2413716814159292,0.20784908202796026,0.06946902654867257,0.4591445427728614,0.21955753857594348,,0.5070058997050148
11349,ときがわ町,11,10540.0,5.870841487279844,2.671232876712329,3.1996086105675148,-0.5283757338551859,6.427956327420756,0.9308349146110056,3.0479014598540144,0.5975992613111727,0.4821631878557875,3.835908364411295,0.25426944971537,0.23010156971375806,0.08349146110056926,0.38823529411764707,0.25351776770808493,,
11361,横瀬町,11,7979.0,6.722799631627417,2.9996053150901196,3.7231943165372976,-0.723589001447178,6.786233297688034,0.8269206667502194,3.2244404113732608,0.635484713875098,0.32171951372352425,3.79587732528909,0.22446421857375612,0.16488110791742883,0.10590299536282742,0.3400175460584033,0.2571521456436931,,
11362,皆野町,11,9302.0,5.046181572426222,2.4892993917548996,2.5568821806713222,-0.06758278891642261,6.243731605179906,0.9052891851214793,2.9992175273865413,0.6229434302456615,0.41560954633412167,4.519044544867656,0.21834014190496667,0.20869957178273613,0.10062352182326381,0.38464846269619435,0.25671140939597314,,
11363,長瀞町,11,6807.0,4.476205434270457,1.9632479974870425,2.5129574367834144,-0.549709439296372,6.629593924964422,0.8755692669311004,3.117491499811107,0.6195520581113801,0.3800499485823417,3.4200526161940954,0.2265315116791538,0.24213075060532685,0.09167033935654473,0.3962097840458352,0.23124278568680262,,
11365,小鹿野町,11,10928.0,3.866414869297287,1.480966106748832,2.3854487625484544,-0.9044826557996223,5.902563789699527,0.9458272327964861,2.872546755945509,0.5503246753246753,0.40492313323572476,3.4818941504178276,0.25,0.24891774891774887,0.09498535871156662,0.38872620790629575,0.2516843118383061,,
11369,東秩父村,11,2709.0,3.5328345802161265,1.1221945137157108,2.4106400665004157,-1.288445552784705,5.888099376309052,0.8715393133997785,2.804563492063492,0.566358024691358,0.27205610926541157,3.571428571428571,0.24621631598375784,0.2368827160493827,0.06386120339608711,0.4654854189737911,0.2388663967611336,,
11381,美里町,11,11039.0,5.5966307908282635,3.00421151146467,2.5924192793635936,0.4117922321010763,6.058040350599855,1.0669444696077544,3.152832674571805,0.5616594051903769,0.541896910952079,4.7111913357400725,0.2184980523598152,0.2172759992422807,0.10499139414802065,0.3369870459280732,0.2108009392121054,,
11383,神川町,11,13359.0,7.782741594168822,4.036366486401756,3.7463751077670664,0.28999137863468927,6.212290253726786,0.9023879032861741,2.963955965909091,0.520925954315499,0.3532450033685156,4.620558561193157,0.21790553185118647,0.2173846389697992,0.10135489183322105,0.3279437083614043,0.2987263604785797,,
11385,上里町,11,30343.0,7.687520471667213,4.127088110055683,3.5604323616115297,0.5666557484441533,6.948895904052968,0.8723923145371255,3.117284398346268,0.576824670078104,0.3944896681277395,4.764347547290798,0.20960353294005207,0.18011042283867496,0.11152489865866921,0.2742642454602379,0.26877537212449254,0.7887788778877888,0.19352074613584683
11408,寄居町,11,32374.0,6.683504340962905,3.248618784530387,3.4348855564325174,-0.186266771902131,6.666915402045916,0.9925866436028912,3.1037796284433057,0.6158396114812278,0.43964292333353927,4.77856168850418,0.22147402236362512,0.1836747400535459,0.09943164267622166,0.3368134923086427,0.29390437344210285,0.8444767441860465,
11442,宮代町,11,34147.0,7.947178154223058,4.514355710913925,3.432822443309133,1.0815332676047924,7.6796866979917695,0.8143028670161361,3.4974406700791065,0.7321326653560783,0.19893402055817494,4.034810126582278,0.18575570328286525,0.16247067030249218,0.10867718979705392,0.32137523062055234,0.317488666025553,0.7805044308111793,0.5661990804463056
11464,杉戸町,11,43845.0,6.666360589504613,3.3745007116294015,3.2918598778752126,0.08264083375418943,7.287551973452539,0.9132854373360703,3.4635472782309784,0.6949670287044221,0.34300376325692783,3.9403819282720076,0.20663701676359905,0.17789953452288598,0.10616946059984035,0.3285665412247691,0.25690045248868776,0.8255107675317505,0.552582962709545
11465,松伏町,11,28266.0,6.522597551782317,3.1625803209247225,3.360017230857594,-0.19743690993287147,7.465639036297751,0.7946295903205264,3.3176202093334384,0.6799077211448346,0.272588976155098,3.9337904287000485,0.2091912545107196,0.19544373152620576,0.1085756739545744,0.2973537111724333,0.2285607755406413,0.8800738007380073,0.6895917356541428
12101,中央区,12,211736.0,13.3690998004268,7.437212796651964,5.931887003774837,1.5053257928771264,8.54005618886544,1.2226404579287415,,0.7960585249328158,0.7078248384781048,3.949395056351643,,0.13425787686761115,0.10309064117580383,0.21571201874031815,0.5243409571048039,0.46869409660107336,0.9675444893641137
12102,花見川区,12,177328.0,10.62362966479058,5.484731357790285,5.138898307000294,0.34583305078999116,8.682228407014996,0.7984356672381124,,0.7908236073594618,0.24652057204727962,3.9645636532719886,,0.13477906324856026,0.1052851213570333,0.276200036091311,0.378571957815703,0.5800611620795108,0.8911903365514753
12103,稲毛区,12,160582.0,10.861222274121673,5.845000189362857,5.016222084758814,0.8287781046040422,8.975939108464537,0.9383492545864418,,0.8086791852783439,0.30483491300394816,4.1776903577909215,,0.13264524336123273,0.11569167154475594,0.2601474636011508,0.3997543461829176,0.6032128514056225,0.9767657645315166
12104,若葉区,12,146940.0,9.164560067047784,4.8105423102867935,4.354017756760992,0.45652455352580046,7.856660040411712,0.8718116237920239,,0.7627774868694562,0.2757520076221587,4.850982878883957,,0.16907062725123367,0.10628828093099224,0.3041649652919559,0.3562713290636249,0.6168064616340478,0.7978018238736899
12105,緑区,12,129421.0,7.977465572402282,4.026212886972381,3.9512526854299006,0.07496020154248002,7.952015311656462,0.81052533978257,,0.7766308545748192,0.24483661847768137,3.5211625425537316,,0.13325960255600033,0.14010091098044367,0.2297154248537718,0.257190069638431,0.7087912087912088,0.8186615773328904
12106,美浜区,12,148944.0,10.045694426567126,5.8083408418071825,4.237353584759943,1.5709872570472392,8.857324493678304,1.1583011064561177,,0.8226689345910004,0.647411107530347,3.7834942645024032,,0.11428792330292248,0.12154232463207648,0.26259533784509614,0.334988260980096,0.6392707278252062,1.0
12202,銚子市,12,58431.0,4.921646352758122,2.270959137554181,2.650687215203942,-0.3797280776497611,6.7329809710412505,0.9912546422275846,3.215408008109478,0.5834824304014886,0.4027143126080334,4.867919389978213,0.2511338159538601,0.2773563300651256,0.0765004877547877,0.3774195204600298,0.3680846892766124,0.785744411640658,0.4774862658520306
12203,市川市,12,496676.0,11.176827296248383,5.728492884864165,5.448334411384217,0.28015847347994827,9.086598504009292,0.8077962293326032,4.380310703920787,0.7982482191482865,0.24696180206009552,3.4894939749308684,0.16265331926648358,0.15180427571725552,0.11529649107265098,0.20810145849608194,0.45178600131059976,0.4807405566600398,0.9791211977224589
12204,船橋市,12,642907.0,9.154548940318112,4.728415612733738,4.426133327584375,0.30228228514936256,8.97438008522502,0.8440443174518243,4.115685234857463,0.7983306876952225,0.29896236936290943,3.5858868446170553,0.15969650353783674,0.13357229419495797,0.12533072435048925,0.23762845948169797,0.3775186383554738,0.5984569165642496,0.9603628518588225
12205,館山市,12,45153.0,7.960233273637324,3.873352619736419,4.086880653900905,-0.21352803416448546,6.586011102554418,1.0291674971762674,3.1908127208480566,0.7774235984618498,0.39507895377937235,3.7451906686796863,0.23703851349854937,0.2475207447885044,0.09126746838526786,0.3927535268974376,0.37244695617687884,0.7562468128505865,0.3137997475250814
12206,木更津市,12,136166.0,8.124639185051482,4.442317107926602,3.6823220771248804,0.7599950308017217,7.247434626952606,0.9782765154296961,3.845424393889849,0.707930553551676,0.3835685854031109,3.5336508722009157,0.17518323223124715,0.16494333028743646,0.12590514519042934,0.2744444281244951,0.3486827426413799,0.6323090430201932,0.7513769957258053
12207,松戸市,12,498232.0,9.040458038149863,4.815795521537985,4.224662516611877,0.5911330049261084,9.032172755392287,0.8236303569421475,3.964664714937263,0.790500533428165,0.2629558117503492,4.00723700773626,0.18233272852807528,0.1541518492176387,0.11410346986945841,0.2560955538785144,0.4028432735319208,0.5902415501293236,0.9781928900592495
12208,野田市,12,152638.0,6.767705714546237,3.5984577107947215,3.1692480037515147,0.4292097070432075,7.370122941793181,0.9448695606598619,3.42588109852742,0.6953141475347608,0.3624916469031303,3.844646019493599,0.21019667448472856,0.1825837562738124,0.1141655420013365,0.30825220456242874,0.3101460233448325,0.7709592437625911,0.6609166786776556
12210,茂原市,12,86782.0,6.402208220262984,3.268072815364368,3.134135404898615,0.13393741046575278,6.944035009826959,0.9516950519693024,3.291545788298118,0.6815700010301844,0.3769906201746906,4.982380579483164,0.21423797561706345,0.1764963428453693,0.09950220091724091,0.33156645387292294,0.31206938477749857,0.7693766937669376,0.36905118572975965
12211,成田市,12,132906.0,13.106033854499282,5.622130895048047,7.483902959451235,-1.8617720644031888,6.718044818353873,1.2186733480805982,3.653343023255814,0.7698127190476926,0.6632808150121138,3.8450689588622162,0.1901720012640513,0.1588105420803162,0.12635998374791205,0.23589604683009044,0.4305458537072149,0.54077401520387,0.6557115555354912
12212,佐倉市,12,168743.0,6.477056859344212,3.1886776869255367,3.2883791724186753,-0.09970148549313887,7.62576101870989,0.8579022537231175,3.9008461098034224,0.7667002572330213,0.30483634876705995,4.11056439206113,0.20147798723502605,0.1598689967912169,0.11016160670368548,0.3259394463770349,0.2711639645805706,0.7988530465949821,0.8075357200002371
12213,東金市,12,58219.0,8.787417734059868,4.350364446960583,4.437053287099285,-0.08668884013870214,6.679728361641141,0.9958604579261066,3.2425113826982987,0.701617735170761,0.399525927961662,5.133397278766564,0.24212027001494357,0.19682444577591374,0.10374619969425788,0.29480066644909736,0.3600473279432065,0.7056514913657771,0.23920026108315154
12215,旭市,12,63745.0,6.322395379601846,2.813538540960862,3.5088568386409835,-0.6953182976801213,6.29272440698364,0.9375794179935681,3.229354502676102,0.5823536807694726,0.38829712134285044,4.347564642212869,0.2554710173346929,0.2721443389702647,0.11247941014981568,0.3112871597772374,0.3044625917677143,0.7737746124842899,0.08071221272256647
12216,習志野市,12,176197.0,10.3606407584021,5.264841095342794,5.0957996630593065,0.16904143228348706,9.042483749347408,0.9032787164367158,4.3580774891925405,0.792522868885059,0.32390449326606013,3.6172709003682324,0.1460240526229164,0.12722210839670733,0.12591587824991346,0.22975987105342316,0.3804735892616095,0.5797674993816473,0.9988422050318677
12217,柏市,12,426468.0,9.01780940237733,4.729979846172829,4.2878295562045,0.4421502899683297,8.328952050502837,0.9175764652916514,4.159986009429262,0.7962384941236423,0.3463190673157189,3.5921003474905446,0.17991736777436995,0.1494410293977132,0.1250574486245158,0.25842970633201084,0.3570629772821676,0.6691127073536252,0.9152761754692028
12218,勝浦市,12,16927.0,7.7039374219417605,3.464142509695655,4.239794912246105,-0.7756524025504503,6.307852710493968,0.9566964021976724,3.2390882638215324,0.7425036977275783,0.3575943758492349,5.537914390956433,0.2510781591540143,0.28223746134193894,0.06764340993678739,0.43067288946653276,0.44953454189122977,0.683291770573566,
12219,市原市,12,269524.0,6.822278264714589,3.2571263691584758,3.565151895556114,-0.30802552639763775,7.06659431384388,0.951447737492765,3.6250853703086037,0.6595382005632504,0.3960983066443063,3.8168180774135294,0.19187901633991777,0.15767716859632075,0.1114780130897434,0.29185156052893246,0.3553884882296911,0.6903936188659615,0.6478384114216174
12220,流山市,12,199849.0,9.387849192235677,5.064875189356517,4.3229740028791594,0.7419011864773571,8.717025271861047,0.7868690861600508,4.4801203166640535,0.793455497382199,0.2169588038969422,3.0702867292565337,0.1477915826448969,0.13029820168449802,0.15597776321122447,0.23040895876386672,0.2958036650160841,0.6765213390083976,0.9138499567173216
12221,八千代市,12,199498.0,8.959224353143808,4.742321908927292,4.216902444216515,0.5254194647107774,8.369065687280239,0.8562191099660147,4.022560362428515,0.7684104740103846,0.2985944721250338,3.5653522279413346,0.15701911798614523,0.1368991122773714,0.1282218368103941,0.2530852439623455,0.3233253363439646,0.6427928940859006,0.9192924239842003
12222,我孫子市,12,130510.0,7.62429845336095,3.8075801305238466,3.8167183228371035,-0.009138192313257232,8.089076457647206,0.8130258217761092,3.964323886639676,0.7990765536984025,0.20712589073634205,4.042462694502534,0.18483641100298828,0.14832394496260037,0.10953949888897402,0.30556279212320897,0.31252444792148215,0.6991926991926992,0.8645697647689832
12223,鴨川市,12,32116.0,8.749048296865173,3.545301069217783,5.20374722764739,-1.658446158429607,6.212306601433912,1.0362747540166894,3.257941091539128,0.7654929577464789,0.502522107360817,2.6973151435868687,0.20871216838958775,0.2516645326504482,0.09313114958276249,0.38532195790260304,0.41395444849652513,0.7065826330532213,
12224,鎌ケ谷市,12,109932.0,8.999881556529424,4.6329619067576555,4.366919649771769,0.266042256985887,8.620421329271505,0.8070807408215988,3.7311911767571466,0.7730290545012062,0.24359604118909872,3.874330508300671,0.18302223192519013,0.14800503810601373,0.1142342539024124,0.2864316122694029,0.32638977364420096,0.7124687239366139,0.9140195757377287
12225,君津市,12,82206.0,6.688883299798793,3.24069416498994,3.448189134808853,-0.2074949698189135,6.5878274053120816,0.9804637131109651,3.531171937284082,0.6330158419235572,0.44669488845096467,3.474273829500603,0.1945478432231224,0.17240028402830487,0.1025107656375447,0.3207308468968202,0.3453026902644811,0.6641835518474374,0.5857723280539133
12226,富津市,12,42465.0,5.8376827367848225,2.8347391594726297,3.0029435773121924,-0.16820441783956266,6.235548780333514,0.9461438831979277,3.3105620958381694,0.6338145747397368,0.3862004003296833,3.217527684045435,0.21182150005887201,0.2199469652327637,0.08630636995172496,0.3795596373484046,0.3336712853441478,0.8179611650485437,0.12353703049570235
12227,浦安市,12,171362.0,11.18420284610266,5.721973827062491,5.46222901904017,0.25974480802232053,9.203721413471298,0.9600086366872469,7.764304478759531,0.8446766072340736,0.49280470582742963,3.0298026913233715,0.14011274378216873,0.13818685996448643,0.12583886742685077,0.1748987523488288,0.4355638629283489,0.4832917705735661,1.0
12228,四街道市,12,93576.0,6.9878868331535715,3.571724881772173,3.4161619513813988,0.15556293039077407,8.111827828956752,0.8341455073950585,3.780661127003587,0.781957442358969,0.2459177566897495,4.712798286255169,0.18145678379071556,0.1381554870078946,0.13333547063349577,0.28924083098230313,0.27903767542375085,0.7740948495665477,0.7491450799350261
12229,袖ケ浦市,12,63883.0,7.33080147069949,3.8946301311827627,3.436171339516727,0.45845879166603626,6.756159399412843,0.9545888577555844,3.7320038910505837,0.6702940881930768,0.4108448256969773,3.3146139943196493,0.18234898173222924,0.1494809226558067,0.1349654837750262,0.26700374121440756,0.2851783104932665,0.7299158377964805,0.5076624454080115
12230,八街市,12,67455.0,9.522594588104635,3.468355570230073,6.054239017874563,-2.58588344764449,6.968648634554539,0.8481506189311393,3.422217653508772,0.6404040404040404,0.3070491438736936,4.468097549564302,0.2580979912534282,0.2273951637588001,0.09299533022014676,0.31001408346304943,0.2918911154205272,0.8050515830665244,0.12999777629530798
12231,印西市,12,102609.0,7.744493470925705,3.504846461590785,4.23964700933492,-0.7348005477441355,6.990292755280833,0.9057295169039753,4.286927374301676,0.7852933801404213,0.33794306542311103,2.8580708022085095,0.18029607539299672,0.14852892009361418,0.16362112485259578,0.2309543997115263,0.2010649682858709,0.8810390871570769,0.6553616154528356
12232,白井市,12,62441.0,7.849818380532965,3.0875309395994726,4.762287440933491,-1.6747565013340193,7.625563042408867,0.8361172947262215,3.968187085220689,0.7485924793216098,0.31998206306753574,3.4753438443475346,0.18230009128617414,0.16841593104886354,0.13798625902852293,0.2738745375634599,0.23413521360431355,0.8271086865295846,0.708364696273282
12233,富里市,12,49735.0,14.070281405628112,5.240104802096042,8.83017660353207,-3.5900718014360287,6.981917385660165,0.8657886800040213,3.2572794808299887,0.687452195966346,0.34440534834623504,4.255155135864328,0.24230421232532423,0.21025723602109414,0.10819342515331255,0.2821956368754398,0.3576819283721356,0.6961299569995222,0.3569719513421132
12234,南房総市,12,35831.0,4.6820877120882995,2.3072858568660837,2.3748018552222154,-0.06751599835613221,5.818705464156003,0.9051938265747537,2.9628203229151238,0.6532923005458134,0.29334933437526167,3.247191011235955,0.25581200636320506,0.33776564858901403,0.08375429097708688,0.4715190756607407,0.29653620619119053,0.9270175438596491,
12235,匝瑳市,12,35040.0,5.541539016038926,2.279690034240404,3.261848981798522,-0.9821589475581186,6.002830262707374,0.9545376712328767,3.1761267605633803,0.5855345911949685,0.334560502283105,4.475818564133373,0.2457191780821918,0.28622641509433966,0.09905821917808219,0.35904680365296804,0.25793897882938976,0.8499210110584519,
12236,香取市,12,72356.0,6.046712181099533,2.3097376931369027,3.7369744879626308,-1.4272367948257276,5.84267479139561,0.9214301509204489,3.2043571546459813,0.6283718553012664,0.34753164906849465,4.160883881677416,0.2355022389297363,0.24958827872110856,0.09172701641881807,0.3684421471612582,0.2684619857537433,0.8376068376068376,0.12330698214384432
12237,山武市,12,48444.0,7.012252591894439,2.806576604880092,4.205675987014347,-1.399099382134255,6.112535121004289,0.8952605069771282,3.091372568430431,0.6236563619698359,0.31564280406242257,4.799301919720768,0.28073652051853687,0.25839513373885514,0.08919577243827925,0.3577119973577739,0.27603655702999946,0.8839750260145681,
12238,いすみ市,12,35544.0,5.699466935600057,2.656677712145224,3.0427892234548337,-0.3861115113096095,5.9677770342471455,0.895988071123115,3.0770594073443926,0.6797777919673074,0.2905413009227999,6.529394210683378,0.2702003151024083,0.24136389757997578,0.08896016205266712,0.42384087328381725,0.2907668881506091,0.8927805575411007,
12239,大網白里市,12,48129.0,6.779269827947965,3.300461603021402,3.4788082249265635,-0.17834662190516157,6.878456128258244,0.7657129797003885,3.473973641793875,0.707917055192931,0.19568243678447506,4.235234085980355,0.23092106630098277,0.20336574752453263,0.10575744353716054,0.32766107752082946,0.26135315222962585,0.8235591506572295,0.10683787321573272
12322,酒々井町,12,20745.0,11.803931326200548,4.916645931823837,6.88728539437671,-1.9706394625528738,7.27561396914689,0.8645938780429019,3.305861994375946,0.8005452562704471,0.3714147987466859,5.111754966887417,0.19127500602554834,0.1375136314067612,0.09684261267775368,0.32827187274041936,0.37828315182575273,0.687089715536105,0.6051096649795131
12329,栄町,12,20127.0,6.374847125968203,3.1237260497350183,3.2511210762331837,-0.1273950264981655,6.537705675463939,0.7592785810105828,3.0769404077954263,0.7725903614457831,0.23292095195508522,6.46005232441135,0.2467829284046306,0.15017211703958688,0.08173100809857406,0.3895265066825657,0.24298500241896467,0.8447432762836186,0.43101306702439507
12342,神崎町,12,5816.0,7.206247781327653,3.780617678381257,3.4256301029463967,0.3549875754348598,5.907725367991975,0.8700137551581844,3.151705213641709,0.6165439887837364,0.31963548830811556,5.310321938267507,0.23005502063273728,0.25692253767963547,0.08700137551581844,0.3457702888583219,0.2742006132282085,,
12347,多古町,12,13735.0,5.831967823625801,2.889915090123641,2.94205273350216,-0.05213764337851929,5.573770190024018,1.0161630870040044,3.9948790393784215,0.5891555084184011,0.4974153622133236,3.2080071859360966,0.25970149253731345,0.3014715630385788,0.09042591918456498,0.37109574080815433,0.26736592123490993,,
12349,東庄町,12,13228.0,4.783057031807727,1.9909574046164829,2.792099627191243,-0.80114222257476,5.813284201222016,0.8252192319322649,3.3304347826086955,0.5344227568467241,0.2842455397641367,3.475974879509274,0.24228908376171757,0.2653956725677107,0.09479891140006048,0.39212276988206834,0.22630434782608697,,
12403,九十九里町,12,14639.0,5.705512710654099,2.627820622679234,3.0776920879748646,-0.4498714652956298,6.460307568611218,0.8792267231368263,3.020877565463553,0.5912863070539419,0.33089691918846914,4.8907681465821,0.26531866930801284,0.2673384706579728,0.07589316210123642,0.4043992075961473,0.31273317112733173,,
12409,芝山町,12,7033.0,7.465382299819385,2.995183624322697,4.470198675496689,-1.4750150511739917,5.4292318859566215,1.611261197213138,6.609698202780604,0.5795111233177699,1.1805772785440067,3.8298996302165875,0.25806910280108064,0.3312276847020049,0.08602303426702687,0.37380918526944407,0.25478468899521534,,
12410,横芝光町,12,22075.0,5.308893414799728,2.7562797012898845,2.552613713509844,0.20366598778004072,5.949373143452994,0.8765571913929785,3.2210561571954894,0.5871929495593474,0.32013590033975087,3.8319358038048867,0.2493771234428086,0.274235889743109,0.10074745186862967,0.37576443941109855,0.2554762192908145,0.8825,
12421,一宮町,12,11897.0,13.860419716935091,4.57133561086709,9.289084106068,-4.717748495200911,6.569231808802782,0.8880390014289317,3.825865779690863,0.7056487998556217,0.2784735647642263,4.184679232232405,0.25418172648566867,0.27143114961198345,0.12129108178532404,0.3269731865176095,0.3201851479170859,,
12422,睦沢町,12,6760.0,4.168575355016033,2.366773553214231,1.8018018018018018,0.5649717514124294,5.739624287343947,0.8377218934911242,2.921810699588477,0.641182139415355,0.3056213017751479,4.7721015601101255,0.23624260355029586,0.20044972695149377,0.09822485207100591,0.4205621301775148,0.214314762098414,,
12423,長生村,12,13803.0,6.616926671188485,3.0522269952520915,3.564699675936393,-0.5124726806843017,6.245359381291317,0.8191697457074549,3.130539748232454,0.6737126509853782,0.2987031804680142,4.695546803998788,0.22741433021806853,0.19135410044500956,0.09237122364703325,0.3434036079113236,0.29865951742627345,,
12424,白子町,12,10305.0,12.307247494217425,2.467232074016962,9.840015420200462,-7.372783346183501,5.988073892370121,0.8302765647743814,3.384559535333979,0.6085828343313373,0.27540029112081515,5.0416982562547386,0.2786026200873362,0.2704590818363274,0.09160601649684619,0.40388161086851043,0.27789881384652626,,
12426,長柄町,12,6721.0,5.069789828333066,2.486763998074763,2.5830258302583027,-0.09626183218353923,5.45192264139859,1.06993006993007,3.1263076327005037,0.6359191655801826,0.6402321083172147,5.454545454545454,0.2520458265139116,0.2395697522816167,0.07320339235232852,0.4404106531766106,0.24721337579617833,,
12427,長南町,12,7198.0,3.9440203562340965,1.6680802940344925,2.275940062199604,-0.6078597681651117,5.306968180927168,0.9986107252014449,2.8838416612589226,0.647775746496039,0.4574881911642123,4.897131266299623,0.2666018338427341,0.19378427787934183,0.07154765212559044,0.44665184773548205,0.20882464815519208,,
12441,大多喜町,12,8885.0,5.484072454715803,2.6858213616489697,2.7982510930668334,-0.11242973141786385,5.388105398890545,1.0769836803601576,2.8545731707317072,0.6641566265060241,0.45571187394485085,4.391648668106551,0.23241418120427687,0.23945783132530118,0.0867754642656162,0.43702870005627464,0.28994082840236685,,
12443,御宿町,12,6874.0,7.36400462962963,4.23900462962963,3.125,1.1140046296296295,6.414244834698235,0.8644166424207157,3.33786265148733,0.7460205164485321,0.24643584521384929,4.589942625717178,0.2857142857142857,0.2964273081004598,0.06764620308408496,0.5193482688391039,0.3174861608596548,,
12463,鋸南町,12,6993.0,5.854169785896092,2.6201527174726755,3.2340170684234164,-0.6138643509507411,5.93977093245888,0.869011869011869,2.9791200596569722,0.6954022988505747,0.3081653081653082,2.9017857142857144,0.2525382525382525,0.30201149425287355,0.07421707421707421,0.48062348062348065,0.3137190082644628,,
13101,千代田区,13,66680.0,20.270211375027237,9.869978935134743,10.400232439892497,-0.530253504757754,8.651496155942384,13.553989202159569,11.755408345351878,0.8711564054072984,16.671505698860226,1.856052794390596,0.15238452309538092,0.30899348602647614,0.1346130773845231,0.16274745050989803,0.5701918134350566,0.32779235928842226,1.0
13102,中央区,13,169179.0,19.96809032891507,12.253206975304689,7.714883353610381,4.538323621694308,9.715344972799794,3.743904385296047,8.331281011883705,0.8503247738723972,4.558124826367338,2.374122890195335,0.15762003558361262,0.24221453287197237,0.13645901678104255,0.145898722654703,0.525976623741715,0.4331292297776346,1.0
13103,港区,13,260486.0,16.00604974232579,7.862050937336619,8.14399880498917,-0.2819478676525506,9.456732204246737,3.7340701611602927,17.807972454871944,0.8614634041037487,4.29158572821572,2.730766000335965,0.18709642744715646,0.31275702397271365,0.13326627918582956,0.16333315418103084,0.5688439527942828,0.39580781271267185,1.0
13104,新宿区,13,349385.0,20.45407508002166,9.803893773194941,10.65018130682672,-0.8462875336317784,9.861409853190322,2.271213704080026,6.512720514961351,0.8511502794920676,1.9423615782016972,3.755072846858334,0.2437483005853142,0.24312578758602865,0.08358114973453354,0.1808463442906822,0.6780109772049933,0.33443650163268906,1.0
13105,文京区,13,240069.0,15.923856466039219,8.340946270369033,7.582910195670187,0.7580360746988464,9.964764282842353,1.4731098142617332,7.624723124773291,0.8561717079132295,0.8861410677763476,2.6318480574897505,0.15890014954034049,0.21767109685303998,0.11690389013158717,0.17503301134257235,0.5788685573957054,0.4343213963286187,1.0
13106,台東区,13,211444.0,18.99307676644268,10.012310027581867,8.980766738860813,1.031543288721053,9.94819043396318,1.4527534477213826,5.123982497738884,0.796957138183008,1.1098068519324265,3.4242318913851757,0.2049904466430828,0.2615770531137529,0.08819356425341934,0.22469306293865043,0.5904884128433574,0.39237508879943167,1.0
13107,墨田区,13,272085.0,16.44924156462538,8.542578889113198,7.9066626755121785,0.6359162136010191,9.891377483719616,1.0363342337872357,4.55376519464533,0.7872221835156413,0.5892202804270724,3.361262811401212,0.1828693239245089,0.18496326745473268,0.10301192642005255,0.2209162577870886,0.5216710505531938,0.37763934426229506,1.0
13108,江東区,13,524310.0,13.223737042746246,6.802292845472922,6.421444197273322,0.3808486481995994,9.408870860920326,1.2088516335755564,5.287079307782142,0.8098135043866348,0.7547195361522763,3.2801280210085757,0.1611165150388129,0.17280116750666052,0.12677995842154452,0.20980336060727434,0.46756098761505577,0.4422082717872969,1.0
13109,品川区,13,422488.0,14.936068568216946,7.965386422989152,6.970682145227794,0.9947042777613583,9.824965205668933,1.3779231599477382,5.982152319273308,0.8218941281723386,1.004064020753252,3.008152800043142,0.14981490598549543,0.18337772880516368,0.11133097271401791,0.188246766772074,0.5728436240508408,0.3974684616035899,1.0
13110,目黒区,13,288088.0,16.193319118692255,8.383439943141436,7.809879175550817,0.5735607675906184,9.885216675846156,1.0476000388770097,7.786703086385343,0.8560603471842537,0.45799547360528725,3.0319096060174293,0.17295409735914027,0.2510507791142701,0.1095047346644081,0.19372899947238345,0.5319516740569372,0.4334815208015394,1.0
13111,大田区,13,748081.0,12.7303958439959,6.8221071977896575,5.908288646206242,0.9138185515834165,9.400392772606939,0.9651722206552499,4.938400585947415,0.7849380356762544,0.474732014313958,3.219894267139809,0.15316656886085864,0.17916410040925812,0.10323882039511764,0.21636026045307927,0.5360910646901619,0.4028916268544129,1.0
13112,世田谷区,13,943664.0,12.146748843708366,6.355650393734903,5.791098449973462,0.564551943761441,9.696220741421445,0.9058711575306465,6.597327989311958,0.8534174627950845,0.2858549229386731,3.1986415985825376,0.17406831245019413,0.23122975783120892,0.11544363247935706,0.20138735821224504,0.5097139208121745,0.44634354271931465,1.0
13113,渋谷区,13,243883.0,17.339521698170284,8.753165486901583,8.586356211268702,0.1668092756328813,9.68908710479315,2.26069057703899,11.651704066955336,0.8716354554127497,2.3828106100056177,3.2883756129420183,0.1957947048379756,0.29811660538755913,0.0942419110803131,0.16918358393163935,0.6453328528720905,0.36546695210061547,1.0
13114,中野区,13,344880.0,17.76123425973128,9.140635528914046,8.620598730817235,0.5200367980968118,10.004322126351331,0.944580723729993,4.946943651758372,0.8587581489793737,0.3565704012990025,3.9552468607794165,0.2061818603572257,0.19419329557194254,0.08444386453259105,0.19101716539086058,0.6234803600969492,0.3242640283233911,1.0
13115,杉並区,13,591108.0,14.0588099738888,7.321878135033188,6.736931838855612,0.584946296177577,9.76163034557532,0.8425989836036731,5.561667138330063,0.8577121964373523,0.2624528850903727,3.4467443160498363,0.18224250052443886,0.20070031565756707,0.0997178180637041,0.19805517773401815,0.5858888495490966,0.38447455144635667,1.0
13116,豊島区,13,301599.0,19.61994814080721,9.6557201232674,9.964228017539812,-0.3085078942724101,10.05113530693616,1.3662843709693997,5.227580152577371,0.8469855262176784,0.8944757774395804,4.1172825776111335,0.22098216506022897,0.20607948567120404,0.08782854054555884,0.19409547113883002,0.6402630561770838,0.32730649478341617,1.0
13117,北区,13,355213.0,15.454763884017467,8.104637257690788,7.350126626326676,0.7545106313641121,9.754696493627153,0.9347011511403017,4.409033345194985,0.8112531764611721,0.35170728548786223,3.8429224681413263,0.1896495905273737,0.17210583535092805,0.10283125899108422,0.24599606433323104,0.5222888611080341,0.38942333244751526,1.0
13118,荒川区,13,217475.0,15.083813962695364,7.78979476151486,7.294019201180503,0.4957755603343561,9.971380738225406,0.8904011955397172,4.440886114896048,0.7906550809095166,0.34185078744683295,3.814585710567934,0.1987400850672491,0.20007284458088348,0.11251868030808139,0.23180135647775607,0.4952459324323116,0.49933786527765517,1.0
13119,板橋区,13,584483.0,13.356387995453556,7.133183858051455,6.223204137402101,0.9099797206493537,9.805895597034697,0.8954203971715174,4.22425556672132,0.8006093618603708,0.3354503039438273,4.075477816737267,0.1821096593057454,0.17659239100578517,0.10267877765478209,0.22687058477320982,0.5438747282202124,0.40197523122746515,1.0
13120,練馬区,13,752608.0,11.606497686770958,6.112528437769379,5.4939692490015775,0.6185591887678017,9.658433496674661,0.7990334941961819,4.7626549600178505,0.8283653995586361,0.23379501679493175,3.6364344312623738,0.16816058293294783,0.18586392316538713,0.11416301713508227,0.21166131638249924,0.47658250664245566,0.41691818903891975,1.0
13121,足立区,13,695043.0,10.767518860737015,5.817040826263541,4.950478034473474,0.8665627917900659,9.476731188547092,0.8911319155793239,3.9594369850029367,0.7690116775847337,0.319683818123483,4.322063802060588,0.18740854882359798,0.191781872357207,0.10875442238825511,0.2449647000257538,0.4734703341932118,0.4424150604606795,1.0
13122,葛飾区,13,453093.0,10.991326109347202,5.729747444224074,5.261578665123128,0.46816877910094573,9.474235294627235,0.8316879757577362,3.9952232562110477,0.7773104328676272,0.2861156539606659,4.164493597773477,0.18853524552354595,0.178807744928008,0.11378679432257836,0.246953715903799,0.4356517345127,0.5027506251420777,1.0
13123,江戸川区,13,697932.0,10.681978747639027,5.500093718009718,5.181885029629309,0.3182086883804086,9.545855953037844,0.8191585999782214,4.244689957887359,0.7815870076917774,0.26702458119129086,3.846930851836186,0.16289409283425893,0.172659555958255,0.12360803058177587,0.20885129210295558,0.4470358521455714,0.4406743685375542,1.0
13201,八王子市,13,579355.0,7.981641366308759,4.132838952355911,3.8488024139528476,0.2840365384030636,8.587261728420685,0.990877786503957,4.040752050821286,0.77795983197141,0.3868698811609462,4.316161208141195,0.188093655875931,0.16017471629501134,0.10851205219597657,0.2649567191100448,0.41525573159156476,0.5716681574239714,0.9066893355541938
13202,立川市,13,183581.0,11.093274346735962,5.860719328669527,5.232555018066435,0.6281643106030914,8.928701109179286,1.1320997270959412,4.278840115208871,0.7937557755775577,0.6273143734918102,4.1029990758440835,0.18222474003300995,0.16194059405940597,0.11890119347862796,0.24797773190036007,0.45643366555430304,0.46500447227191416,0.9959309514601185
13203,武蔵野市,13,150149.0,13.243579177756462,6.733588229731008,6.509990948025454,0.22359728170555415,9.523307977301254,1.0804001358650408,6.163051966044485,0.8514581037667034,0.5575062104975724,3.3582313414926803,0.17449999666997448,0.2008132478698803,0.11476599910755317,0.21129011848230758,0.5053741374445271,0.4221994360420405,1.0
13204,三鷹市,13,195391.0,11.37183262728547,5.9344766584250666,5.437355968860402,0.49712068956466504,9.384867053062651,0.8977537348189016,5.2345112530074,0.829718856093465,0.29349867701173543,3.3546624319843064,0.17340102665936508,0.18473099832062734,0.12010788623836308,0.21302414133711378,0.4757376503391735,0.46039809247356417,1.0
13205,青梅市,13,133535.0,7.060144843344565,3.823244645830913,3.2369001975136515,0.5863444483172611,8.147054789126733,0.9046616991799903,3.512328722056816,0.6988218228134729,0.3488898041711911,4.442491040638312,0.2030853334331823,0.17242782337956408,0.10306661174972853,0.3182087093271427,0.33891116868367815,0.7054429028815368,0.7907365110270715
13206,府中市,13,262790.0,9.962911593192285,5.265557590479621,4.697354002712665,0.568203587766956,9.097095950872845,0.9509151794208304,4.461729106191404,0.8002823046323624,0.38193995205297004,3.6140107851382774,0.17660108832147342,0.15532743060011123,0.1255222801476464,0.2160051752349785,0.4408965305495855,0.5329978082636577,1.0
13207,昭島市,13,113949.0,9.333921405839215,5.306489553064895,4.027431852774319,1.279057700290577,8.806769716792939,0.9301354114560022,3.785013702581855,0.7525338491295938,0.41956489306619627,4.106540045257261,0.18825088416747843,0.15141199226305613,0.12093129382443023,0.26330200352789407,0.3923547811402583,0.5447901049475262,0.9421495581356572
13208,調布市,13,242614.0,10.775941307217943,5.597289302605411,5.17865200461253,0.41863729799288063,9.333036244786065,0.8895818048422597,4.766880938848374,0.8324819343262508,0.3218280890632857,3.4012123508240197,0.17060433445720363,0.17006736020551239,0.11851748044218388,0.2077950983867378,0.4754035930126666,0.46805006587615283,1.0
13209,町田市,13,431079.0,7.771113745728433,4.162772857242485,3.6083408884859476,0.5544319687565381,8.818920612471084,0.9027046086680167,4.38136899387978,0.7908944355493168,0.31479612785591504,4.023324228884784,0.1792641256011079,0.16758054964577895,0.11871141948459563,0.2701824955518594,0.37197122632405333,0.5895306859205777,0.9497980648558617
13210,小金井市,13,126074.0,12.019269177305192,6.247303753175579,5.771965424129612,0.47533832904596807,9.324256186476406,0.8725986325491378,4.869233867220174,0.8426285249658129,0.2268033059948919,3.6671769857941396,0.1645938099846122,0.15940422071922233,0.1180179894347764,0.20298396180021258,0.48281596452328157,0.46627888696745795,1.0
13211,小平市,13,198739.0,9.999542680603051,5.106225133257791,4.89331754734526,0.21290758591253003,9.181764802584176,0.8904995999778604,4.396178208335551,0.8073587882612812,0.28663724784767963,3.647353570733606,0.1753103316409965,0.154887977279899,0.12615540985916202,0.22672952968466178,0.4171742112482853,0.5230786466502353,1.0
13212,日野市,13,190435.0,9.719488319529704,5.300912047623848,4.418576271905856,0.8823357757179922,8.878036460287392,0.8849318665161341,4.197083821333018,0.7859948892024867,0.28834510462887597,3.7293155781846665,0.16468086223645864,0.13397409003648753,0.1202194974663271,0.23972484049675744,0.43359517821332416,0.5323924880542282,0.9904744400976712
13213,東村山市,13,151815.0,8.398168582627887,4.460621232583419,3.937547350044468,0.5230738825389505,9.110826377455993,0.818114152093008,3.9249447815025023,0.797391331481886,0.24400092217501565,3.9574436202892036,0.19155551164245957,0.16126314475613945,0.1167210091229457,0.2684122122319929,0.38244073748902546,0.6141367323290846,0.9995257385633831
13214,国分寺市,13,129242.0,11.901158301158302,6.305019305019305,5.596138996138996,0.7088803088803088,9.33320041709709,0.8531127652001671,4.9619125887187145,0.8197900502053856,0.2618343882019777,3.688920929087616,0.16582070843843333,0.15881332724783204,0.11669581095928568,0.21033410191733337,0.467488578759622,0.5025875190258752,1.0
13215,国立市,13,77130.0,11.724654635313293,6.209335033320627,5.515319601992665,0.6940154313279617,9.158917434754459,0.953558926487748,5.222685028505975,0.8179057408164457,0.3512122390768832,3.6599431738262025,0.18415661869570854,0.18597792442913041,0.10952936600544536,0.23010501750291715,0.46888325005885895,0.4590373783922171,0.9848048748865552
13218,福生市,13,56414.0,12.297196988441554,6.11678625711357,6.180410731327984,-0.06362447421441447,8.642900082462791,0.9163505512815968,3.485046558334855,0.7471318899335806,0.2734427624348566,4.47035556837378,0.23572162938277733,0.17126714396618647,0.10089694047576843,0.26860353812883325,0.46427428246256713,0.4423631123919308,0.9999645478072818
13219,狛江市,13,84772.0,11.238543291731668,5.757605304212168,5.480937987519501,0.2766673166926677,9.494552481219767,0.7429221912895767,4.521496740054805,0.825347195080643,0.1916670598782617,3.696175850647395,0.17752323880526588,0.18252169155006648,0.11484924267446799,0.23546689944793092,0.4778758983512612,0.48210425174153254,1.0
13220,東大和市,13,83901.0,7.334462798249329,3.9366558426278884,3.3978069556214407,0.5388488870064474,8.90377945593495,0.8028986543664557,3.811433922154173,0.771588652868061,0.25216624354894457,4.15526185448763,0.1914518301331331,0.16966301302798703,0.12706642352296157,0.2732148603711517,0.3246259403157808,0.6226568867155664,0.9911204872409148
13221,清瀬市,13,76208.0,9.443948220927597,5.285891402594286,4.158056818333311,1.127834584260975,8.933649088535557,0.8651453915599412,4.030935650348427,0.791037981269511,0.23762597102666386,4.321583024796989,0.18895653999580098,0.17420005202913635,0.11429246273357128,0.28188641612429144,0.4152586058766252,0.5320945945945946,0.9653054797396599
13222,東久留米市,13,115271.0,8.038684719535784,4.268214055448098,3.7704706640876857,0.4977433913604126,9.111865598929567,0.8295147955687033,4.157593282544625,0.7879959861186604,0.2619652818141597,3.94200453842601,0.19009117644507292,0.17736338169502863,0.1191539936323967,0.284069713978364,0.3548273569780628,0.6142857142857143,1.0
13223,武蔵村山市,13,70829.0,7.587416544076044,3.875749688808419,3.711666855267625,0.1640828335407944,8.488373073756042,0.9539454178373266,3.5589453384338148,0.6987717922873036,0.3605302912648774,4.191852355234451,0.20758446399073827,0.19416134692201437,0.13236103855765294,0.2660915726609157,0.33021765255708374,0.6214142761841227,0.9474085473464259
13224,多摩市,13,146951.0,8.8632127711299,4.774992571783582,4.088220199346317,0.6867723724372653,8.870139157452593,0.995209287449558,4.149174982156103,0.8249569146210816,0.4347027240372641,4.264522266484333,0.1905669236684337,0.15226605803716986,0.11280630958618859,0.2897700594075576,0.3856248354156304,0.5421704087507196,0.9831032112745065
13225,稲城市,13,93151.0,8.775927424507007,4.535968312108693,4.239959112398314,0.2960091997103795,8.708259163494377,0.8048866893538449,4.662798783137766,0.7922503797651484,0.2667282154780947,3.337606339587461,0.1597728419447993,0.14939840378077307,0.14095393500874923,0.2156391235735526,0.34937311935807425,0.5751926423067363,0.9375207995620015
13227,羽村市,13,54326.0,9.625688208993829,4.700144108191997,4.925544100801833,-0.22539999260983629,8.617319278527383,0.9518462614586017,3.693322776458168,0.6899530672425966,0.44170378824135775,4.152070063694267,0.19506313735596215,0.14993562320887155,0.12021867982181644,0.2711040753966793,0.3572659632603304,0.6090721649484536,0.9857342708831867
13228,あきる野市,13,79292.0,6.7727525112311335,3.655797284336985,3.1169552268941496,0.5388420574428349,7.896502256464327,0.8492912273621551,3.6115473314298265,0.7126968364306994,0.2611360540785956,3.849301615015277,0.20963022751349442,0.18975741239892185,0.11646824395903749,0.3000554910962014,0.27814070351758796,0.77386150966937,0.8048605155627302
13229,西東京市,13,207388.0,9.688477296419308,4.9639991272515696,4.724478169167737,0.23952095808383234,9.491237023331742,0.8086147703820857,4.401463685159143,0.828077856672943,0.22803633768588347,3.9273805113004814,0.18024668736860378,0.16586511195299558,0.11913418327000598,0.2336007869307771,0.41132760898282694,0.535868448098664,1.0
13303,瑞穂町,13,31765.0,8.018617436666355,4.335738606191235,3.68287883047512,0.6528597757161153,7.7220754625743355,1.1118211868408625,3.464803171131766,0.6394543973941368,0.6458680938139462,4.5966593292761875,0.23044231071934518,0.20901194353963082,0.1083897371320636,0.2996064851251377,0.3026923076923077,0.7074164629176855,0.6945065323469227
13305,日の出町,13,16958.0,6.730589627046883,3.698399850569703,3.032189776477181,0.6662100740925223,7.539050643789416,1.0472933128906712,3.319071261682243,0.7120865721688767,0.5389786531430594,4.064921772188916,0.19707512678381886,0.1859472641365646,0.1317962023823564,0.3855407477296851,0.24108488196885988,0.8504065040650407,
13307,檜原村,13,2003.0,8.268330733229329,4.472178887155486,3.7961518460738426,0.6760270410816432,5.535538576192843,1.0649026460309536,2.9132720105124834,0.7101604278074867,0.436844732900649,2.806652806652807,0.26809785322016977,0.34866310160427805,0.0654018971542686,0.528207688467299,0.36265060240963853,,
13308,奥多摩町,13,4750.0,7.479964381121995,4.3855743544078365,3.0943900267141586,1.2911843276936776,5.8368929032669294,1.0368421052631578,3.09971181556196,0.7261785356068204,0.42210526315789476,4.272683629380701,0.23642105263157895,0.2231695085255767,0.07094736842105263,0.5073684210526316,0.3493670886075949,,
13361,大島町,13,7102.0,13.415529135476294,6.208718626155878,7.206810509320418,-0.9980918831645385,5.098594356371643,1.0245001408054069,3.5751854349291974,0.7626290059750136,0.3846803717262743,2.1525378687217644,0.2745705435088707,0.28843020097772953,0.09997183891861447,0.3820050689946494,0.5140825813508341,,
13362,利島村,13,327.0,24.333333333333336,10.666666666666668,13.666666666666666,-3.0,5.5431000929657275,1.073394495412844,3.480225988700565,0.6723404255319149,0.382262996941896,2.083333333333333,0.2415902140672783,0.3319148936170213,0.1529051987767584,0.24464831804281345,0.6269430051813472,,
13363,新島村,13,2441.0,10.973084886128365,5.507246376811594,5.46583850931677,0.041407867494824016,5.607392843406121,1.004096681687833,3.5183397683397684,0.7646219686162625,0.3875460876689881,1.267605633802817,0.27898402294141744,0.34807417974322397,0.11142974190905366,0.3961491192134371,0.4,,
13364,神津島村,13,1855.0,11.629245826137018,5.526770293609672,6.102475532527346,-0.5757052389176741,6.0395002789519285,1.001078167115903,3.4007782101167314,0.711737089201878,0.39191374663072776,1.4801110083256246,0.35633423180592994,0.3953051643192488,0.1477088948787062,0.3164420485175202,0.35945273631840796,,
13381,三宅村,13,2273.0,16.463138851198554,7.779285391225691,8.683853459972863,-0.9045680687471733,5.091943650583673,1.0316761988561374,3.7012867647058822,0.7323943661971831,0.4491860976682798,1.5408320493066257,0.22701275846898372,0.28716744913928016,0.09898812142542895,0.39331280246370437,0.595203488372093,,
13382,御蔵島村,13,323.0,25.165562913907287,13.90728476821192,11.258278145695364,2.6490066225165565,5.035714978493279,1.021671826625387,3.611464968152866,0.7757009345794392,0.4984520123839009,2.727272727272727,0.2693498452012384,0.21962616822429903,0.18575851393188855,0.17956656346749225,0.6417112299465241,,
13401,八丈町,13,7042.0,11.099736765136004,5.250073120795554,5.849663644340451,-0.5995905235448962,5.374415389109768,1.0129224652087476,3.471252566735113,0.6832432432432433,0.374893496165862,2.0386550172094253,0.305168986083499,0.34675675675675677,0.11346208463504687,0.3977563192274922,0.4912187333688132,,
13402,青ヶ島村,13,169.0,43.125,23.125,20.0,3.125,4.279747785553464,1.21301775147929,4.00990099009901,0.6870229007633588,0.40828402366863903,1.5037593984962405,0.20118343195266272,0.18320610687022898,0.1242603550295858,0.1834319526627219,0.7627118644067796,,
13421,小笠原村,13,2929.0,24.318910256410255,9.85576923076923,14.463141025641027,-4.607371794871796,3.86094311721738,1.0314100375554798,4.52025462962963,0.7838862559241706,0.49470809149880507,1.2634534394010295,0.295322635711847,0.22796208530805684,0.14202799590303858,0.1410037555479686,0.5950583390528483,,
14101,鶴見区,14,297437.0,11.350343135764174,5.939914917198012,5.410428218566162,0.5294866986318496,9.115276875286336,0.8950231477590213,,0.7397084641553693,0.37761610021618025,3.2927782904887035,,0.1434659401338938,0.12373376546966249,0.2061646668033903,0.46387356780325434,0.5380213719407101,1.0
14102,神奈川区,14,247267.0,13.591802531810343,7.298480262943799,6.293322268866543,1.005157994077256,9.294538365576415,0.9898045432669947,,0.7899145615007611,0.5063595222977592,3.4245702291827764,,0.14350324243944068,0.10900767186887049,0.21141519086655317,0.5148161924245243,0.4680593399939449,0.9784483978856863
14103,西区,14,104935.0,15.851131954646478,8.306023279466606,7.545108675179869,0.7609146042867367,9.619481165059089,1.9020250631343212,,0.8094667818438825,2.052785057416496,3.369251783275155,,0.1601617716349929,0.10899128031638633,0.18926001810644685,0.5370165745856353,0.498686744878305,1.0
14104,中区,14,151388.0,14.242498358714261,7.434702573278582,6.807795785435681,0.6269067878429,8.860479086965782,1.5998890268713504,,0.8197421394924288,1.1709118292070706,4.378117206982544,,0.21515541718961384,0.0970156155045314,0.22496499062012842,0.5403289846851956,0.490433912717269,1.0
14105,南区,14,198157.0,12.00133608527016,6.264644591347353,5.736691493922806,0.5279530974245461,9.716083646389732,0.8104684669226926,,0.7964407235480514,0.2293433994257079,4.392299780888074,,0.15634390748687488,0.09629738036001756,0.26291274090746225,0.5052259081284384,0.5498511904761905,1.0
14106,保土ケ谷区,14,207811.0,10.100342367764151,5.160676053002871,4.93966631476128,0.22100973824159126,9.255676633144121,0.8413799077045969,,0.7951827150967316,0.25207039088402444,3.8699969268918157,,0.147087030810781,0.10591354644364351,0.2595050310137577,0.43163744758247863,0.5801534423581668,0.9765700564455202
14107,磯子区,14,166731.0,9.527979418549878,4.661022067082966,4.866957351466912,-0.20593528438394548,9.198007525089574,0.8376606629840881,,0.7806052087200976,0.28247296543534195,3.782997563060592,,0.13849254760515572,0.11315232320324355,0.2702136975127601,0.40839141272829016,0.6381504346730503,0.9789781144478231
14108,金沢区,14,198939.0,7.710576066746872,3.7763854819305345,3.9341905848163368,-0.15780510288580224,8.893866821861659,0.9705186011792559,,0.788957658822318,0.3982979707347478,3.772733277555154,,0.1368966582388541,0.10845032899532017,0.29524125485701647,0.3597946067565912,0.6497654679472862,0.993716666918
14109,港北区,14,358530.0,12.045007189423869,6.373877961274832,5.671129228149038,0.702748733125794,9.405038428574189,0.9230970908989485,,0.7941644847104012,0.41075502747329373,3.1297665819274325,,0.14346039376606645,0.12105820991269908,0.1922628510863805,0.450772647094082,0.4846011961321335,0.9856553147574819
14110,戸塚区,14,283709.0,7.790390463100774,3.955192525440989,3.8351979376597853,0.11999458778120395,9.109533596640617,0.8636031990525503,,0.7723092045215193,0.29989531527022406,3.5491783543008486,,0.1303096257810854,0.12849786224617477,0.25550476015917717,0.327908962527505,0.6815344176113027,0.9543757864572502
14111,港南区,14,215248.0,7.771351829346146,3.7939366999418356,3.9774151294043096,-0.1834784294624744,9.35799875536071,0.8123745632944325,,0.8013215149073328,0.26163309299041104,3.6610358961619673,,0.14133763094278806,0.1090695383929235,0.2857959191258455,0.343623598449125,0.6920690724847482,0.9930266483312272
14112,旭区,14,245174.0,7.468775056415683,3.9226464534580954,3.546128602957587,0.37651785050050834,9.041049251576325,0.8167179227813716,,0.7802486712224753,0.2390057673325883,3.848435346833733,,0.14308086560364464,0.11307887459518547,0.296711723102776,0.340989961794891,0.6718125174369943,0.9690423943811334
14113,緑区,14,183082.0,9.133720353826327,4.683351876535323,4.450368477291003,0.2329833992443186,9.056637679219424,0.8195671884729246,,0.7733469261955002,0.2642149419385849,3.4650859405396743,,0.12746864553450765,0.12590533203701074,0.24373231666684875,0.34224828194943574,0.5833128230371647,0.962295583399788
14114,瀬谷区,14,122623.0,7.973318218038133,4.1698499149764645,3.8034683030616687,0.36638161191479574,8.953069670640085,0.8360340229810068,,0.7689955079805028,0.26031821110232173,4.28840630088366,,0.14053330784669793,0.115606370746108,0.281994405617217,0.32671259089169535,0.5913010873640795,0.9631308971400145
14115,栄区,14,120194.0,8.31020110537524,4.2408624246994195,4.06933868067582,0.17152374402359902,8.984156370393631,0.8278033845283458,,0.786126351460384,0.22558530375892308,3.743398570984778,,0.1352267226077134,0.11198562324242475,0.3115546533104814,0.32112208703611883,0.6667920978363123,0.9506797344293393
14116,泉区,14,152378.0,7.437639021290117,3.9594587437771422,3.4781802775129753,0.4812784662641669,8.849003720170158,0.7872265025134862,,0.761712415602795,0.23678615023166075,3.7856545111555535,,0.14718282866998855,0.11676226226883146,0.2899893685440155,0.2803614477066271,0.6820963439510435,0.9012390240060901
14117,青葉区,14,310756.0,9.27384675527756,4.517526713578316,4.756320041699244,-0.23879332812092782,9.156944743996377,0.7982082405488551,,0.8196386840981934,0.24762836437590907,3.0627559894518317,,0.16766389083831945,0.12550682850854047,0.21916230096924919,0.32007818749905664,0.5861132075471698,0.9769079277632612
14118,都筑区,14,213132.0,9.598334854439457,4.723500158319209,4.8748346961202484,-0.1513345378010393,9.000478332313538,0.95668881256686,,0.7679216246391535,0.49603062890603006,2.8684480484587955,,0.16041199368329995,0.1494613666647899,0.18123979505658466,0.2762495846584706,0.5651062841212684,0.9663917196854531
14130,川崎市,14,1538262.0,12.122730094499463,6.271801743292636,5.850928351206827,0.42087339208580843,9.339186733159687,0.8726712354592391,4.592521317773056,0.7854922395358498,0.3559023105296757,3.2562417481345225,0.14929121307033522,0.14387736041062016,0.12318447702667036,0.19577354182837514,0.4567298669683695,0.4610612460401267,0.9928679249698686
14131,川崎区,14,232965.0,12.016486593953491,6.290644627533809,5.725841966419681,0.5648026611141278,8.682596031373663,1.1617281565900457,,0.7232569021993449,0.678887386517288,3.743941768913392,,0.15434721572297616,0.10650956152211706,0.21337539973815808,0.5408328518298489,0.41156134426756713,1.0
14132,幸区,14,171119.0,11.585282138117249,6.269163882659832,5.316118255457416,0.9530456272024164,9.746529906559815,0.9534885079973585,,0.7623643378243573,0.44332306757285866,3.2286953791041997,,0.12971888032883427,0.13393603281926614,0.21413753002296648,0.4163593865230054,0.5223880597014925,1.0
14133,中原区,14,263683.0,14.526544092275842,7.371147115811186,7.155396976464655,0.21575013934653112,9.796016879879337,0.8334515308154109,,0.7963168934705852,0.39415889534023807,2.786586649056987,,0.1281697185043631,0.12920438556903555,0.14916395823773243,0.5003751327821482,0.38383541513592945,1.0
14134,高津区,14,234328.0,12.677780795578492,6.51327616756554,6.16450462801295,0.3487715395525895,9.633361648230775,0.8208024649209655,,0.7934062062507533,0.2988631320200744,3.271543490543195,,0.142769727143771,0.12521764364480556,0.18388754224847223,0.45753026634382565,0.4389369700148614,1.0
14135,多摩区,14,221734.0,13.635469242631547,7.258400333130465,6.377068909501082,0.8813314236293832,9.38071022038229,0.7907537860679914,,0.8088021267925407,0.20583672328104846,3.4953510800662926,,0.14180234024799643,0.10573479935418113,0.1923971966410203,0.5016706780572526,0.3961505560307956,0.9997880343113821
14136,宮前区,14,233728.0,9.837395250353257,4.907598324859444,4.929796925493813,-0.022198600634367703,9.505443118854048,0.7453749657721797,,0.7990944997489984,0.21062517113910187,3.0932471752319937,,0.1572027998522405,0.13632513006571742,0.20127241922234393,0.35684858448561,0.5663860723168165,0.9958498767798467
14137,麻生区,14,180705.0,9.655234413628804,4.889985166539309,4.765249247089495,0.12473591944981346,9.129091580132592,0.8131429678204809,,0.8171430058826592,0.24691071082703855,3.2998565279770444,,0.1580639283669113,0.12749508868044604,0.23614731191721314,0.35632314366424533,0.5953792933036818,0.9449157466589192
14150,相模原市,14,725493.0,8.441661758507399,4.379101569587463,4.062560188919935,0.3165413806675283,8.546059600958735,0.88935248169176,3.855165394695491,0.74055198271795,0.3367199959200158,4.104769700126497,0.18257515923654674,0.14935875152087008,0.11375988465774307,0.2553243105033405,0.39933904992942043,0.6025413711583925,0.917777290752633
14151,緑区,14,170207.0,7.70998721135053,3.9065704702844872,3.803416741066042,0.10315372921844461,7.8061814264303875,0.9004095013718589,,0.7148618488886569,0.3641800866004336,3.9091501956456303,,0.16010389067985753,0.11021873365960272,0.2801999917747214,0.3592812771357959,0.6940386893012238,0.7161162584382545
14152,中央区,14,273875.0,8.196805732320074,4.274227365354482,3.9225783669655927,0.35164899838888847,8.936075152137766,0.9244144226380648,,0.7279589696153814,0.3617307165677773,4.267145274276949,,0.14767800067723258,0.11880602464628023,0.24373162939297124,0.3975918111954307,0.5983954695611138,0.976814240073026
14153,南区,14,281411.0,9.115326687226567,4.762246288460159,4.353080398766406,0.4091658896937531,8.974383533543648,0.8485418125091059,,0.7686128337778348,0.29577024352281894,4.066707254105625,,0.14438000064265288,0.11099068622051021,0.25156088425825573,0.42357009402121504,0.5550214465315781,0.9822928030531856
14201,横須賀市,14,388078.0,6.853348318519632,3.3460760181616234,3.5072723003580086,-0.1611962821963851,8.593546292214834,0.9217373826911085,3.5880088872929665,0.7948747741519442,0.30457279206757404,4.257354699832576,0.19456655620777266,0.1408013757124017,0.10499693360613073,0.32139672952344633,0.32696955197121763,0.736764705882353,0.9382237591412036
14203,平塚市,14,258422.0,6.55664220090509,3.55877434720073,2.9978678537043604,0.5609064934963691,8.320803022878929,0.9873462785676143,3.776987315712578,0.6895288288857403,0.419921678494865,4.121240438860624,0.18659402063291824,0.15626889512584718,0.11350039857287693,0.28058756607409585,0.35263656006142746,0.6481297881928797,0.9307141032884197
14204,鎌倉市,14,172710.0,7.45409230240353,3.806113386999742,3.647978915403787,0.15813447159595495,8.768358743710564,0.9720572057205721,5.461994685898652,0.8038220088626292,0.39022639106015866,3.2696748185285824,0.18340570899195183,0.20595062249419704,0.11340976202883446,0.3090614324590354,0.3207639504278704,0.7182153198210055,0.96373690000579
14205,藤沢市,14,436905.0,7.8338849679018345,4.087039171671823,3.7468457962300104,0.3401933754418132,8.829369531115614,0.9292615099392316,4.570841480947296,0.7465392421167419,0.37069156910541196,3.6482502991565244,0.17198704523866745,0.15699875806500474,0.1300122452249345,0.24379899520490725,0.36244817578772803,0.590546006066734,0.9417264622744075
14206,小田原市,14,188856.0,6.942895143298439,3.5733439162519307,3.369551227046508,0.203792689205423,7.88409033236262,0.9739219299360359,3.8033186643680246,0.7160053601035681,0.43465391621129323,3.6775322686501863,0.18851929512432752,0.18092620772672552,0.10952259922904223,0.2996357012750455,0.3474430913234177,0.6423234514340805,0.8730673105434829
14207,茅ヶ崎市,14,242389.0,6.585942711597162,3.4413471062685725,3.1445956053285893,0.2967515009399826,8.905738764933533,0.8131515869119473,4.295339048303475,0.7557042260213439,0.2330179999917488,3.676140784475262,0.18086216783764938,0.1584924307937926,0.12814525411631716,0.26767716356765364,0.303221835801649,0.6939979073528013,0.9431781145183981
14208,逗子市,14,57060.0,6.701022013938125,3.251076486762239,3.4499455271758865,-0.1988690404136476,8.556694350480353,0.8161233788994041,5.190299592786504,0.829831595829992,0.23850332982825095,3.721432983323039,0.19553101997896952,0.19434643143544506,0.11191728005608131,0.31454609183315807,0.3023714619317953,0.7801476620180475,0.9572029442691903
14210,三浦市,14,42069.0,5.6598564329099945,2.7709452336730083,2.8889111992369862,-0.1179659655639777,7.382452689852706,0.8761796096888446,3.3747674615254524,0.6986230725594348,0.30269319451377497,4.11412747861346,0.2535833987021322,0.27940797277087304,0.08253107989255747,0.40785376405429175,0.29586661225441613,0.771461716937355,0.5318880886163208
14211,秦野市,14,162439.0,6.794977707428125,3.560505256254217,3.2344724511739074,0.32603280508031,8.091248387286845,0.8771969785581049,3.6026988989154733,0.6882785008099201,0.3162541015396549,4.647013395115976,0.20095543557889423,0.14323018488521477,0.10956112756173086,0.29868442923189625,0.35068610024884467,0.6696340257171117,0.8882226558892876
14212,厚木市,14,223705.0,8.156241048410198,4.1741263248352904,3.982114723574907,0.19201160126038386,8.10773526061346,1.1580295478420242,3.900425390556514,0.7063651214430348,0.6769719049641268,4.3086341171184666,0.18997787264477772,0.14891077874184433,0.11692183902907848,0.25713327820120246,0.3873287260815723,0.5932926238247552,0.8699626740573523
14213,大和市,14,239169.0,9.091353001017294,4.7955239064089525,4.295829094608342,0.4996948118006103,9.151358320386583,0.8747789220174855,3.95265906619658,0.755417894789429,0.31581434048727053,3.8707198770590217,0.18098499387462422,0.14246890143378133,0.1209897603786444,0.23705413326977995,0.4072393271556292,0.53828022697512,0.9943178254706923
14214,伊勢原市,14,101780.0,8.66394165264086,4.396088803398253,4.267852849242606,0.12823595415564637,7.991059902683156,0.9553743368048733,3.8542176039119806,0.7042630104168894,0.3991452151699745,3.60419802470154,0.17086853998820986,0.14908772004876902,0.11455099233641187,0.2611416781292985,0.38033829439561895,0.5639083139083139,0.7853900569856553
14215,海老名市,14,136516.0,8.816237221428928,4.908960451254947,3.9072767701739806,1.001683681080966,8.571886501900657,0.9383149227929327,4.1023128127167805,0.7072368953735041,0.4409593014738199,3.5109375,0.17742975182396203,0.12805855585963433,0.12936212605115885,0.24777315479504233,0.3242765135251181,0.6737647645982365,0.9326745582935334
14216,座間市,14,132325.0,8.665665795349758,4.51840053650767,4.147265258842089,0.37113527766558196,8.979405599963485,0.8781636123181561,3.6440155051024443,0.7451481011980218,0.3078405441148687,4.2433878716383715,0.1876742867938787,0.13779928225820848,0.11303230682032873,0.25420744379368976,0.37717154589131047,0.6544265593561368,0.9431702248252409
14217,南足柄市,14,40841.0,6.2344388009162435,3.0624439796832985,3.171994821232945,-0.10955084154964645,7.399366253079635,0.8689552165715825,3.3824335723323493,0.6540411880368415,0.3319458387404814,5.194996320824136,0.18527949854313067,0.149901686846735,0.10998751254866433,0.32908107049288704,0.25915891878578906,0.7527950310559006,0.7824734947724101
14218,綾瀬市,14,83913.0,8.243996569468267,4.136887745378312,4.1071088240899565,0.02977892128835525,8.313216096411166,0.9596725179650352,3.754944651382404,0.6678125866370945,0.4071955477697139,4.053838378464649,0.19272341591886835,0.15578042694760186,0.12932441933907737,0.27630998772538223,0.3077963176064442,0.7286733238231099,0.8812937208775756
14301,葉山町,14,31665.0,6.352748876245561,2.9641970263728665,3.3885518498726936,-0.42435482349982717,8.255181234261553,0.7776725090794252,5.4572386808272775,0.8217347813661046,0.2152850150007895,3.094924877103095,0.21237959892625927,0.255430122892255,0.1249013105952945,0.3180483183325438,0.2525362038256021,0.8652647975077882,0.7450181588504659
14321,寒川町,14,48348.0,7.259628140498398,3.700226544482315,3.5594015960160825,0.1408249484662326,8.213567904772242,0.9472780673450815,3.574211908931699,0.6317653665068463,0.4879829568958385,3.778054862842893,0.18677091089600398,0.15528486890415105,0.12751303052866717,0.27405476958715974,0.2975235789579866,0.6890838206627681,0.8866344005956813
14341,大磯町,14,31634.0,6.609566394810592,3.3535913341940358,3.255975060616557,0.09761627357747897,7.88377010888623,0.795157109439211,4.405476239740672,0.7563154221912073,0.22216602389833723,3.670341489647755,0.19826768666624517,0.20418702023726443,0.1128216475943605,0.3430802301321363,0.2401577909270217,0.8125461254612546,0.8823417841562875
14342,二宮町,14,27564.0,6.288528178004742,3.144264089002371,3.144264089002371,0.0,8.230927009850674,0.7543535045711798,3.8834553901882036,0.7615191513482873,0.19311420693658396,4.152437131325675,0.19496444637933535,0.1599319782978379,0.10259759106080395,0.3512552604846902,0.27458803122289677,0.754585152838428,0.8963140327964011
14361,中井町,14,9300.0,5.471295360071902,2.9210201100999886,2.5502752499719135,0.3707448601280755,6.537304688719074,1.291720430107527,3.3271393643031786,0.6181899043806982,0.7891397849462366,3.7251123956326264,0.21526881720430108,0.21369802090282408,0.09021505376344086,0.35516129032258065,0.22686131386861313,,
14362,大井町,14,17129.0,7.78147595546884,4.114541489727993,3.6669344657408467,0.44760702398714564,7.360683275553116,0.8574347597641426,3.42499389201075,0.6810074716799229,0.37550353202171755,4.047178538390379,0.19674236674645337,0.1637744034707158,0.1178702784751007,0.2897425418880262,0.25988275965729746,0.7817919075144508,0.7592970984879445
14363,松田町,14,10836.0,11.718974949611287,4.328630386793359,7.390344562817928,-3.0617141760245703,7.076875323917555,0.9660391288298265,3.4643151815181517,0.6910935738444194,0.32438169066076045,3.639326453014666,0.1969361387966039,0.18602029312288615,0.09505352528608342,0.3369324473975637,0.32034158090650316,,0.7387412329272794
14364,山北町,14,9761.0,4.6097376659829425,2.256288459462377,2.353449206520566,-0.0971607470581885,5.912028834080786,0.9928286036266776,3.233655888600425,0.6394044462573935,0.4391968036061879,3.9192631785224377,0.22641122835775024,0.19620640424230062,0.08411023460710992,0.3967831164839668,0.2604735883424408,,
14366,開成町,14,18329.0,6.93202628460627,3.457933857589141,3.474092427017128,-0.016158569427986644,7.936774734324687,0.8578209394947897,3.9773920986526603,0.6914342409877632,0.37574335752086857,3.077251843145635,0.1548365977412843,0.13758130305368754,0.14779857057122592,0.2601342135413825,0.24191218948584634,0.73806275579809,0.7470129303289869
14382,箱根町,14,11293.0,21.209044762344252,10.216889709275497,10.992155053068759,-0.7752653437932626,6.520730050518834,1.5325422828300717,3.1562715368711234,0.8563914568058655,1.122288143097494,1.9840649898453366,0.19365978924997787,0.22537456168313674,0.06047994332772514,0.36482776941468165,0.6038122243226213,,
14383,真鶴町,14,6722.0,5.6767892568289335,2.517930718754769,3.1588585380741643,-0.6409278193193957,7.554680018675045,0.7625706634930081,3.7035050071530757,0.7873862158647594,0.2047009818506397,5.788667687595712,0.2631657244867599,0.2210663198959688,0.06634930080333235,0.4348408211841714,0.3068604258195336,,
14384,湯河原町,14,23426.0,8.648578699909416,4.184100418410042,4.464478281499375,-0.2803778630893327,7.719795989482493,0.8809015623666012,3.811060814800236,0.8025393215842335,0.35733800051225134,5.2858296688504,0.23939212840433707,0.237729770703051,0.0746606334841629,0.42521130367967214,0.38482461076721064,0.7404021937842779,0.6533765901135491
14401,愛川町,14,39869.0,7.565330014983367,3.9794804073443886,3.5858496076389774,0.3936307997054118,7.627050895682752,1.026762647671123,3.1652535419287786,0.5920860041386968,0.5674082620582407,4.749771645593962,0.22227796032004815,0.15681623176702164,0.10612255135568989,0.2996563746269031,0.32428789122025553,0.6596736596736597,0.6267024505254709
14402,清川村,14,3038.0,7.437407952871871,3.166421207658321,4.270986745213549,-1.1045655375552283,5.984249035317274,0.9466754443712969,3.148325358851675,0.6962794229309036,0.4371296905859118,5.659025787965616,0.22679394338380512,0.17995444191343968,0.10072416063199473,0.37228439763001975,0.24555160142348753,,
15101,北区,15,72804.0,5.446511296415081,2.5258356496329557,2.9206756467821253,-0.3948399971491697,6.544904728838289,0.9685319487940223,,0.6408911809016109,0.4088099554969507,3.9942145082332,,0.1851025611310696,0.11191692764133838,0.309158837426515,0.2761849034523113,0.7234957020057307,0.5344486566672161
15102,東区,15,134446.0,7.067024374584394,3.5908371741074503,3.4761872004769443,0.11464997363050605,8.157999962590885,0.9248099608764857,,0.7328556968431708,0.3932061943084956,4.140450886156552,,0.14382868349465427,0.11786144623120064,0.28873302292370173,0.3386975982722887,0.6370487206449351,0.9512071761153177
15103,中央区,15,180345.0,10.48587255363547,5.46846391267198,5.017408640963492,0.45105527170848814,8.520497877910064,1.2914247691923812,,0.8330852796756161,0.7495134325875406,4.1009215554057095,,0.1660357900411339,0.10848651196318168,0.2578890459951759,0.48652311896680916,0.5346468151796708,0.9933682663783304
15104,江南区,15,67972.0,6.729857819905213,3.5574644549763037,3.1723933649289098,0.38507109004739337,6.803778642823785,0.9921732478079209,,0.6976308473347033,0.4606602718766551,4.061693676977938,,0.16859059591442038,0.12815571117518978,0.3015212146177838,0.23495794260876565,0.7371074059713068,0.5661007473665627
15105,秋葉区,15,75069.0,4.678853153287239,2.400313908019538,2.278539245267701,0.12177466275183677,6.836044165006613,0.860701487964406,,0.6908056925145675,0.27761126430350747,3.461704889658156,,0.16901053339309724,0.12028933381289214,0.31820058879164503,0.24158167829665414,0.8166726813424756,0.6312858836537053
15106,南区,15,43437.0,4.898848723172407,2.319135831714597,2.5797128914578105,-0.26057705974321316,6.064837860973094,0.9689665492552433,,0.5766193414749925,0.4561318691438175,3.1310091129504225,,0.24709791567772843,0.11303727237148053,0.31440937449639705,0.21511667002891535,0.8411338167435728,0.3350139282178788
15107,西区,15,160656.0,6.554319414708471,3.06109046011585,3.4932289545926207,-0.43213849447677094,7.480345772880225,0.9105231052683995,,0.794280819123766,0.32895752415098095,4.003446070305055,,0.15848086807538553,0.11929215217607808,0.28714146997311024,0.36789919138248917,0.6369370690919759,0.8443568867642665
15108,西蒲区,15,54546.0,4.072897445165218,1.7977057849981926,2.275191660167025,-0.4774858751688322,5.939976940210311,0.9399772668939977,,0.5929889033001874,0.38484948483848497,3.1711145996860286,,0.23339097852716528,0.10354563121035457,0.34803651963480364,0.20695204377212745,0.8919915700737618,0.21176621567117662
15202,長岡市,15,266936.0,4.641915529595199,2.1573996811107063,2.4845158484844925,-0.32711616737378607,6.377019495256817,1.024320436359277,3.2466574693849743,0.6462428914837837,0.484921479305901,3.6900230766925404,0.16537297329697007,0.16762484149273005,0.11714418437378248,0.31232580094104956,0.31024882881499116,0.7294979281102438,0.49027482242934634
15204,三条市,15,94642.0,3.9998683893044373,1.8732589001732876,2.12660948913115,-0.25335058895786267,6.393996575808862,1.0415777350436382,3.125662469003744,0.5802179108104824,0.5457936222818621,3.373644867128488,0.17747934320914605,0.22769249463323749,0.11207497728281313,0.33027619872783753,0.24432069300804385,0.8126861226920786,0.5448004057395237
15205,柏崎市,15,81526.0,4.809950535969666,2.204232651508194,2.605717884461472,-0.40148523295327815,6.270102603972814,1.0182027819345976,3.138541304599699,0.6104695919938414,0.4434290901062238,3.7825292578144287,0.18183156293697716,0.16063638696433158,0.10589259868017566,0.33606456835856047,0.3362392505688702,0.7588957055214723,0.43684223437921643
15206,新発田市,15,94927.0,4.779824819747592,2.2492009991600947,2.5306238205874974,-0.2814228214274027,5.92423809976124,0.9687233347730361,3.0051699401375354,0.6266644228948863,0.39652575136683976,3.5230847285641804,0.18387813793757307,0.18212415069732224,0.1165843226900671,0.3228375488533294,0.26720947446336046,0.7853042479908151,0.520452558281627
15208,小千谷市,15,34096.0,4.499723943316361,1.9600024538371879,2.5397214894791733,-0.5797190356419851,5.9351276813454605,1.0013198029094321,2.976410185249428,0.5355772584583188,0.4799096668230878,2.967057761732852,0.18506569685593618,0.21276595744680848,0.11212458939465039,0.35464570624120134,0.24036074797286117,0.7928153717627402,0.3072501173158142
15209,加茂市,15,25441.0,3.401304040865485,1.4037127787698824,1.997591262095602,-0.5938784833257195,6.498145371754953,0.9331394206202587,2.8062537106669305,0.5838567839195979,0.33218033882315945,4.370025529358763,0.1953932628434417,0.22393216080402012,0.09461106088597146,0.3677528399040918,0.2445414847161572,0.8487486398258978,0.6223025824456586
15210,十日町市,15,49820.0,3.7199728376198964,1.4620999915117563,2.2578728461081403,-0.795772854596384,5.562276639820881,0.9773584905660377,2.846454718684184,0.589740642837988,0.4160578081091931,3.3973576107471968,0.19225210758731434,0.24809408880205341,0.10547972701726215,0.3981934965877158,0.2483991313547525,0.8449292452830188,0.30248896025692495
15211,見附市,15,39237.0,4.0619006331940835,1.9258558629568323,2.136044770237251,-0.21018890728041828,6.665752532750456,0.8851084435609247,3.06090105063216,0.6155649787977051,0.3666692152814945,4.054183419490714,0.17062976272395952,0.16313295086056379,0.11456023651145603,0.32976527257435584,0.2279171983553098,0.848,0.6333817570150623
15212,村上市,15,57418.0,3.821132131907575,1.510506243924325,2.31062588798325,-0.8001196440589248,5.469919474253024,0.9708627956389982,2.8003887357049226,0.5925757310453511,0.41934584973353306,3.4619155481929744,0.1861437179978404,0.20388723516021712,0.0961370998641541,0.3939356996063952,0.2814217832851952,0.8242224316682375,0.2663102163084747
15213,燕市,15,77201.0,4.513070389148614,2.233489168367683,2.279581220780931,-0.04609205241324817,6.605459201294274,1.0003238300022022,3.1320337226563595,0.5438732309181081,0.5424152536884237,3.5423424264345553,0.17453141798681365,0.22300713680899964,0.11480421238066864,0.31165399411924716,0.24964006039962075,0.7829268292682927,0.38936024144764964
15216,糸魚川市,15,40765.0,4.329539181409532,1.9005809521305959,2.428958229278936,-0.5283772771483399,5.671724888691107,0.9916840426836747,3.0632133450395083,0.5913091309130913,0.4325524346866184,2.7240003891429128,0.1741444866920152,0.18451845184518456,0.09824604440083405,0.3997546915245922,0.3011218144128765,0.8361290322580646,0.3088924322335337
15217,妙高市,15,30383.0,4.940028461069323,2.398861557227079,2.541166903842244,-0.1423053466151657,5.502728863224468,0.9673501629200539,3.0009619238476954,0.6134997997062358,0.45564954086166604,4.355044699872286,0.1970838955995129,0.1799973294164775,0.10331435342132113,0.3725438567620051,0.26220486419314754,0.8456439393939394,0.2604087812263437
15218,五泉市,15,47625.0,3.31363536878967,1.383234843510615,1.9304005252790544,-0.5471656817684395,5.740087128685012,0.8980997375328084,2.799786411716843,0.5412630441109217,0.3514540682414698,3.3666787192157805,0.18349606299212598,0.20334261838440115,0.10198425196850394,0.35995800524934385,0.24752591894439208,0.8522930315664086,0.44002099737532807
15222,上越市,15,188047.0,4.553868321879849,2.092662380846819,2.4612059410330303,-0.3685435601862115,6.0805922368714596,1.0009146649507836,3.236060285053929,0.6390088608266568,0.45819927996724225,2.924573006160249,0.16275718304466436,0.1749137793813339,0.11722601264577473,0.3268331853206911,0.30145206799256763,0.7262089383899619,0.46733529383611544
15223,阿賀野市,15,40696.0,3.6358993999744667,1.6085790884718498,2.027320311502617,-0.4187412230307673,5.818673220705417,0.9090819736583448,2.7944546695956776,0.5546084176877997,0.4017102417928052,3.7929267042542283,0.20365637900530764,0.2160604446166513,0.11060055042264597,0.34428445056025164,0.20769859552649178,0.8922961854899027,0.27616964812266565
15224,佐渡市,15,51492.0,4.405130657131571,1.9021682639336426,2.5029623931979295,-0.600794129264287,5.358757510702737,1.0001553639400296,2.802934671198144,0.6621460678474009,0.39912996193583467,3.5998666716047554,0.227705274605764,0.3148411387298782,0.09987959294647712,0.4258331391284083,0.3309430579799028,0.8532388663967612,
15225,魚沼市,15,34483.0,4.169485271508518,1.6880880634647315,2.4813972080437856,-0.7933091445790541,5.3841720572224085,0.9525563321056753,2.8316136730539765,0.5581188008469854,0.40393817243279295,3.099352051835853,0.1964446248876258,0.23793603031316168,0.10468926717512977,0.3740683815213294,0.2590280521532991,0.8214578214578214,
15226,南魚沼市,15,54851.0,4.956468611577821,2.0658316786314344,2.890636932946388,-0.8248052543149534,5.644929994196799,1.0056881369528359,2.8943740366501114,0.5993858179787828,0.47696486846183295,3.336144375105414,0.2000875097992744,0.21695281965382462,0.11961495688319265,0.3352901496782192,0.2769128341698249,0.7375193000514668,0.1066343366574903
15227,胎内市,15,28509.0,4.893434362285842,2.17983651226158,2.713597850024262,-0.5337613377626815,5.59011185055291,0.9935809744291276,2.924014336917563,0.5406005876872357,0.44617489213932443,4.22158154859967,0.19267599705356203,0.1996703217945961,0.10410747483250903,0.3599565049633449,0.26245620864149477,0.8010152284263959,
15307,聖籠町,15,14259.0,7.4002574002573995,3.267553267553268,4.1327041327041325,-0.8651508651508651,5.99504764715815,1.2981274984220492,2.9300032862306935,0.5502770083102493,0.8413633494634968,5.174678224323614,0.15491969983869835,0.1645429362880887,0.14538186408584053,0.26060733571779227,0.2581317764804003,,
15342,弥彦村,15,7705.0,4.287231218476241,2.256437483408548,2.030793735067693,0.2256437483408548,6.09660877640182,0.8680077871512005,2.8584679832435667,0.5609051516610496,0.3963659961064244,2.7849286215773463,0.18144062297209604,0.2205103514684641,0.12005191434133679,0.32070084360804674,0.19375963020030817,,
15361,田上町,15,11227.0,3.761459219355449,1.512144409791135,2.2493148095643134,-0.7371703997731783,6.312013640220065,0.7837356373029304,2.7303469477382523,0.6177224459904797,0.29037142602654314,5.008695652173913,0.2127015231139218,0.17887220798242398,0.09076333838068941,0.37659214393871915,0.2194325885011298,,
15385,阿賀町,15,9965.0,3.7470984856858625,1.0611252348844922,2.6859732508013705,-1.6248480159168786,4.08001718426123,0.952433517310587,2.759976176295414,0.5985679122846275,0.3650777722027095,4.263067694944302,0.1948820873055695,0.2067576639069143,0.06753637732062218,0.4961364776718515,0.3181818181818182,,
15405,出雲崎町,15,4113.0,4.6062789500772,2.2130725681935153,2.393206381883685,-0.18013381369016984,5.690738811464172,0.8777048383175298,2.712987012987013,0.581081081081081,0.32190615122781424,3.571428571428571,0.21590080233406272,0.22972972972972971,0.09044493070751276,0.43836615609044494,0.27225130890052357,,
15461,湯沢町,15,7767.0,12.518142235123367,6.494920174165457,6.0232220609579095,0.4716981132075472,4.845782281112916,1.1183211020986223,2.986734405870731,0.8076923076923077,0.7034891206385993,5.278810408921933,0.28402214497231876,0.25667189952904235,0.08729239088451139,0.3808420239474701,0.43755238893545684,,
15482,津南町,15,8989.0,3.80794701986755,1.5373699148533586,2.270577105014191,-0.7332071901608326,4.947063699286764,1.0,2.7387229056824838,0.522995522995523,0.3938146623651129,2.1505376344086025,0.2211591945711425,0.3227513227513228,0.09811992435198576,0.4190677494715764,0.22972972972972974,,
15504,刈羽村,15,4380.0,6.774040738986263,3.055423969682615,3.7186167693036474,-0.6631927996210327,5.659568977514181,0.9997716894977169,3.1251325556733827,0.5930755395683454,0.4474885844748858,3.051438535309503,0.18744292237442922,0.13803956834532372,0.1273972602739726,0.32146118721461187,0.24560301507537688,,
15581,関川村,15,5144.0,3.98635685354935,1.4709017267107227,2.5154551268386274,-1.0445534001279047,4.200612695446284,0.8606143079315708,2.8809384164222873,0.5254813137032842,0.33981337480559876,3.2151991231275123,0.1901244167962675,0.2559456398640997,0.09078538102643857,0.43137636080870917,0.2244431753283838,,
15586,粟島浦村,15,353.0,17.94871794871795,8.653846153846153,9.294871794871796,-0.641025641025641,5.544384557764183,1.0084985835694051,3.1481481481481484,0.6539923954372624,0.48158640226628896,0.3787878787878788,0.28611898016997167,0.4638783269961977,0.11898016997167139,0.41359773371104813,0.46405228758169936,,
16201,富山市,16,413938.0,5.167216915124691,2.4831767622604684,2.6840401528642226,-0.20086339060375424,6.7784010974324325,1.0553295421053395,3.5503169993766437,0.6582081331079412,0.534210437311868,2.9766374731061425,0.14679493064178695,0.16739159338259035,0.11628311486261228,0.2965830631640487,0.33822466302877663,0.6671094426797575,0.596345346404534
16202,高岡市,16,166393.0,5.243680535064424,2.6783957903019573,2.565284744762467,0.1131110455394905,7.061923988576542,0.9974938849591029,3.3300895691902634,0.6310736072539106,0.49302554794973347,3.0637015220717663,0.15483824439730037,0.1877566521873294,0.10157879237708317,0.3302783169965083,0.299543253440875,0.7638888888888888,0.503110106795358
16204,魚津市,16,40535.0,5.425071859543724,2.4963099153222674,2.9287619442214567,-0.4324520288991895,6.268586237411217,0.9917108671518441,3.199640657084189,0.5541860584053598,0.47129641050943627,3.1118378673009266,0.15857900579745898,0.1924001432005319,0.09678056000986801,0.3430615517454052,0.3056507936507937,0.7411392405063291,0.29786604169236464
16205,氷見市,16,43950.0,3.588113927953139,1.368368629497,2.2197452984561385,-0.8513766689591387,6.129798612911001,0.8582935153583617,2.9410899873257286,0.6014832339960872,0.34466439135381116,3.8412740079625496,0.17984072810011376,0.18704217662314027,0.09151308304891922,0.39569965870307167,0.22561363347322905,0.9145077720207254,0.22304891922639364
16206,滑川市,16,32349.0,5.47262150266244,2.7239988919326543,2.7486226107297855,-0.02462371879713134,6.521295564343755,0.9405545766484281,3.2036449586365614,0.5494835247273356,0.46746421836841945,2.6898023360287513,0.1504219604933692,0.1528074326273876,0.12510433089121767,0.3012148752666234,0.25033079722130336,0.847771236333053,0.20822900244211567
16207,黒部市,16,39638.0,5.7208530200485255,2.6867577576299326,3.0340952624185924,-0.34733750478866043,5.194643524050308,1.058580150360765,3.267273174329973,0.523677016207772,0.5298955547706746,3.1718269912550223,0.15361521772036935,0.1532415543839094,0.11718552903779202,0.31578283465361523,0.2761954877326843,0.8001277139208174,
16208,砺波市,16,48154.0,6.149033723272057,2.8838325406007628,3.2652011826712943,-0.3813686420705317,6.255924289603825,0.9434522573410309,3.2144987189718175,0.6034008796732642,0.4614985255638161,3.134510042604991,0.15020559039747478,0.15625981778196674,0.1227520039872077,0.3030485525605349,0.2639457373406619,0.7530562347188264,0.11851559579681854
16209,小矢部市,16,28983.0,4.340022256524392,2.0210360053128475,2.3189862512115447,-0.29795024589869695,5.958177337225828,1.0012766104268018,3.1378607040338418,0.6001719121925416,0.5615705758548114,2.8956661316211876,0.16382017044474348,0.18678920920391429,0.10143877445399027,0.3732187834247662,0.2174092835728316,0.8697001034126164,0.1835213745989028
16210,南砺市,16,47937.0,3.952594907859608,1.7733498296108179,2.17924507824879,-0.4058952486379718,5.737384108645172,0.9790975655547907,2.9511768228087143,0.5622499411626265,0.4865344097461251,2.6017191977077365,0.17871372843523792,0.2097356240684083,0.10386549012245239,0.3912009512485137,0.2279098110907983,0.8682266009852216,
16211,射水市,16,90742.0,5.18939057926018,2.5115319790650226,2.6778586001951563,-0.16632662113013397,6.835308020623589,0.9601838178572216,3.2935047869344847,0.6595840770769263,0.4770007273368451,3.125065105523032,0.1528950210486875,0.15159465794963334,0.12418725617685306,0.30573494082122943,0.259480919649206,0.7872903795233892,0.4865001873443389
16321,舟橋村,16,3132.0,7.032900694234832,3.954120132810142,3.0787805614246904,0.8753395713854513,6.805272463151926,0.7065772669220945,3.5081570996978853,0.622349570200573,0.25925925925925924,2.021336327905671,0.10089399744572158,0.11575931232091685,0.1685823754789272,0.20146871008939973,0.1544327931363203,,
16322,上市町,16,19351.0,4.357613764270783,1.881331403762663,2.4762823605081206,-0.5949509567454575,5.674049591549893,0.8880161231977676,3.0148694665153233,0.5759268664296597,0.382357500904346,3.838640359445204,0.16624463851997312,0.16546470289487047,0.09570564828691024,0.3720221177200145,0.2351071181755356,0.908344733242134,
16323,立山町,16,24792.0,4.564913147279164,2.3256771219231087,2.239236025356055,0.0864410965670536,5.033090274107032,0.8366005162955792,3.0640151841946337,0.5979531047124418,0.34769280413036463,3.1511206450181226,0.15843820587286223,0.1736042159932788,0.11213294611164892,0.33369635366247175,0.21858348134991118,0.923699421965318,
16342,入善町,16,23839.0,4.578540618260244,2.2331056793673616,2.345434938892883,-0.1123292595255212,5.953396456459649,0.8988632073493016,3.0117059891107076,0.5267982492361054,0.39229833466168884,3.483181890642436,0.16863123453164983,0.1672309852176067,0.09824237593858803,0.36830403959897645,0.2548409405255878,0.832183908045977,
16343,朝日町,16,11081.0,4.376747324785501,1.5231851923262314,2.8535621324592695,-1.3303769401330376,4.985416760058502,0.8636404656619439,2.940395910376332,0.588977546854704,0.3113437415395722,3.4229390681003586,0.19375507625665553,0.1940990907403971,0.08149084017687934,0.4456276509340312,0.26566820276497694,,
17201,金沢市,17,463254.0,6.898761743353425,3.38258226271261,3.5161794806408153,-0.13359721792820503,7.78879585731004,1.0745357838248564,3.7643956703904062,0.7525492280252941,0.5431059418806962,3.336221271186072,0.16043898163858272,0.18339578791864086,0.12104158841585826,0.26167502061504055,0.411637754141339,0.5681389386096464,0.8617756133784058
17202,七尾市,17,50300.0,6.137634408602151,1.995698924731183,4.141935483870967,-2.1462365591397847,6.086321549294706,1.0426838966202783,2.925371711780404,0.6782255796198818,0.4888667992047714,3.579869048080276,0.18570576540755468,0.21328404387833,0.09934393638170974,0.38508946322067594,0.32503826593591073,0.7932405566600398,0.19892644135188867
17203,小松市,17,106216.0,6.417634510547524,3.312633325432567,3.1050011851149564,0.20763214031761082,6.855356359674562,1.0112412442569858,3.372711140578382,0.590392486478585,0.4833735030503879,3.31766950499947,0.15104127438427356,0.17696608682941095,0.13024403103110643,0.28661406944339834,0.29888152946599705,0.7444279346210996,0.32652331098892823
17204,輪島市,17,24608.0,10.880160550458715,1.6724006116207952,9.20775993883792,-7.535359327217125,5.5135880566435596,1.005404746423927,2.661347970385499,0.6407585470085471,0.3565507152145644,2.7279812938425563,0.2445952535760728,0.3237179487179487,0.0734314044213264,0.46029746423927176,0.33326779394416045,0.8105975197294251,0.3193676853055917
17205,珠洲市,17,12929.0,10.374538420960084,1.591348689994725,8.78318973096536,-7.191841040970635,5.3598028274939225,1.0092041147807256,2.834506291320111,0.6385197645079899,0.3617449145332199,3.818152402523863,0.23953902080594014,0.27653490328006725,0.07162193518446902,0.5161265372418594,0.3080145719489982,0.9117082533589251,
17206,加賀市,17,63220.0,5.056480235969078,2.341863442620294,2.714616793348784,-0.3727533507284897,6.52824900712197,0.9736792154381525,3.1271886818882195,0.5913197856893764,0.45139196456817465,4.767224201437111,0.18217336285985447,0.20980883238753445,0.10621638721923442,0.35876304966782663,0.32115628970775095,0.7429849532330216,0.20210376463144575
17207,羽咋市,17,20407.0,5.442941026295634,2.660199131988767,2.7827418943068674,-0.12254276231810057,5.957879930379972,0.9993139608957711,3.112504353883664,0.6185650587758411,0.4022149262507963,3.8768751217611532,0.1867496447297496,0.1955816781516011,0.09447738521095703,0.40334199049345815,0.26984918359715815,0.8741542625169147,0.27750281766060664
17209,かほく市,17,34889.0,6.19060773480663,3.5580110497237567,2.632596685082873,0.9254143646408839,6.769548542024803,0.8848060993436326,3.1309290007736714,0.6236499584602603,0.40193184098139817,2.982267598065556,0.15440396686634755,0.1806701744669067,0.13459829745765142,0.29562326234629827,0.2303752900696167,0.7966360856269113,
17210,白山市,17,110408.0,5.248658064057445,2.7780740108776794,2.470584053179766,0.3074899576979133,6.325187143791305,0.9794580102891095,3.3073423074744652,0.638189484553825,0.5248895007608144,3.3049874357224875,0.16011520904282298,0.16005507271319164,0.13725454677197305,0.2798619665241649,0.23040990021522206,0.823905558288244,0.3423302659227592
17211,能美市,17,48523.0,6.24698213423467,3.335747625945598,2.911234508289071,0.4245131176565266,6.90761102790258,0.9499618737505925,3.4641567161007947,0.5769337180348603,0.4757125486882509,3.1058517156862746,0.15856397996826246,0.1524050432789218,0.14036642416998124,0.2615666797188962,0.26588831369093513,0.7395048439181916,0.1799765059868516
17212,野々市市,17,57238.0,11.455947822582123,6.064159170437682,5.391788652144441,0.6723705182932415,8.347849009946723,0.9132743981271183,3.5490393959781716,0.7037656320758003,0.4433068940214543,3.1216252699784017,0.13335546315384883,0.1492318946598391,0.14539292078688984,0.1957266151857158,0.45001720249245003,0.4350408314773571,0.8807086201474544
17324,川北町,17,6135.0,4.5191193511008105,1.953318986922695,2.565800364178116,-0.6124813772554213,6.038007848611846,0.9307253463732681,3.3993055555555554,0.5873314518657886,0.5846780766096169,2.6853829722306988,0.13333333333333333,0.1561618062088429,0.17229013854930725,0.23602281988590057,0.13068478829064298,,
17361,津幡町,17,36957.0,6.004637403054289,3.2088696996348713,2.7957677034194184,0.4131019962154527,6.523907361209515,0.7601536921286901,3.2240680037779876,0.6791928343457222,0.25621668425467437,3.1170515186274996,0.15209567876180427,0.14351899516112432,0.13683469978623805,0.2446085991828341,0.21368161065788488,0.8430059523809523,0.5924452742376275
17365,内灘町,17,26574.0,6.312836100070143,2.76283999688255,3.5499961031875924,-0.7871561063050425,7.37768364952605,0.754346353578686,3.328194016168014,0.7136016065497799,0.2528034921351697,3.2795457941132526,0.16222623617069315,0.1627404031822044,0.12436968465417325,0.2664634605253255,0.3196660482374768,0.7952468007312614,0.8061262888537668
17384,志賀町,17,18630.0,5.366573911068204,1.4594809472428871,3.9070929638253165,-2.4476120165824296,5.383661272002944,0.981159420289855,2.862128679898761,0.5909882455376578,0.446430488459474,2.7724867724867726,0.20005367686527106,0.21451893774488462,0.08888888888888889,0.44616210413311863,0.2840985593106234,0.9473684210526315,
17386,宝達志水町,17,12121.0,5.523600067670445,2.419218406361022,3.104381661309423,-0.6851632549484012,5.674594597203295,0.8624700932266315,2.9875144064540913,0.5736868104725835,0.33660589060308554,3.480610298792117,0.18373071528751753,0.1975959163510621,0.08918406072106262,0.39559442290240077,0.22761278621627748,,
17407,中能登町,17,16540.0,4.658479036844334,2.0267408796660416,2.631738157178293,-0.6049972775122512,6.047670288772819,0.8342200725513905,2.874243064357133,0.6038358172489616,0.281136638452237,3.158641902283213,0.17896009673518742,0.19276814072807236,0.11898428053204353,0.37164449818621526,0.22911537830297063,0.9327868852459016,
17461,穴水町,17,7890.0,9.077747212972346,2.721876357318662,6.355870855653685,-3.6339944983350225,5.081123035739953,1.0458808618504436,2.893632416787265,0.6922406277244987,0.40785804816223065,4.230448093515168,0.19949302915082381,0.2400464981110142,0.07034220532319392,0.4907477820025348,0.3501683501683502,,
17463,能登町,17,15687.0,6.601074593538484,1.6677133486846696,4.933361244853813,-3.2656478961691437,5.40313263943541,0.9599668515331166,2.834798206278027,0.6519769357495881,0.32638490469815773,3.9050131926121368,0.22585580416905718,0.27251510159253156,0.0735640976604832,0.5042391789379741,0.3007940214852872,0.8854700854700854,
18201,福井市,18,262328.0,5.202949269571584,2.413110314176728,2.789838955394856,-0.37672864121812866,7.097637903404247,1.091080631880699,3.6651630953449104,0.6991820863502279,0.5679988411454362,2.8561917925190494,0.14468527949742307,0.2017445844879473,0.12597206550577902,0.28897029672776064,0.3307803052116326,0.6522198731501057,0.7046255069988716
18202,敦賀市,18,64264.0,6.230964060145555,2.94796575935366,3.282998300791895,-0.3350325414382354,7.092195348625258,1.008480642350305,3.5304805569706232,0.6930526052730226,0.48671106684924687,3.131903047175235,0.16544254948338105,0.15600399850056224,0.12619818249719905,0.28745487364620936,0.3551802369548777,0.6592427616926503,0.6941678077928545
18204,小浜市,18,28991.0,5.534654897988714,2.5973086384025468,2.937346259586167,-0.3400376211836203,6.522417089303632,1.0113138560242834,3.234030837004405,0.6689212992320158,0.4350660549825808,2.3529411764705883,0.17691697423338276,0.2163038117381808,0.1200027594770791,0.32003035424787,0.357249502322495,0.7374161073825504,0.33976061536338864
18205,大野市,18,31286.0,4.178263639716978,1.6062506287515508,2.572013010965427,-0.965762382213876,5.498583277020053,0.9209230965927252,2.9977523201856147,0.5852982787078519,0.39896439301924186,2.4272403082940297,0.18298919644569456,0.24192407451072862,0.10694879498817363,0.37332992392763537,0.23061090841051549,0.894300518134715,0.408872978328965
18206,勝山市,18,22150.0,3.827887537993921,1.5150075987841947,2.312879939209726,-0.7978723404255319,6.031158509923738,0.9183295711060948,3.004814094028475,0.5790618745104865,0.3897516930022573,2.577363289529462,0.18058690744920994,0.22817857453659385,0.11142212189616253,0.37358916478555304,0.23406813627254508,0.8936170212765957,0.40753950338600453
18207,鯖江市,18,68302.0,5.206289713331967,2.7349125940675236,2.471377119264443,0.2635354748030804,7.1593290932727145,0.9218617317208867,3.2888815154440154,0.5708574855086948,0.44211004070159,2.5326319890902007,0.15878012356885596,0.19416921275805943,0.1405376123685983,0.2746186056045211,0.23355676581483034,0.7756176589712435,0.4068841322362449
18208,あわら市,18,27524.0,5.211738766821258,2.6305785752299857,2.581160191591272,0.0494183836387136,5.967059086591421,0.9720244150559512,3.1111553150859326,0.6033456988871002,0.4698444993460253,3.570464362850972,0.17177735794215956,0.18709316161545464,0.10841447464031391,0.33966719953495134,0.2766730594529121,0.7716297786720322,0.1860558058421741
18209,越前市,18,80611.0,6.06083215200577,3.3499962694919048,2.710835882513865,0.6391603869780397,6.811116364565223,1.039337063179963,3.307377473836908,0.5125478122959232,0.5320613812010768,2.7578699083734013,0.15997816675143592,0.1907827222688684,0.12592574214437235,0.2945007505179194,0.2748326458854554,0.7747404844290657,0.3471610574239248
18210,坂井市,18,88481.0,5.023182177993894,2.3724980210335858,2.6506841569603075,-0.2781861359267217,6.47744715376453,0.8934799561487777,3.220525451559934,0.6212463604363131,0.40243668132141364,3.321219250887549,0.1544060306732519,0.1703750380252923,0.1303669714401962,0.28745154326917643,0.23593911248710012,0.7844716494845361,0.3129598444863869
18322,永平寺町,18,18965.0,5.3275901156200405,2.459759691679891,2.8678304239401498,-0.4080707322602585,6.600751456611958,0.8848404956498813,3.294423440453686,0.6908086388749373,0.4161877142103876,2.9348673946957877,0.14315844977590297,0.16835760924158716,0.11215396783548642,0.29738992881624043,0.3365908139047885,0.7210982658959537,0.3015027682573161
18382,池田町,18,2423.0,4.34583714547118,1.738334858188472,2.607502287282708,-0.869167429094236,4.927707770904651,0.8902187371027651,2.863,0.5513803680981595,0.38464713165497316,1.5849056603773584,0.17952950887329758,0.21012269938650308,0.08047874535699547,0.444903012794057,0.328042328042328,,
18404,南越前町,18,10002.0,3.651566469093988,1.5876375952582555,2.0639288738357324,-0.4762912785774768,5.798073378058463,0.7700459908018397,2.9701798315501935,0.5823506289308176,0.2595480903819236,4.1446872645064055,0.1926614677064587,0.17590408805031443,0.11627674465106978,0.376624675064987,0.20233343567700338,,
18423,越前町,18,20118.0,4.117557792503415,1.8817340280236734,2.2358237644797407,-0.35408973645606756,6.233829326019528,0.8289591410677005,3.0444084278768235,0.5714423727176118,0.33566954965702356,3.2797607923752565,0.18391490207774133,0.21775673847937393,0.11566756138781191,0.3567452033005269,0.1952482485531526,0.9538461538461539,
18442,美浜町,18,9179.0,6.07422775472568,2.7547256800368833,3.319502074688797,-0.5647763946519133,5.880129973602313,1.067327595598649,3.2655889145496535,0.7106279211542369,0.5321930493517812,2.7854602923745553,0.18509641573156116,0.20117862223125382,0.10861749645930929,0.3588626212005665,0.3301230604601391,,
18481,高浜町,18,10326.0,5.427493713327745,2.462279966471081,2.965213746856664,-0.5029337803855826,6.2922085071874125,1.0981987216734457,3.3827102803738316,0.6456607850198055,0.5011621150493899,1.9767031415460643,0.178772031764478,0.22614332012963634,0.11630834785977145,0.3181289947704823,0.3869962146515253,,
18483,おおい町,18,7910.0,5.9106887124072385,2.74703814607473,3.1636505663325085,-0.4166124202577789,5.734072264611003,1.0407079646017698,3.233323623652782,0.6486359360301035,0.5283185840707965,1.8467220683287167,0.1820480404551201,0.1712135465663217,0.13754740834386853,0.32212389380530976,0.31603922809237583,,
18501,若狭町,18,14003.0,4.118616144975288,1.684888422944436,2.433727722030852,-0.7488392990864161,5.613046698575589,0.9456545026065843,3.0573313039066465,0.6437067773167359,0.42319502963650646,2.547513141932875,0.19167321288295366,0.2308437067773167,0.12340212811540384,0.3644933228593873,0.21518987341772153,,
19201,甲府市,19,189591.0,7.937449007342942,3.911884688604841,4.025564318738102,-0.11367963013326082,7.815725892265837,1.1310083284544097,3.7378197541003404,0.7193872340425532,0.5286907078922523,3.7053629966344683,0.19353239341529924,0.22177588652482272,0.11282708567389803,0.2873923340242944,0.40738991718593426,0.5849166569530249,0.7873633242084276
19202,富士吉田市,19,46530.0,6.489949098438444,3.202916055560349,3.287033042878095,-0.08411698731774653,7.8552610302042165,0.987792821835375,3.508107859800634,0.6309172880180336,0.5071351816032668,4.976108090294941,0.19312271652697185,0.21293566845847056,0.10934880722114765,0.301010101010101,0.284746873464038,0.7083333333333334,0.5074790457769182
19204,都留市,19,31016.0,8.713037988003789,4.286365709074327,4.426672278929461,-0.14030656985513346,7.112244910072108,0.9753353108073253,3.3218710292249045,0.6328249016495272,0.45728011348981173,4.249273063706053,0.17465179262316224,0.19221478362895994,0.101012380706732,0.2828217694093371,0.43337848435160764,0.5667844522968198,0.2600915656435388
19205,山梨市,19,33435.0,5.099357994497096,2.5068786303882606,2.592479364108835,-0.08560073372057475,6.453312500992781,0.9162853297442799,3.2398404730798323,0.6153575202536105,0.3337221474502767,3.4846166921638617,0.2272169881860326,0.3028648585182576,0.11227755346194108,0.3408404366681621,0.2613355953115361,0.8003095975232198,0.16285329744279947
19206,大月市,19,22512.0,5.2922961433799385,2.3364924462794407,2.9558036971004973,-0.6193112508210565,6.397996321983949,0.9215085287846482,3.118663963291004,0.6499901322281428,0.3519456289978678,4.70189956742524,0.21255330490405117,0.19212551805802247,0.07360518834399431,0.4039179104477612,0.27794627383015597,0.8355704697986577,
19207,韮崎市,19,29067.0,7.385423411756241,3.6333549176199726,3.7520684941362688,-0.11871357651629613,6.344945093977234,1.0867306567585233,3.442901474010861,0.5692493784019891,0.5265765300856642,4.596743172201564,0.19895414043416934,0.20374974800080636,0.10885196270684969,0.3063955688581553,0.2830123199722367,0.7053800170794193,
19208,南アルプス市,19,69459.0,5.401109778880741,2.9863647770682875,2.414745001812453,0.5716197752558347,6.888068116504675,0.886738939518277,3.2717859433702925,0.5776952503280931,0.3503793604860421,3.4377696289905093,0.19958536690709627,0.22352218468154017,0.13227947422220301,0.2778905541398523,0.22610901822095794,0.7649296310384176,
19209,北杜市,19,44053.0,6.630674305861612,3.7924195680916704,2.838254737769943,0.9541648303217276,5.725699336825457,1.0363879871972397,3.387696860796956,0.5995134275287732,0.45290899598211243,3.337554269175109,0.285224615803691,0.3035931505567512,0.09663360043583864,0.39995006015481355,0.29927897359770966,0.8387765681700363,
19210,甲斐市,19,75313.0,7.565798088254551,3.8208720701846275,3.7449260180699224,0.07594605211470473,7.529835957996543,0.7811134863834929,3.532760352717937,0.6795452673202076,0.29353498068062617,4.180918802294375,0.18336807722438359,0.16753164730757608,0.12907466174498428,0.2534489397580763,0.2948428322468211,0.659753726506805,0.7016318563860157
19211,笛吹市,19,66947.0,6.540825941935774,3.2651779170468314,3.275648024888942,-0.010470107842110775,6.684178642978169,0.9205341538829223,3.2748171711540355,0.607372749184744,0.4118929899771461,3.312039042579442,0.2245507640372235,0.30670636608535373,0.11822785188283269,0.29680194780946123,0.2914464378768704,0.7232404692082112,
19212,上野原市,19,22669.0,5.7384006035458315,2.48491135420596,3.253489249339872,-0.7685778951339117,6.600914318759949,0.9861043716088049,3.243857493857494,0.6467311906501095,0.4346905465613834,5.463962019853259,0.21271339715029336,0.1772279035792549,0.0809034364109577,0.36410957695531343,0.316305034758795,0.783068783068783,0.30786536680047644
19213,甲州市,19,29237.0,4.869493448880635,2.2387289796760546,2.6307644692045806,-0.39203548952852574,6.3123325182718135,0.9190751445086706,3.3466613986566576,0.5550077841203944,0.3268461196429182,3.0684104627766597,0.2660669699353559,0.379605604566684,0.10370421041830558,0.36655607620480896,0.2384373596766951,0.8203703703703704,
19214,中央市,19,31216.0,9.579370526522208,4.925319475765598,4.65405105075661,0.2712684250089878,7.084072346320838,1.03334828293183,3.4759065049009528,0.5957773768958375,0.5492055356227575,4.571537872991584,0.18009994874423374,0.17839246341952297,0.11250640697078422,0.24179907739620707,0.35934731246308327,0.6340014847809948,0.2772616606868273
19346,市川三郷町,19,14700.0,4.849660523763336,2.3070527920188444,2.5426077317444924,-0.23555493972564778,6.281780470589673,0.897891156462585,3.033825236279224,0.6192052980132451,0.29863945578231293,4.771044694269262,0.21816326530612246,0.22127843363086663,0.0964625850340136,0.3758503401360544,0.24961186820769363,,
19364,早川町,19,1098.0,11.175785797438882,5.355064027939465,5.820721769499418,-0.46565774155995343,4.1344837298124455,1.2440801457194899,3.083756345177665,0.5551839464882943,0.4990892531876138,1.8062397372742198,0.16848816029143898,0.14381270903010035,0.06557377049180328,0.4107468123861566,0.5436507936507936,,
19365,身延町,19,10663.0,5.580241810478454,2.0460886638420996,3.534153146636354,-1.4880644827942544,5.1988637870617005,1.0241020350745569,2.862899262899263,0.6714516781237364,0.4102035074556879,4.462043654626231,0.22695301509894025,0.2315002021835827,0.062365188033386476,0.4750070336678233,0.3329679964927663,,
19366,南部町,19,7156.0,4.774575018477457,2.099039172209904,2.675535846267554,-0.5764966740576497,5.633895648477913,0.8781442146450531,2.8760053619302948,0.5987388936658068,0.3384572386808273,3.9107683833654643,0.20793739519284515,0.1923187159644597,0.07937395192845165,0.43655673560648406,0.26955903271692744,,
19368,富士川町,19,14219.0,5.7087462300732446,2.8364210828665803,2.8723251472066638,-0.035904064340083294,6.5641052236437964,0.893452422814544,3.145330959702217,0.6377449588185174,0.32878542794851956,4.670366860701232,0.19867782544482734,0.19454700369213296,0.10760250369224278,0.3466488501301076,0.2746178457163171,,
19384,昭和町,19,20909.0,11.8015616963576,6.2935428063777055,5.508018889979895,0.7855239163978117,7.741860774658221,1.2525706633507103,3.956918934512934,0.6687836797536567,0.9144387584293845,4.6167966957319875,0.1721746616289636,0.16647421093148573,0.15701372614663542,0.19053995886938638,0.3837962454715117,0.490702479338843,
19422,道志村,19,1607.0,7.289595758780649,2.982107355864811,4.307488402915839,-1.325381047051027,5.780718625000676,0.8431860609831985,3.361462728551336,0.5141242937853108,0.3248288736776602,2.101769911504425,0.2669570628500311,0.3265536723163842,0.09085252022401992,0.3820784069695084,0.26753670473083196,,
19423,西桂町,19,4041.0,6.661522633744855,2.314814814814815,4.346707818930041,-2.0318930041152266,7.493317248862145,0.744865132392972,3.0891472868217056,0.5706024096385542,0.2642910170749814,5.852994555353902,0.19401138332096016,0.18024096385542165,0.10962633011630785,0.30462756743380354,0.200944032366824,,
19424,忍野村,19,9237.0,11.533326486597515,5.504775598233542,6.028550888363973,-0.5237752901304303,6.838437679452066,1.16607123524954,5.67948717948718,0.44074346705925654,0.7192811518891415,1.7715112075198842,0.14247049907978782,0.1623113728376886,0.14907437479701202,0.19584280610587854,0.3706896551724138,,
19425,山中湖村,19,5179.0,11.319134318103744,5.994503607007902,5.3246307110958435,0.6698728959120578,5.927698674260732,1.0585055029928558,5.137313432835821,0.7698181818181818,0.6408573083606874,2.9640084685956247,0.2994786638347171,0.3363636363636363,0.11701100598571153,0.3342344081869087,0.2787385554425229,,
19429,鳴沢村,19,2824.0,6.474820143884892,3.5317200784826683,2.943100065402224,0.5886200130804448,5.447757722075112,1.0095609065155808,3.6341463414634148,0.6110744891232696,0.5552407932011332,3.6825396825396823,0.28293201133144474,0.26961107448912325,0.1165014164305949,0.33888101983002833,0.2125237191650854,,
19430,富士河口湖町,19,26082.0,8.94338926793288,4.525170569795316,4.418218698137562,0.10695187165775401,6.589657133171218,0.9899930986887508,3.776297114019871,0.6934087168109926,0.5456636760984587,4.222359311810267,0.203166935050993,0.21240964717669797,0.13185338547657388,0.26301663982823403,0.3253781828431833,0.5972602739726027,
19442,小菅村,19,684.0,13.311688311688311,5.51948051948052,7.792207792207792,-2.272727272727273,5.3554757803879856,1.010233918128655,3.2248995983935744,0.6973293768545994,0.4590643274853801,0.8823529411764706,0.2324561403508772,0.27596439169139464,0.09941520467836257,0.45321637426900585,0.41887905604719766,,
19443,丹波山村,19,530.0,13.373253493013973,6.58682634730539,6.786427145708583,-0.19960079840319359,5.309702688773162,0.9547169811320755,2.8701923076923075,0.749034749034749,0.25849056603773585,5.818181818181818,0.27547169811320754,0.2432432432432432,0.07358490566037736,0.44528301886792454,0.4452296819787986,,
20201,長野市,20,372760.0,5.531853870146632,2.7023598421440176,2.8294940280026144,-0.12713418585859698,7.0868413844369345,1.02950155596094,3.57110527905971,0.6939722210221627,0.4961154630325142,3.138469263924342,0.1672577529777873,0.20590681297792368,0.11475748470865972,0.29038255177594163,0.33467394426888825,0.635746751168299,0.7297054404979075
20202,松本市,20,241145.0,7.30508177744745,3.6337463852616922,3.671335392185758,-0.037589006924065936,6.9406999307402,1.0579319496568456,3.7084480629373826,0.6924778574973295,0.5044682659810488,3.2596932340615976,0.17414833398992308,0.21081849456215462,0.12485019386676066,0.2763772833772212,0.37922010944826995,0.6055089592070149,0.6181094362313131
20203,上田市,20,154055.0,5.671109937970173,2.805859838986406,2.8652500989837666,-0.05939025999736043,6.896106792077164,1.0156372724027134,3.346275533264321,0.6011462534493738,0.4800038947129272,3.538475320254412,0.18213625004056994,0.2069226278921673,0.11903540943169648,0.305929700431664,0.32413126208746645,0.7019669551534226,0.30043815520431016
20204,岡谷市,20,47790.0,5.70272654888205,2.692117325528847,3.010609223353203,-0.318491897824356,7.687628537964828,0.98415986608077,3.3851004414016757,0.5688579552688537,0.4726930320150659,4.211553315175413,0.16331868591755597,0.1846539065484022,0.11408244402594685,0.3457208621050429,0.2952856177556006,0.7406015037593985,0.84170328520611
20205,飯田市,20,98164.0,5.832912032355915,2.5320188742837884,3.300893158072127,-0.7688742837883383,6.770641926535754,1.03912839737582,3.2961191335740074,0.58739399584716,0.48059370033820953,2.619196099552129,0.17816103663257407,0.2388271137761736,0.1260441709791777,0.3258526547410456,0.3054424573519559,0.7148148148148148,0.3093802208548959
20206,諏訪市,20,48729.0,7.617906179692592,3.5324544250299628,4.085451754662629,-0.5529973296326668,7.418834035264351,1.0656487923002729,3.5999132885324086,0.6172352031262721,0.5364772517392108,3.522758512351255,0.17279238235958053,0.19966620532443213,0.12161136079131524,0.3085226456524862,0.35358503302955785,0.615973218555715,0.29512200127234295
20207,須坂市,20,49559.0,5.176097173899774,2.5656676636350686,2.6104295102647055,-0.044761846629636406,6.952718959246319,0.9771585383078755,3.2554158866006953,0.5813466494845361,0.40138017312698,3.6174507064120482,0.19130733065638936,0.23940882731958768,0.12157226739845436,0.32319054056780805,0.2564921243082163,0.7705788635156665,0.5192195161322868
20208,小諸市,20,40991.0,6.887606671838635,3.3092513576415827,3.578355314197052,-0.26910395655546937,6.452274395182155,0.9730672586665365,3.1307620969941627,0.6108651492265222,0.4504891317606304,4.363636363636364,0.21619379863872557,0.2336580030209907,0.11541557902954307,0.33600058549437684,0.30143027413587603,0.7453810623556582,
20209,伊那市,20,66125.0,6.5299456094667265,3.349717261675475,3.1802283477912514,0.16948891388422369,6.139258661180405,1.0083478260869565,3.2937143610534294,0.562494573867747,0.4307145557655955,3.2587698423808056,0.18242722117202267,0.21915786427434525,0.12375047258979206,0.31248393194706997,0.27742329881939404,0.7529738302934179,0.14909640831758034
20210,駒ヶ根市,20,32202.0,6.442138866719873,3.045490822027135,3.396648044692738,-0.35115722266560256,6.573343598551803,1.038537979007515,3.325783619817998,0.5303297997644287,0.5030432892366934,2.5761661598485284,0.16955468604434507,0.21272084805653713,0.12275635053723372,0.30808645425749953,0.3226730679882298,0.6870696250956388,0.19921122911620395
20211,中野市,20,42338.0,5.507328874341824,2.701484749300318,2.8058441250415065,-0.10435937574118875,6.470169535501023,0.9991260805895413,3.229125905557612,0.5294193382258272,0.43818791629269216,3.061946166326913,0.22424299683499457,0.29041672031243293,0.12012848977278096,0.32287779299919694,0.26088886071134215,0.7767235926628716,0.27939439746799566
20212,大町市,20,26029.0,6.114382830718154,2.9682621240267184,3.1461207066914354,-0.1778585826647168,5.135548746760956,1.026316800491759,3.039846813166773,0.6218770545693623,0.405201890199393,3.57397575085189,0.2061930923201045,0.22509861932938857,0.09450996964923739,0.37999923162626303,0.30879880440874274,0.8151750972762646,
20213,飯山市,20,19539.0,5.528386136508612,2.3814586434190943,3.146927493089517,-0.7654688496704232,5.522946231459601,1.0,3.10603314344899,0.5876666040923597,0.39828036235221864,2.960196739229438,0.21572240135114387,0.28524497841186414,0.10251292287220432,0.3810328061825068,0.24878926248789263,0.841225626740947,
20214,茅野市,20,56400.0,6.939666333740243,3.5401176340028853,3.3995486997373576,0.14056893426552733,6.661754390970569,0.9797695035460993,3.4082297334869125,0.5652725887772498,0.4239007092198582,3.2395058261968273,0.17863475177304963,0.21495157604555837,0.125,0.3024645390070922,0.3430828710707682,0.7363100252737995,0.2098404255319149
20215,塩尻市,20,67241.0,7.162027451882524,3.628556092324208,3.5334713595583165,0.09508473276589219,6.844943385545304,0.985708124507369,3.4617708500723126,0.5863755903062523,0.4667390431433203,4.43723821105256,0.18097589268452283,0.19463846393122752,0.12432890647075445,0.2848708377329308,0.33959294631040526,0.6530903894247946,0.5796463467229815
20217,佐久市,20,98199.0,6.827890737317724,3.5048264530704456,3.323064284247278,0.18176216882316698,6.427105762178282,0.9925559323414699,3.4033468373077986,0.6187985654512851,0.4149329422906547,3.386544569566473,0.19122394321734437,0.22066860216890105,0.12708887055876333,0.3072332712145745,0.31151700919551784,0.7210216110019646,0.1944826322060306
20218,千曲市,20,58852.0,5.24768459512278,2.7937802702013763,2.4539043249214036,0.33987594527997284,7.0737626004099905,0.9313532250390811,3.2219111750018916,0.5993145894530704,0.3965880513831306,3.590573480327703,0.17187181404200366,0.18488599804168415,0.11690341874532727,0.3335145789437912,0.24109663903816378,0.798633257403189,0.3413817712227282
20219,東御市,20,30122.0,5.974169486843014,2.883486428620761,3.090683058222253,-0.2071966296014918,6.269959812937244,0.9596308346059359,3.183933645649336,0.5619738553144891,0.4317110417634951,5.644171779141105,0.19660049133523672,0.22736294572582305,0.12124028948940974,0.3098399840648031,0.2131482964149097,0.8377659574468085,
20220,安曇野市,20,94222.0,5.85388242166312,3.1459924062252265,2.7078900154378935,0.43810239078733254,6.51713810013708,0.92399864150623,3.292923726867796,0.6197095176661535,0.39741249389739125,3.149876060538885,0.19285304918171978,0.2237296599941737,0.12060877502069581,0.3176752775360319,0.2553460155370721,0.7950377562028047,0.09010634459043536
20303,小海町,20,4353.0,7.650142993326978,3.765490943755958,3.8846520495710197,-0.11916110581506197,5.302230364980852,1.0445669653112797,3.022331154684096,0.5595809690091663,0.44589937973811167,2.8413910093299406,0.2566046404778314,0.3400261894369271,0.09280955662761314,0.4206294509533655,0.29617117117117114,,
20304,川上村,20,4344.0,21.536766730928118,10.35527402919306,11.181492701735058,-0.8262186725419994,4.882470485804903,1.0064456721915285,3.476931330472103,0.20666453059916692,0.195902394106814,0.6367398917542184,0.5520257826887661,0.5091316885613586,0.1033609576427256,0.27532228360957645,0.23707239459029436,,
20305,南牧村,20,3242.0,15.451797111185758,6.919717836748404,8.532079274437352,-1.6123614376889486,4.681415875399687,1.1098087600246762,3.2579250720461097,0.33756464503996236,0.42504626773596543,1.2993039443155452,0.47871684145589144,0.4381758345086977,0.10425663170882171,0.30721776681061075,0.27798507462686567,,
20306,南相木村,20,962.0,6.587473002159827,3.6717062634989204,2.915766738660907,0.755939524838013,4.775916582538385,0.8253638253638254,2.9649122807017543,0.5098039215686274,0.17775467775467776,1.5444015444015444,0.29521829521829523,0.37450980392156863,0.09875259875259876,0.4074844074844075,0.3465346534653465,,
20307,北相木村,20,752.0,10.973724884080372,4.7913446676970635,6.182380216383308,-1.3910355486862442,4.983739609274195,0.8430851063829787,3.3275109170305677,0.4417989417989418,0.12234042553191489,3.324808184143223,0.25398936170212766,0.38095238095238093,0.13829787234042554,0.35904255319148937,0.36666666666666664,,
20309,佐久穂町,20,10218.0,5.079084389429217,2.514981825326653,2.564102564102564,-0.049120738775911194,5.573743668438867,0.8314738696418086,3.1062743190661477,0.567886887468526,0.24486200822078685,3.6214299047974614,0.24486200822078685,0.28413712957582804,0.10324916813466432,0.38735564689763163,0.24079754601226994,,
20321,軽井沢町,20,19188.0,12.41265171018757,6.63847002574476,5.7741816844428095,0.8642883413019492,6.166433587758592,1.2173233270794246,5.68409764069043,0.813931410941023,0.7125286637481759,3.911060433295325,0.2792891390452366,0.2964281476207429,0.11116322701688555,0.32040858870127165,0.3404950957496497,0.8238841978287093,
20323,御代田町,20,15555.0,11.705426356589149,6.499701848539058,5.205724508050089,1.2939773404889685,6.385233615452955,0.8802314368370299,3.5209642261828438,0.6246326817426856,0.3695917711346834,3.96319018404908,0.2273224043715847,0.205825986968187,0.12304725168756027,0.277917068466731,0.34204240071663183,0.7286356821589205,
20324,立科町,20,6612.0,5.573868744381181,2.921786035361103,2.652082709020078,0.26970332634102484,5.510480887267118,0.9426799758015729,2.971439033321128,0.561398678414097,0.45659407138535996,3.5325365205843293,0.2397156684815487,0.2786343612334802,0.09437386569872959,0.36917725347852387,0.2636854279105628,,
20349,青木村,20,4121.0,4.429760156632404,2.0313264806656877,2.3984336759667158,-0.36710719530102787,5.9433794996877,0.8211599126425625,3.5288697788697787,0.5525783619817998,0.27833050230526574,3.41796875,0.2174229555933026,0.24924165824064715,0.11599126425624848,0.394079107012861,0.20464816010329245,,
20350,長和町,20,5600.0,5.023576351106275,2.3213638012332245,2.7022125498730505,-0.38084874863982593,5.392628046019278,0.8723214285714286,2.9798657718120807,0.5763840224246671,0.31,4.002690884628322,0.24910714285714286,0.3002803083391731,0.09357142857142857,0.425,0.2714285714285714,,
20361,下諏訪町,20,19155.0,5.657823497563617,2.517596101786681,3.140227395776936,-0.6226312939902545,7.752533042445771,0.9339075959279561,3.390870185449358,0.6058154787931789,0.40798747063429913,3.6241045090602615,0.17468024014617595,0.20747704416265855,0.10733489950404594,0.38423388149308274,0.30941131400842803,0.7982456140350878,0.7960845732184808
20362,富士見町,20,14084.0,6.160062380378536,3.2182604380803856,2.9418019422981496,0.27645849578223575,5.743247466436033,1.0795938653791537,3.2346633023182463,0.5445105911671051,0.5568730474297074,2.89056197902662,0.21677080374893495,0.2554340301813651,0.11722522010792388,0.3631780744106788,0.28267857142857145,,
20363,原村,20,7680.0,6.489493201483312,3.6711990111248456,2.818294190358467,0.8529048207663783,5.795777842026811,0.8536458333333333,3.6322728575523073,0.48283261802575106,0.28828125,2.328830926874709,0.27955729166666665,0.35598474010491177,0.12747395833333333,0.347265625,0.21837088388214904,,
20382,辰野町,20,18555.0,5.308456882669777,2.598700649675162,2.709756232994614,-0.11105558331945138,6.534140287450591,0.9731069792508757,3.1402483564645727,0.5035003281557646,0.4321207221773107,3.9201261166579084,0.18760441929399083,0.19634653248742073,0.108542171921315,0.37720291026677444,0.26256212037548315,0.8375706214689266,
20383,箕輪町,20,24989.0,7.073440767622094,3.6699881084184196,3.403452659203674,0.26653544921474553,6.701602672569202,0.9715874984993397,3.2989646615898005,0.4672364672364672,0.4495978230421385,3.8721947508558388,0.16147104726079475,0.18811332700221595,0.12177358037536516,0.2868462123334267,0.2639005897219882,0.7527200791295747,
20384,飯島町,20,9004.0,5.427056301478054,2.8207153334085526,2.606340968069502,0.21437436533904997,5.748527079261048,0.938249666814749,3.006701030927835,0.46404040404040403,0.4107063527321191,2.788688138256088,0.2070191026210573,0.24929292929292934,0.11139493558418481,0.3697245668591737,0.25443262411347517,,
20385,南箕輪村,20,15797.0,8.373310074138683,4.024671360039873,4.34863871409881,-0.3239673540589371,6.791189811647673,0.9032727733113882,3.2941252755803396,0.5594718992248062,0.4322972716338545,2.927689594356261,0.1633221497752738,0.15903585271317833,0.157878078116098,0.23415838450338672,0.3305361305361305,0.6494082840236687,
20386,中川村,20,4651.0,4.6103896103896105,2.272727272727273,2.3376623376623376,-0.06493506493506493,5.532486864609157,0.8088583100408514,2.9211723092470945,0.46477823332090945,0.2549989249623737,2.4718284260268995,0.2152225327886476,0.2724562057398434,0.130939582885401,0.36056761986669533,0.2048417132216015,,
20388,宮田村,20,8569.0,5.5129818140226465,2.5849250829234816,2.928056731099165,-0.34313164817568337,6.361955041946411,0.9700081689812113,3.3575802106294392,0.4951519069166128,0.5005251487921578,2.3769457299116534,0.16513012020072354,0.20814479638009054,0.13887268059283464,0.2967674174349399,0.25299355234878723,,
20402,松川町,20,12530.0,5.126556850140618,2.3543591803937325,2.772197669746886,-0.4178384893531539,6.178169199236715,0.9494014365522745,3.0749726377234587,0.477825072085679,0.40558659217877097,2.5424862839555735,0.21987230646448525,0.317039681449952,0.12250598563447726,0.34509177972865124,0.20616919936493536,,
20403,高森町,20,12811.0,5.878153260352213,2.7209265429160716,3.1572267174361417,-0.4363001745200698,6.474399763536712,0.8836156428069628,3.2114882506527413,0.5137496419364079,0.3742096635703692,2.499650886747661,0.17836234485988603,0.26926382125465487,0.13933338537194598,0.32487705877761297,0.21526683179464084,,
20404,阿南町,20,4299.0,6.614093106079879,3.2307300941236328,3.3833630119562454,-0.15263291783261257,5.738574766306758,1.0344266108397302,2.9354422207876048,0.5775375939849624,0.38055361712026053,1.8450184501845017,0.1793440334961619,0.3002819548872181,0.09141660851360782,0.4542916957431961,0.3141228625712476,,
20407,阿智村,20,6068.0,5.908096280087528,2.8783033159400775,3.02979296414745,-0.15148964820737248,5.643196629814004,1.0278510217534609,2.8898339408667475,0.5848774656306037,0.5453197099538563,2.020497803806735,0.19083717864205668,0.26748356246264193,0.13085036255767962,0.3719512195121951,0.2553688141923436,,
20409,平谷村,20,387.0,12.73209549071618,7.161803713527852,5.570291777188329,1.5915119363395225,5.095534737882742,0.937984496124031,2.7547169811320753,0.7183098591549296,0.4186046511627907,1.8433179723502304,0.23255813953488372,0.2300469483568075,0.11886304909560723,0.3385012919896641,0.4564102564102564,,
20410,根羽村,20,852.0,10.918114143920596,5.583126550868486,5.334987593052109,0.24813895781637718,5.307751398781395,0.9565727699530516,2.809061488673139,0.588495575221239,0.4119718309859155,2.1645021645021645,0.2007042253521127,0.2942477876106194,0.06690140845070422,0.5246478873239436,0.3543307086614173,,
20411,下條村,20,3545.0,5.320081847413037,2.6308097047646886,2.6892721426483486,-0.05846243788365975,5.723150781614567,0.8307475317348378,2.9297752808988764,0.5059347181008902,0.30493653032440055,2.2716288061865635,0.19802538787023977,0.3125618199802176,0.13173483779971792,0.3514809590973202,0.18393782383419688,,
20412,売木村,20,548.0,13.347457627118645,7.415254237288135,5.932203389830509,1.4830508474576272,4.7823952628755615,1.031021897810219,2.642857142857143,0.5570032573289903,0.291970802919708,0.967741935483871,0.22627737226277372,0.42019543973941365,0.10401459854014598,0.4744525547445255,0.4404332129963899,,
20413,天龍村,20,1178.0,8.560311284046692,3.3073929961089497,5.252918287937743,-1.9455252918287937,5.118545747387355,1.000848896434635,2.6936708860759495,0.6218487394957983,0.34125636672325976,3.2520325203252036,0.15789473684210525,0.23949579831932777,0.06112054329371817,0.6213921901528013,0.43548387096774194,,
20414,泰阜村,20,1542.0,7.713884992987377,3.3660589060308554,4.3478260869565215,-0.9817671809256662,5.45225190025968,0.8599221789883269,2.77797513321492,0.5379901960784313,0.2723735408560311,1.090909090909091,0.17963683527885863,0.27083333333333337,0.1219195849546044,0.42153047989623865,0.30677966101694915,,
20415,喬木村,20,5973.0,5.197010869565218,2.411684782608696,2.7853260869565215,-0.3736413043478261,6.153402599267761,0.8434622467771639,2.9932,0.5302567237163814,0.31307550644567217,2.065249925172104,0.18985434455047714,0.27872860635696817,0.13443830570902393,0.35593504101791396,0.18675889328063242,,
20416,豊丘村,20,6426.0,5.35302261190586,2.3381018304876173,3.0149207814182435,-0.676818950930626,6.093958890249275,0.870525988173047,2.9614977039915225,0.4874331550802139,0.33582321817615934,2.426297938951213,0.20619358854652972,0.27807486631016043,0.1364768129474012,0.32944288826641765,0.16375648890986313,,
20417,大鹿村,20,1023.0,7.373271889400922,3.686635944700461,3.686635944700461,0.0,3.7152254366775375,1.093841642228739,2.9757785467128026,0.45289256198347105,0.3567937438905181,2.7331189710610935,0.25806451612903225,0.39504132231404954,0.09579667644183773,0.45454545454545453,0.3812785388127854,,
20422,上松町,20,4131.0,6.259541984732825,3.2315521628498725,3.0279898218829517,0.2035623409669211,5.52291440649023,0.9932219801500847,3.0385739333722968,0.6116009280742459,0.5158557250060518,2.48868778280543,0.1832486080852094,0.21670533642691414,0.09077705156136529,0.4243524570321956,0.3637901861252115,,
20423,南木曽町,20,3915.0,6.205770277626565,2.5313010342950464,3.6744692433315187,-1.1431682090364725,5.094516778076958,0.9879948914431673,2.9617706237424546,0.5726202158979392,0.4298850574712644,1.8777082330284065,0.18646232439335889,0.25711481844946027,0.10574712643678161,0.4298850574712644,0.31138461538461537,,
20425,木祖村,20,2692.0,3.7758346581875997,1.4308426073131957,2.3449920508744038,-0.9141494435612083,5.2095121561512725,0.8443536404160475,2.914393226716839,0.6111111111111112,0.3421248142644874,2.5676613462873004,0.21693907875185736,0.2556980056980057,0.10549777117384844,0.4338781575037147,0.23221343873517786,,
20429,王滝村,20,715.0,8.90625,4.53125,4.375,0.15625,3.0083995787547564,0.993006993006993,2.822742474916388,0.7415458937198067,0.43776223776223777,1.66270783847981,0.193006993006993,0.2657004830917874,0.057342657342657345,0.4307692307692308,0.4474393530997305,,
20430,大桑村,20,3439.0,6.238303181534623,2.2769806612601373,3.961322520274485,-1.6843418590143482,4.70894880594712,0.9659784821168944,2.976619906479626,0.4775067750677507,0.46379761558592614,1.652452025586354,0.17097993602791509,0.23089430894308938,0.08229136376853737,0.430939226519337,0.31322033898305085,,
20432,木曽町,20,10584.0,6.223897320973821,2.8929408169501887,3.3309565040236326,-0.438015687073444,5.2175771871810115,1.062641723356009,2.9430212014134276,0.6822594880847308,0.5154950869236583,2.310743231591654,0.17951625094482238,0.24942630185348635,0.08654572940287227,0.4181783824640968,0.3474339703671892,,
20446,麻績村,20,2593.0,3.731343283582089,1.7412935323383085,1.9900497512437811,-0.24875621890547264,5.544082787375627,0.8588507520246819,2.840981856990395,0.6178092986603625,0.26918627072888546,3.1297709923664123,0.21596606247589664,0.27738376674546883,0.0929425376012341,0.4485152333204782,0.2510330578512397,,
20448,生坂村,20,1639.0,8.04953560371517,3.653250773993808,4.396284829721362,-0.7430340557275541,5.400361578533706,0.8584502745576571,2.8877551020408165,0.511864406779661,0.18303843807199513,3.1728665207877462,0.2593044539353264,0.3367231638418079,0.10311165344722392,0.4246491763270287,0.3042168674698795,,
20450,山形村,20,8400.0,5.998114541597926,2.887108178175819,3.111006363422107,-0.223898185246288,6.5411300041902365,0.8585714285714285,3.258005249343832,0.5361006844778097,0.37476190476190474,2.5392726490208735,0.2301190476190476,0.27864870832413335,0.13345238095238096,0.29,0.20704553007643736,,
20451,朝日村,20,4279.0,5.794041754632888,2.932207365704903,2.861834388927985,0.07037297677691766,6.165361767933288,0.8553400327179248,2.9441571871768355,0.5169318645450837,0.24071044636597336,2.350597609561753,0.2390745501285347,0.3072215422276622,0.12269221780789905,0.3213367609254499,0.1611148878314072,,
20452,筑北村,20,4149.0,5.809859154929577,2.9175050301810868,2.8923541247484907,0.025150905432595575,5.58913764314442,0.8107977825982164,3.0053085600530856,0.5814634146341463,0.21571463003133284,4.562383612662942,0.23355025307302965,0.2531707317073171,0.07568088696071343,0.4651723306820921,0.2650029708853238,,
20481,池田町,20,9382.0,5.486065393899495,2.7869212201009437,2.699144173798552,0.08777704630239193,6.290652910522212,0.9298657002771265,3.147665014349074,0.6195860891828462,0.3853123001492219,3.0409598676044687,0.20986996376039224,0.2361851930872626,0.0986996376039224,0.39522489874227246,0.2267195018397962,,
20482,松川村,20,9599.0,7.441956882255389,4.342868988391376,3.0990878938640134,1.2437810945273633,6.11777429987125,0.7547661214709865,3.205716963448922,0.579784102060844,0.2533597249713512,3.283978739559605,0.1910615689134285,0.22100098135426893,0.11136576726742368,0.344306698614439,0.23281907433380084,,
20485,白馬村,20,8575.0,12.115485564304462,5.921259842519685,6.194225721784777,-0.27296587926509186,5.012327687485524,1.003731778425656,3.4919236417033774,0.792616226071103,0.5834402332361516,3.919421940004379,0.3516034985422741,0.3313582497721057,0.11206997084548105,0.3247813411078717,0.3314393939393939,,
20486,小谷村,20,2647.0,11.170401992173604,4.838135894699396,6.332266097474208,-1.4941302027748131,4.256308078089077,1.000377786173026,3.0040941658137155,0.6681383370125092,0.4907442387608614,2.4407753050969134,0.31771817151492254,0.32450331125827814,0.10162448054401209,0.38307517944843217,0.3437779767233662,,
20521,坂城町,20,14004.0,6.596020761245675,2.919550173010381,3.6764705882352944,-0.7569204152249135,6.728700023803481,1.0731933733219081,4.260628172588833,0.4828738512949039,0.5895458440445587,3.919732441471572,0.18137674950014282,0.216374269005848,0.10925449871465295,0.3583261925164239,0.2619222303741746,,
20541,小布施町,20,10660.0,4.878492764175844,2.7122963502320925,2.1661964139437515,0.5460999362883407,6.467867595896764,0.8482176360225141,3.3457202505219206,0.5365729766339316,0.2817073170731707,2.4607762180016515,0.22045028142589118,0.3240772096173383,0.13095684803001875,0.35159474671669794,0.17070514565750067,,
20543,高山村,20,6617.0,4.818337751442383,2.3701855605800715,2.448152190862311,-0.0779666302822392,6.118432753804946,0.8186489345624905,3.1582931865106674,0.49062667380824854,0.2892549493728276,3.088502465611212,0.23666314039594982,0.3085163363685056,0.10850838748677648,0.3688982922774671,0.19758412424503882,,
20561,山ノ内町,20,11352.0,6.411969008816458,2.903197078991896,3.508771929824561,-0.6055748508326654,5.918439412093092,0.8778188865398168,2.85058949624866,0.5681853765461092,0.3488372093023256,3.212607970904682,0.27704369274136714,0.3763895412556756,0.08597603946441155,0.41948555320648345,0.28176670441676105,,
20562,木島平村,20,4375.0,5.924002832192589,2.525371725277319,3.3986311069152704,-0.8732593816379515,5.47730733638894,0.8857142857142857,2.906470588235294,0.5141874462596733,0.2562285714285714,2.4328859060402683,0.23725714285714286,0.35769561478933787,0.10742857142857143,0.4025142857142857,0.23160588611644273,,
20563,野沢温泉村,20,3279.0,8.626465661641541,4.550530429927415,4.075935231714126,0.4745951982132886,5.882633391378589,0.9255870692284233,2.9610927152317883,0.6889632107023411,0.49801768831960963,2.711496746203905,0.33150350716681914,0.3823857302118172,0.11436413540713632,0.38334858188472093,0.24413553431798435,,
20583,信濃町,20,7739.0,6.283068783068783,2.579365079365079,3.7037037037037033,-1.1243386243386242,5.342569452125107,0.9335831502778137,3.0197109067017083,0.5939246658566221,0.3779558082439592,3.7877016600420856,0.25998190980746866,0.3091130012150668,0.08541155188008787,0.4414006977645691,0.24558534990189668,,
20588,小川村,20,2215.0,6.46041856232939,2.820746132848044,3.6396724294813465,-0.8189262966333031,5.254592141273651,0.8198645598194131,2.7873563218390807,0.5425,0.2505643340857788,3.225806451612903,0.23702031602708803,0.32833333333333337,0.08487584650112867,0.45914221218961626,0.32087227414330216,,
20590,飯綱町,20,10296.0,4.925053533190578,2.5890597625072997,2.335993770683278,0.2530659918240218,5.702617652159908,0.8098290598290598,3.1321062441752097,0.519502640095384,0.20415695415695415,2.345309381237525,0.24252136752136752,0.33094873105092826,0.09897047397047397,0.40617715617715616,0.19408945686900958,,
20602,栄村,20,1660.0,7.179487179487179,4.294871794871795,2.8846153846153846,1.4102564102564104,3.8710082584015115,0.9927710843373494,2.834355828220859,0.5022779043280182,0.33192771084337347,2.3359288097886544,0.23493975903614459,0.4020501138952164,0.06204819277108434,0.5433734939759036,0.3068017366136035,,
21201,岐阜市,21,402557.0,6.205794145723041,3.0383812671154793,3.167412878607561,-0.12903161149208148,7.940861018815863,1.022208035135397,3.9132002141977797,0.7222982005141388,0.47801677774824436,3.384762112918128,0.18164632586192764,0.19949100257069408,0.11367334315388877,0.2809366127032942,0.3647128854778307,0.6516147470705916,0.7554284238008531
21202,大垣市,21,158286.0,6.39402977465076,3.090904456000816,3.303125318649944,-0.21222086264912815,7.389131980984174,1.0346335114918566,3.7432443599702503,0.6355204710357315,0.4841805339701553,4.224420795229125,0.17078579280542816,0.1699688668307997,0.12849525542372667,0.2745978797872206,0.29627426072134944,0.6812418725617685,0.6053409650885107
21203,高山市,21,84419.0,5.607012099022865,2.692578134471304,2.9144339645515602,-0.22185583008025606,5.729361832887652,1.010969094635094,3.190455318929511,0.6656197201403631,0.5159265094350798,2.5231730748928443,0.19346355678224098,0.24303600051986307,0.12493632949928334,0.3327805351875763,0.29809401237972666,0.7534381139489195,0.4086994633909428
21204,多治見市,21,106732.0,5.658365699489757,2.705429898712969,2.952935800776788,-0.24750590206381842,7.727503255494311,0.9067945883146573,3.570165179029445,0.6785152990938901,0.4003672750440355,3.4199085525822652,0.18194168571749803,0.16703855332854733,0.11480155904508489,0.3121931566915264,0.25836837283596814,0.7742316784869976,0.5039257204961961
21205,関市,21,85283.0,5.885857262004051,2.793994995829858,3.091862266174193,-0.2978672703443346,6.8517009899487515,1.0231112882989575,3.359454314720812,0.5442219010255351,0.5213113985202209,3.3676229326475413,0.19054207755355698,0.19549406933259916,0.12296706260333243,0.3048555984193802,0.28565861262665626,0.7539537712895377,0.2954750653705897
21206,中津川市,21,76570.0,5.719725300877133,2.774189161623717,2.945536139253417,-0.17134697762970016,6.269985800274538,0.9857254799529842,3.254512476962233,0.5267957168538155,0.44748596055896567,2.82292774317687,0.16385007182969832,0.19412239793658648,0.11901528013582342,0.32623742980279485,0.2955864489134836,0.7833898305084745,0.09202037351443124
21207,美濃市,21,19247.0,5.471012584908641,2.574903901848244,2.896108683060397,-0.3212047812121531,6.651046215544145,1.050761157583,3.2676526717557253,0.49650698602794413,0.5353561594014652,3.2351521004345725,0.21063022808749415,0.2266467065868264,0.10973138670961709,0.36229022704837116,0.26662189388851576,0.8524822695035461,
21208,瑞浪市,21,37150.0,6.496782788627796,3.1350094957340064,3.3617732928937896,-0.22676379715978345,6.563240103561464,0.9427187079407806,3.232376453488372,0.6333882482152663,0.397792732166891,3.076431764956355,0.16737550471063256,0.17468423942888522,0.11270524899057874,0.31329744279946165,0.3018123962368567,0.7656934306569343,0.3530551816958277
21209,羽島市,21,65649.0,7.14854849136311,2.9451117759369785,4.203436715426132,-1.2583249394891531,7.109409802324992,0.8742555103657329,3.6005728727885424,0.6455277448349042,0.36241222257764777,3.1437035245752973,0.18672028515285838,0.19505648835902878,0.12917180764368077,0.27631799418117564,0.2632215902214692,0.7466933867735471,0.37737056162317784
21210,恵那市,21,47774.0,5.306813740391714,2.481869110175012,2.8249446302167023,-0.3430755200416902,6.0320911964247355,0.9826056013731318,3.198847122650649,0.5848330644160358,0.48593377150751454,2.657967862752205,0.18476577217733495,0.19357908237143684,0.11510445011931177,0.35282789801984343,0.2725410970277301,0.8264604810996563,0.11839075647841922
21211,美濃加茂市,21,56689.0,7.434673148710826,3.847556211476691,3.5871169372341347,0.26043927424255575,7.131145822288005,0.9768738203178747,3.354590515646963,0.5653421164470889,0.45144560673146467,4.488719006866691,0.16086013159519483,0.14885252868678278,0.14600716188325777,0.22783961615128157,0.2897615451508078,0.7045143638850889,0.19776323448993632
21212,土岐市,21,55348.0,5.440333314897774,2.498018177460686,2.9423151374370886,-0.44429695997640245,7.226534277997791,0.9611006721110067,3.2435374149659864,0.6050754805777794,0.4564211895642119,3.318049770746561,0.1729601792296018,0.1963219056583282,0.11839632868396328,0.3196502131965021,0.25800403131298927,0.7944945420028476,0.41627520416275204
21213,各務原市,21,144521.0,6.577897985367037,3.2449114046950314,3.3329865806720065,-0.08807517597697563,7.629831793663386,0.9451775174542109,3.6562905122252705,0.6355291656230201,0.42450578116675086,3.0760442699036057,0.17360798776648376,0.15933167332144804,0.13030632226458438,0.2833775022315096,0.27812932742028784,0.7351721651343068,0.6055659731111741
21214,可児市,21,99968.0,6.8000280620170575,3.3674420469237014,3.4325860150933565,-0.06514396816965494,7.520662785155284,0.9631982234314981,3.483162549886744,0.5949836176703197,0.44533250640204863,3.925059158109546,0.18197823303457106,0.1448197943735171,0.12953145006402048,0.2777288732394366,0.27806563039723664,0.7408228627740823,0.3377180697823303
21215,山県市,21,25280.0,4.929947107037591,1.9986272055557797,2.9313199014818103,-0.9326926959260305,6.551475982921958,0.8759098101265823,3.17213191769238,0.5646685254027262,0.3878955696202532,3.519390271239632,0.2125395569620253,0.2074039653035935,0.10348101265822784,0.3605617088607595,0.24731182795698925,0.9296424452133795,
21216,瑞穂市,21,56388.0,8.180253092664572,4.030669293434854,4.149583799229719,-0.11891450579486361,7.601044343764795,0.8190927147620061,3.5863477021456913,0.6594141953413537,0.3111832304745691,3.251255925847308,0.1568241469816273,0.15628770980363482,0.15233737674682557,0.20977867631410937,0.3135344367325147,0.6214592274678111,0.3809853160246861
21217,飛騨市,21,22538.0,5.296668819784073,2.2146350465996125,3.0820337731844605,-0.8673987265848482,5.941192272497054,0.9687194959623746,3.201388888888889,0.5809209412561368,0.4415653562871595,1.9666417724670153,0.18200372703877896,0.20983578804807856,0.10617623569083326,0.40385127340491617,0.24198678737460239,0.813953488372093,0.22251308900523561
21218,本巣市,21,32928.0,6.455830925954083,3.168617910901627,3.2872130150524557,-0.11859510415082863,6.377977729800279,1.004069484936832,3.322434467373118,0.6051957784300256,0.45918367346938777,2.4608637388073342,0.1854348882410107,0.20002497970399047,0.12715621963070942,0.3048469387755102,0.2209968367957596,0.8731537793223284,
21219,郡上市,21,38997.0,4.407866836301951,1.8951441899915182,2.5127226463104324,-0.6175784563189143,5.881728664654287,0.9815113983126907,3.0926853397638037,0.595725952369309,0.4520604149037105,2.0266385588348026,0.21096494602148883,0.24446183187441928,0.11731671667051312,0.37469548939662023,0.2613565650280025,0.8625261688764829,
21220,下呂市,21,30428.0,5.550752204738025,2.396679923914923,3.1540722808231023,-0.7573923569081792,5.868654947553804,0.9956947548310766,3.016401088223863,0.6490667348504219,0.4702576574207966,2.0167856695477893,0.18068883922702775,0.2202122219381233,0.10667805968187195,0.4041672144077823,0.29692862045298557,0.7835337650323775,
21221,海津市,21,32735.0,4.951594984923028,2.0917314711950485,2.8598635137279795,-0.7681320425329313,5.992901350925771,0.8894760959217962,3.2197050651848684,0.5540951045682907,0.3947151367038338,3.0745710888398166,0.21695433022758515,0.2278303540133193,0.09989308080036657,0.3438826943638308,0.2150017283097131,0.8644366197183099,
21302,岐南町,21,25881.0,10.392171736327088,5.381931275127058,5.01024046120003,0.37169081392702724,8.093136605965126,0.9639890266991229,3.77177152984774,0.6735070140280561,0.6299602024651288,3.5114858071003177,0.17839341601947376,0.1703406813627254,0.1458212588385302,0.2249526679803717,0.32494322482967447,0.5191570881226054,0.5770256172481744
21303,笠松町,21,22208.0,9.21251546108388,4.71849374685052,4.49402171423336,0.22447203261716067,7.676063968070941,0.9071505763688761,3.686980328533766,0.6980369515011547,0.4019272334293948,3.9645134460770723,0.1628692363112392,0.16984218629715164,0.12337896253602305,0.27962896253602304,0.28608067148519467,0.6987104337631888,0.5886617435158501
21341,養老町,21,26882.0,4.967078664664434,2.244811520542143,2.72226714412229,-0.47745562358014704,6.210413352400898,0.908340153262406,3.1934505761067316,0.5938794293603313,0.40279741090692656,5.122980643283364,0.2001339186072465,0.17295597484276726,0.10594449817721896,0.3408228554423034,0.20341151385927506,0.9181084198385236,
21361,垂井町,21,26402.0,5.313446749009556,2.4819389419715683,2.8315078070379864,-0.3495688650664181,6.994016305715759,0.8922808878115295,3.315421769880973,0.5535459305092812,0.40796151806681313,3.1722866579614406,0.17176729035679114,0.14358242106933206,0.12393000530262858,0.3136126051056738,0.24602344077019672,0.7897489539748954,0.4934095901825619
21362,関ケ原町,21,6610.0,4.808475957620212,1.9070904645476772,2.9013854930725347,-0.9942950285248574,6.374194604794047,0.9830559757942511,3.14375,0.5664828431372549,0.46626323751891074,4.365660709053619,0.20242057488653556,0.18841911764705888,0.08835098335854766,0.40075642965204233,0.2572912504994007,,
21381,神戸町,21,18585.0,5.485996705107084,2.4821526633717736,3.0038440417353103,-0.5216913783635365,6.897317608951235,0.8547215496368039,3.2474442665352874,0.5709982788296041,0.37772397094430993,3.768115942028986,0.185256927629809,0.1720094664371773,0.11713747645951036,0.32138821630347053,0.23272566892090563,0.8062593144560357,0.34145816518697875
21382,輪之内町,21,9654.0,6.51551837992516,2.729473915914594,3.7860444640105655,-1.0565705480959717,6.069196550368372,0.976900766521649,3.2860159549507273,0.5472549019607843,0.49274911953594364,2.2988505747126435,0.1691526828257717,0.1707843137254902,0.13465920861818936,0.2663144810441268,0.2649122807017544,,
21383,安八町,21,14355.0,6.61317100166021,3.583287216380741,3.029883785279469,0.5534034311012728,6.672632219382018,0.8725879484500174,3.5484934086629,0.6079221681723419,0.36140717520027865,4.181648688240778,0.18223615464994775,0.15538568450312717,0.13061650992685475,0.28638105189829327,0.21146166134185304,,
21401,揖斐川町,21,19529.0,4.631567648795149,2.07159340954221,2.5599742392529383,-0.4883808297107283,5.591253286641568,0.9748066977315787,3.174930078820239,0.5811079694208817,0.42521378462798914,3.271880064829822,0.20400430129550925,0.22641114252801342,0.10205335654667418,0.38522197757181625,0.2297757592960545,0.8878205128205128,
21403,大野町,21,22041.0,5.221688656813837,2.270502121311017,2.9511865355028206,-0.6806844141918038,6.644459618556968,0.8116691620162425,3.2666036149642705,0.5844957081545065,0.30996778730547614,3.419689119170984,0.18896601787577696,0.20502503576537912,0.12676375845016105,0.2998049090331655,0.17387255554077424,0.9247730220492867,
21404,池田町,21,23360.0,5.369306798450648,2.2928631850763543,3.0764436133742934,-0.7835804282979386,6.914197216655817,0.8599743150684932,3.289108330074306,0.571662078458362,0.3579623287671233,3.6552009946125152,0.16982020547945206,0.16113214039917412,0.1273972602739726,0.29584760273972605,0.24262334249193646,0.9061326658322904,
21421,北方町,21,18139.0,9.27940542869453,4.308487720809995,4.970917707884532,-0.6624299870745368,8.161014539086578,0.8144329896907216,3.531507832117661,0.6980414746543778,0.295881801642869,4.1731066460587325,0.1983571310436077,0.16290322580645167,0.13787970670930041,0.24560339599757428,0.30652995143011336,0.5781041388518025,0.7218700038590882
21501,坂祝町,21,8071.0,9.220716360116167,4.912875121006777,4.307841239109391,0.6050338818973863,6.887032325402992,0.9500681452112502,3.1892324093816633,0.5371041817742326,0.4936191302193037,3.273322422258593,0.19179779457316318,0.14914189025864155,0.12959980175938546,0.2792714657415438,0.3086071987480438,,
21502,富加町,21,5626.0,6.5261726716519375,3.9259007477906187,2.600271923861319,1.3256288239293,6.29527311131206,1.0487024528972626,3.2789956157831806,0.5014134275618375,0.5597227159616068,2.4810475534114405,0.19658727337362247,0.223321554770318,0.14077497333807323,0.32296480625666546,0.21596724667349027,,
21503,川辺町,21,9860.0,5.839565618276816,2.6841512140149573,3.155414404261858,-0.47126319024690094,6.664928424994525,0.8040567951318458,3.2430862189170346,0.564244741873805,0.3706896551724138,3.0044510385756675,0.19705882352941176,0.17743785850860416,0.12565922920892494,0.3202839756592292,0.23343251284825534,,
21504,七宗町,21,3402.0,4.268675455116133,1.3182674199623352,2.9504080351537976,-1.6321406151914626,5.942702378067399,0.8809523809523809,2.914691943127962,0.5091911764705882,0.2848324514991182,4.0,0.24338624338624337,0.27818627450980393,0.08318636096413874,0.4609053497942387,0.2511450381679389,,
21505,八百津町,21,10195.0,4.076665652570733,1.7138221275732686,2.362843524997465,-0.6490213974241963,5.965803492497623,0.9310446297204512,3.2583052479537793,0.5512718600953895,0.42226581657675333,3.6384527001148985,0.21186856302108878,0.19614467408585057,0.09798921039725356,0.40186365865620405,0.23474663908996898,,
21506,白川町,21,7412.0,4.787387908591264,1.6054382412496384,3.1819496673416254,-1.5765114260919872,5.576510512730936,0.944009713977334,2.888162672476398,0.48823221757322177,0.4210739341608203,2.3742660199131986,0.22733405288720993,0.30177824267782427,0.07906098219104156,0.4682946573124663,0.2647058823529412,,
21507,東白川村,21,2016.0,4.724017901541522,1.5415216310293387,3.182496270512183,-1.6409746394828444,5.409426295116727,0.9236111111111112,2.8779284833538843,0.45765765765765765,0.44345238095238093,1.3333333333333335,0.24503968253968253,0.2918918918918919,0.09176587301587301,0.4513888888888889,0.25,,
21521,御嵩町,21,17516.0,6.557096387604862,3.3612965816355644,3.1957998059692976,0.1654967756662672,6.626286807634943,0.9248686914820735,3.173686219620817,0.5599013784601592,0.4399977163736013,3.7432578209277234,0.1969056862297328,0.15622548470245434,0.11931947933318109,0.3177095227220827,0.24611513985496522,0.820627802690583,
21604,白川村,21,1511.0,7.8231292517006805,3.537414965986395,4.285714285714286,-0.7482993197278911,2.9618969054052537,1.0251489080079417,3.4914586070959266,0.7436170212765958,0.6412971542025149,1.1566771819137749,0.18795499669093316,0.2978723404255319,0.13302448709463932,0.3309066843150232,0.32342657342657344,,
22101,葵区,22,249297.0,7.05475466533352,3.594171303998623,3.460583361334896,0.13358794266372717,7.438487828755911,1.0865192922498064,,0.7448614145220365,0.5274311363554315,3.3939260805096385,,0.20771985674492643,0.11677236388725094,0.3105372306927079,0.33239943966379826,0.6553303449619957,0.8621684175902639
22102,駿河区,22,213026.0,9.157687349500158,4.48130761559604,4.676379733904118,-0.19507211830807775,8.275935242116878,1.005154300414034,,0.7191928066699069,0.5222508050660483,3.4944345221987696,,0.17699181216585036,0.11575582323284482,0.2671270173593834,0.3998234591619503,0.5314136125654451,0.9593993221484701
22103,清水区,22,231066.0,5.379610710829121,2.617216905043553,2.7623938057855684,-0.14517690074201528,7.395900015105241,0.9876269117914362,,0.6394225333739183,0.44937809976370385,3.505312096138031,,0.19905205026742623,0.10604762275713432,0.32591121151532465,0.3191658308258108,0.6938710363907215,0.8641124180969939
22130,浜松市,22,790718.0,5.932590404171833,2.900408713089534,3.032181691082299,-0.1317729779927646,7.385414115136534,0.9912079907122388,3.7269309264881576,0.6168362851570621,0.48365156730971093,3.8480393323401882,0.17236106930663017,0.17097890328776078,0.12831502507847298,0.2793979648876085,0.31996652311997026,0.6486821705426357,0.6069167516105616
22138,中央区,22,,6.026041925183236,2.934101024139243,3.0919409010439933,-0.15783987690475007,,,,,,,,,,,,,
22139,浜名区,22,,5.703146719769314,2.857715508602241,2.845431211167073,0.012284297435168002,,,,,,,,,,,,,
22140,天竜区,22,26726.0,5.087542765143892,2.346548601328235,2.7409941638156567,-0.394445562487422,5.68782133257567,0.9689815161266183,,0.5757405924739791,0.33293422135747963,3.6265432098765435,,0.2047237790232186,0.07767716830053131,0.4558482376711816,0.284405402852555,0.874875868917577,
22203,沼津市,22,189386.0,6.790017119047363,3.2036305300444665,3.5863865890028963,-0.3827560589584298,7.614865349824646,1.0790449135627767,3.6113932785086478,0.6666745663096028,0.5304510365074504,4.328307448135131,0.19797133895852914,0.19205611906341835,0.10117960144889274,0.31939002883000855,0.3627294445311468,0.5942573297795009,0.8566261497681983
22205,熱海市,22,34208.0,11.08140582757585,5.416040853109042,5.665364974466807,-0.2493241213577651,7.27685169888683,1.0936915341440598,3.670938215102975,0.8553476682490925,0.518329045837231,6.176721032291872,0.24087932647333957,0.2509773806199386,0.0582612254443405,0.47871842843779233,0.5105549510337323,0.6595394736842105,0.3592434518241347
22206,三島市,22,107783.0,7.323672602204629,3.4527110069454365,3.8709615952591916,-0.4182505883137546,7.931002567598905,0.9578226622009036,3.85388,0.712418801617261,0.41282948145811493,5.1283449680046544,0.18393438668435652,0.17123038304558602,0.12111371923216091,0.29389606895336,0.3328338436814559,0.6284953395472703,0.7768200922223356
22207,富士宮市,22,128105.0,5.914533687537936,2.7424580433086074,3.172075644229329,-0.4296176009207218,6.805905857363389,0.9545450997228836,3.332811582860497,0.5369332893931548,0.4412318020373912,3.7678576822012144,0.1984856172670856,0.1776595577734884,0.12308653058038328,0.29604621209164356,0.29505992399883074,0.7237776025236593,0.5880332539713516
22208,伊東市,22,65491.0,6.814302119867159,3.3380924299326487,3.4762096899345103,-0.13811726000186225,7.077980679061225,0.962254355560306,3.093249573332365,0.8411093924241879,0.4041471347208013,4.758804988351377,0.2646317814661557,0.2446850606136911,0.08402681284451298,0.42700523736085877,0.37013915983873064,0.7700032393909945,0.3944206074117054
22209,島田市,22,95719.0,4.820205389088836,2.3050861768710353,2.515119212217801,-0.2100330353467656,6.796904165309668,0.9269528515759672,3.292874098624983,0.5696930818114387,0.3929000511915085,3.3949182740723525,0.17981800896373762,0.1917286450293687,0.12559679896363313,0.3152561142510891,0.24598234495246718,0.7712270803949224,0.5521474315444165
22210,富士市,22,245392.0,5.220474581222033,2.604557570053268,2.6159170111687646,-0.011359441115497118,7.591541054955193,0.9890338723348765,3.5668866427199064,0.5931570347150432,0.4884185303514377,3.987833186584487,0.18498565560409466,0.16247874078767466,0.12400974766903566,0.28246234596074854,0.28944091708943476,0.6939319393193932,0.8179769511638522
22211,磐田市,22,166672.0,6.387145914185195,3.11196547096587,3.275180443219325,-0.16321497225345472,7.105701775738582,1.0264831525391187,3.428106388488144,0.5400810003424212,0.4966341077085533,3.3340181710268,0.1837081213401171,0.1628390265789753,0.1292598636843621,0.2854768647403283,0.2951715433514445,0.7261519494529203,0.444675770375348
22212,焼津市,22,136845.0,5.498396085561814,2.6601327479415198,2.8382633376202935,-0.17813058967877363,7.630455415770535,0.9403485695494903,3.337652297606531,0.5964254002806977,0.44035953085607804,3.6523946849171414,0.17921736270963498,0.16884828001031138,0.12109320764368446,0.29862252913880666,0.278027496191533,0.7526225443448408,0.5800358069348533
22213,掛川市,22,114954.0,6.775185448986328,3.4840088251133543,3.291176623872974,0.19283220124038009,6.6185216158389375,1.003540546653444,3.443154088666441,0.5340333518434381,0.4858987073090106,4.098955895880065,0.1867964577135202,0.16574957510895716,0.13618490874610714,0.27874628112114413,0.28142026463989744,0.6997264021887825,0.27898985681229016
22214,藤枝市,22,141342.0,5.713162222063344,2.8276256523915064,2.8855365696718382,-0.05791091728033174,7.235731215946472,0.9232358393117404,3.519806251419057,0.6329614717888498,0.3947092866946838,3.233137631557588,0.18291095357360163,0.17607504333724766,0.12851806257163476,0.30141076254757965,0.24944362017804153,0.7699346405228759,0.6130944800554683
22215,御殿場市,22,86614.0,9.45895768203433,4.405476301699665,5.053481380334663,-0.648005078634997,6.923980596230288,0.9999653635670908,3.5394187081896846,0.6874199743918054,0.46226937908421273,3.384289122558982,0.15602558477844228,0.12955002743735133,0.13077562518761401,0.25603251206502414,0.3252110399329462,0.6156279658335969,0.4537949984990879
22216,袋井市,22,87864.0,7.369713785378834,3.468234384416825,3.9014794009620086,-0.4332450165451837,6.922130161125228,0.9867067285805335,3.376740833740206,0.5383696690697473,0.4805836292451971,3.505500261917234,0.17421241919329875,0.14563971163033096,0.14526996266958025,0.2425339160520805,0.30457404903286495,0.6447135262847017,0.21585632340890468
22219,下田市,22,20183.0,7.504408256404938,3.4903018359091385,4.014106420495799,-0.5238045845866611,6.681396370343086,1.0363672397562305,3.1048684534054587,0.8172087278715521,0.47753059505524453,3.792454698484998,0.25947579646236935,0.2723342939481268,0.08343655551701927,0.4228806421245603,0.391421746806522,0.7616926503340757,
22220,裾野市,22,50911.0,8.26487019388761,3.7052251068024975,4.559645087085113,-0.8544199802826159,7.053644655291593,1.0241598082929033,3.582306596261839,0.6021159874608151,0.524051776629805,3.625377643504532,0.16904008956806976,0.12049373040752354,0.13460745222054174,0.26844886173911336,0.32608485551367544,0.7198298777246146,0.3931763273162971
22221,湖西市,22,57885.0,8.144574944071588,3.8171140939597317,4.327460850111857,-0.5103467561521252,7.056392980766883,1.1260084650600328,3.456470020342723,0.46725779967159276,0.6227174570268637,4.224200295662568,0.1800984711065043,0.14929392446633827,0.12046298695689729,0.2776194178111773,0.3004698920988514,0.6862745098039216,0.5456163081972877
22222,伊豆市,22,28190.0,6.984287155831051,3.3479890442554416,3.636298111575609,-0.28830906732016726,6.020472951006119,0.9556580347641007,2.9753694581280787,0.6968643638206966,0.4134799574317134,4.210599334073252,0.24785384888258247,0.23969874719385909,0.08258247605533878,0.4256473926924441,0.2902915171145934,0.818739054290718,
22223,御前崎市,22,31103.0,5.922934544842672,2.557630826182063,3.3653037186606087,-0.8076728924785461,6.445919176940443,0.9686846927949072,3.2123087385243116,0.5181736257134275,0.4656785519081761,4.1297085589217835,0.20489984888917467,0.20468609191949538,0.11809150242741857,0.3066263704465807,0.2849181469871125,0.7524401064773736,
22224,菊川市,22,47789.0,7.217194090591153,3.4591661544331167,3.758027936158036,-0.29886178172492,6.4992745017465925,0.9437945970830107,3.290160642570281,0.48263767099263416,0.41766933813220614,3.3413696978829206,0.17711188767289543,0.18036556373981838,0.1404298060223064,0.2691832848563477,0.28394992104669525,0.6946006749156356,0.23587017932997134
22225,伊豆の国市,22,46804.0,6.502403062001175,3.007633255768436,3.4947698062327377,-0.487136550464302,6.999993521905296,0.9612426288351423,3.2771248589695374,0.6775202108178123,0.39849158191607553,4.430784991676271,0.22066490043586018,0.20161686542498547,0.11383642423724467,0.33650970002563885,0.30654558815810196,0.6646575342465754,0.5314716690881122
22226,牧之原市,22,43502.0,6.627132259131503,2.837499409346501,3.7896328497850016,-0.9521334404385011,6.308207178054209,1.14909659326008,3.1588621225021285,0.46580104712041887,0.6200404579099812,3.1715131605629234,0.21810491471656476,0.25415706806282723,0.11640844099121879,0.31800836743138244,0.26264089163150933,0.7329268292682927,0.20959955864098204
22301,東伊豆町,22,11488.0,9.889119264400973,4.750743712250969,5.138375552150005,-0.38763183989903544,6.312664036015125,0.9713614206128134,2.800603578357405,0.8123198847262247,0.4296657381615599,3.644567858382506,0.27202298050139273,0.26476945244956773,0.06737465181058495,0.4801532033426184,0.4190667152752461,,
22302,河津町,22,6870.0,6.611441075336042,3.141606752110034,3.469834323226008,-0.3282275711159737,5.870161915961835,0.9439592430858806,2.9926866820631255,0.7385126964933495,0.37627365356623,2.9057822130906956,0.26550218340611353,0.3134824667472793,0.09374090247452693,0.43085880640465796,0.3296965564268667,,
22304,南伊豆町,22,7877.0,5.694822888283379,2.8474114441416893,2.8474114441416893,0.0,5.769769295565435,0.9521391392662181,2.7969334330590874,0.7646198830409356,0.3385806779230672,3.061224489795918,0.28792687571410436,0.33947368421052626,0.0836612923701917,0.491684651517075,0.3279878971255673,,
22305,松崎町,22,6038.0,4.825026511134676,2.014846235418876,2.8101802757158003,-0.7953340402969247,6.066056749917869,0.9398807552169592,2.754850922858495,0.7704194260485652,0.3265982113282544,3.0670470756062764,0.28850612785690627,0.3200883002207505,0.07668102020536602,0.4882411394501491,0.31954887218045114,,
22306,西伊豆町,22,7090.0,6.1455038409399005,2.907064316915198,3.238439524024703,-0.33137520710950447,6.34713254302084,0.9873060648801129,2.7203907203907205,0.7632987094743469,0.4012693935119887,3.6980903304031525,0.2667136812411848,0.2666037141957822,0.0613540197461213,0.5153737658674189,0.37886370326758906,,
22325,函南町,22,36794.0,7.0516548954438445,3.193463509209251,3.8581913862345933,-0.6647278770253428,7.1314153522124375,0.8055661249116703,3.33818528902941,0.6958113730929265,0.26566831548622055,4.60439269648055,0.20680002174267545,0.17348127600554786,0.11648638364950807,0.32801543729955973,0.2704479230195839,0.7403462050599201,0.6220307658857422
22341,清水町,22,31710.0,8.784018712267281,4.352498656636217,4.431520055631065,-0.07902139899484781,8.297524608059417,0.961274046042258,3.6677050882658357,0.674394357559031,0.5169347209082309,4.2796759422331805,0.1770419426048565,0.1617295308187673,0.12652160201829077,0.26127404604225796,0.31043531954306886,0.6130903065451533,0.9039735099337748
22342,長泉町,22,43336.0,10.046905388399496,5.324333600274568,4.722571788124928,0.6017618121496396,7.889261642604203,0.9447572457079564,4.40548463356974,0.6485781990521327,0.46647129407421084,3.2376410162340643,0.14454495107993354,0.12857819905213275,0.15875946095624885,0.22050950710725495,0.3088513319965626,0.5294453973699257,0.9004522798597009
22344,小山町,22,18568.0,10.42120765832106,4.80117820324006,5.620029455081001,-0.8188512518409425,6.037758905515244,1.0458853942266264,3.3489020564656675,0.7219235937799962,0.412052994398966,2.9529576152771306,0.16614605773373545,0.1272797081973508,0.11659844894442051,0.2999246014648858,0.28349301083712897,0.740495867768595,
22424,吉田町,22,28919.0,7.985775445380472,3.7045988123187406,4.281176633061732,-0.5765778207429912,7.252317135277443,1.0520073308205677,3.2041010968049592,0.47265649926616043,0.5897852622843114,3.313178677196446,0.1747985753310972,0.16808116903835113,0.12756319374805491,0.25823852830319166,0.3135269562128075,0.694273127753304,0.26038244752584805
22429,川根本町,22,6206.0,4.859649122807017,1.9824561403508771,2.8771929824561404,-0.894736842105263,4.853978664203098,0.9766355140186916,2.7441176470588236,0.5727945712523134,0.4629390912020625,2.2610792885137174,0.2321946503383822,0.2757557063541024,0.06493715758942958,0.4956493715758943,0.3240881458966565,,
22461,森町,22,17457.0,5.091937765205092,2.3514851485148514,2.7404526166902405,-0.38896746817538896,6.117617276560576,1.0134043650111704,3.1215801585272307,0.528,0.5043821962536519,2.8195293873743132,0.217047602680873,0.20853333333333335,0.11485364037348915,0.34375895056424355,0.2367281475541299,0.9019933554817275,
23101,千種区,23,165245.0,14.80941249805205,7.7051581736013715,7.104254324450678,0.6009038491506935,9.167372356592724,1.0735211352839722,,0.8165982782202913,0.43200096825925144,3.2662273647071034,,0.19505457666210746,0.11669339465641926,0.2383067566340888,0.5084623861724958,0.43299930086226984,1.0
23102,東区,23,84392.0,17.359863825790924,9.217585255620122,8.142278570170806,1.0753066854493163,9.300709701786406,1.4977604512276046,,0.8037210732682402,1.144279078585648,4.205332154956547,,0.21032264677993906,0.1142525357853825,0.21312446677410182,0.5365165467311184,0.4269353128313892,1.0
23103,北区,23,162956.0,11.38018880204298,5.810962419343841,5.569226382699138,0.2417360366447038,9.137321805765454,0.9102211639951889,,0.7404347343905956,0.4055143719777118,4.0668138415299095,,0.17759509814794272,0.10568497017599843,0.2893664547485211,0.4417645794073381,0.42518593218202444,1.0
23104,西区,23,151082.0,12.508868303164212,6.610179798512152,5.898688504652058,0.7114912938600937,9.039102727141323,1.0421890099416211,,0.7333286985539488,0.6124356309818509,3.5575878669223444,,0.18314794215795327,0.11238267960445321,0.2369574138547279,0.469515976810031,0.46241610738255035,1.0
23105,中村区,23,138599.0,17.569663931336446,9.049786876214226,8.51987705512222,0.5299098210920057,9.04817504289198,1.73051753620156,,0.7628064869039192,1.5191884501331179,4.081727133840527,,0.18292682926829273,0.09269908152295471,0.25878974595776305,0.558963149707665,0.3513820522529345,1.0
23106,中区,23,93100.0,28.515436565364205,15.304912365332047,13.21052420003216,2.0943881652998875,9.202849700247025,3.1644253490870033,,0.814450241165469,3.1530290010741138,4.1671579841048985,,0.20996161039472394,0.06139634801288937,0.16584317937701396,0.7215416838564311,0.2706821480406386,1.0
23107,昭和区,23,107599.0,15.020987689100487,7.43630917166709,7.584678517433398,-0.1483693457663089,9.206620498856163,1.1334213143244827,,0.8128589957383732,0.5061757079526762,3.1349087645827103,,0.19778477755131452,0.12094907945241126,0.23314343070102883,0.5083589529024395,0.4642857142857143,1.0
23108,瑞穂区,23,108332.0,11.27970970107006,5.97488654397639,5.3048231570936695,0.6700633868827204,9.178829397148764,0.9968614998338441,,0.7630840479601249,0.4495439943876232,3.2191286511945907,,0.18948566494632946,0.1113798323671676,0.24919691319277776,0.42889823772319263,0.5226218097447796,1.0
23109,熱田区,23,66957.0,14.487739742655984,7.721837824714736,6.765901917941249,0.9559359067734887,9.007671747022087,1.3117373836940125,,0.7462392028727638,0.8252609883955374,3.889683477395684,,0.16961599430623397,0.10116940723150679,0.25791179413653537,0.49518390089208975,0.47883597883597884,1.0
23110,中川区,23,220728.0,11.05457609541094,5.479369606281715,5.5752064891292274,-0.09583688284751286,8.838325745682074,0.881501214164039,,0.710110443558781,0.36992135116523506,3.889545298624081,,0.1706918089346261,0.11732086549961944,0.24617175890688991,0.41005563364944864,0.4349355216881594,0.9868118226958066
23111,港区,23,143715.0,9.127138620098957,4.467300436749227,4.659838183349732,-0.1925377466005054,8.054802925759208,1.1459903280798802,,0.7029920307951708,0.6355425668858504,5.3264863562436,,0.14774046797206797,0.11385728699161535,0.271593083533382,0.37811569211475154,0.4636292223095051,0.9466374421598303
23112,南区,23,134510.0,11.499655086152655,5.000871760273505,6.498783325879151,-1.497911565605646,8.893787595627922,1.010995465021188,,0.6642685048855574,0.4705449408965876,4.1565105837075045,,0.17139606478383085,0.10602185711099546,0.2976953386365326,0.4171832343022322,0.5423102753525856,1.0
23113,守山区,23,176587.0,8.673512880695155,4.371423213098357,4.302089667596797,0.06933354550156001,8.674720898587449,0.8677026055145622,,0.7215124418267351,0.30857877420195146,3.2659883366273816,,0.15469989531965345,0.1412108479106616,0.24210728989110183,0.35844232339593846,0.5873205741626795,0.9114317588497455
23114,緑区,23,248802.0,8.258294409399527,4.0440763390635786,4.214218070335949,-0.17014173127237123,8.830943409090784,0.7965972942339692,,0.6843043942751698,0.2791135119492609,3.080582914744868,,0.14999867562532554,0.15053737510148632,0.2279523476499385,0.29339169614449734,0.6387090445360015,0.9940635525437899
23115,名東区,23,164755.0,12.346328809353736,6.116771307192,6.229557502161735,-0.1127861949697357,9.11464677615113,0.8567934205335195,,0.7956666940406778,0.31502534065733967,3.353307670939323,,0.16685828474446363,0.13767715699068314,0.21565354617462293,0.4090477696931351,0.4474449522226838,0.9989681648508392
23116,天白区,23,164817.0,10.766331256987701,5.421498163232711,5.344833093754992,0.07666506947771921,9.027414286862694,0.8759533300569723,,0.7539467993079585,0.29808211531577444,3.561186714635799,,0.16176470588235292,0.12345207108490022,0.22307164916240435,0.4397049390635022,0.47923809523809524,0.9921731374797502
23201,豊橋市,23,371920.0,5.781381030295911,2.588987923701614,3.1923931065942983,-0.6034051828926846,7.433716014394945,0.9714911808991181,3.761409522702844,0.5783774008414581,0.4411109916110992,3.4321404907313715,0.1732765110776511,0.19201944608445431,0.13056033555603355,0.257466659496666,0.3279440074621435,0.6296222795528214,0.7424768767476877
23202,岡崎市,23,384654.0,6.776843953838435,3.1984341026927576,3.578409851145677,-0.37997574845291854,7.8030260196950545,0.949125707778939,4.043326093501355,0.5792618224965893,0.43141368606591896,3.086594867326572,0.16229910516984095,0.14972635892718067,0.1408382598387122,0.23313939280496238,0.3202362838986843,0.6500322372662798,0.778829805487529
23203,一宮市,23,380073.0,5.385009327046311,2.6402307482068985,2.744778578839413,-0.10454783063251437,8.113500365340895,0.8791337453594441,3.769119591081343,0.675852054128796,0.3707471985644863,3.3742725692212225,0.1708776998102996,0.16799828750282042,0.1284095423773854,0.2697981703514851,0.29440935703325144,0.6935483870967742,0.7279127956997735
23204,瀬戸市,23,127792.0,5.628237008410283,2.621283874748563,3.0069531336617197,-0.38566925891315706,7.871043851435209,0.9079441592587956,3.7510926047007813,0.6306937747510397,0.3618927632402654,3.313093769525305,0.156449543007387,0.16947523653294894,0.12368536371603857,0.29888412420182797,0.28698451632684346,0.7507136060894386,0.7420652310003756
23205,半田市,23,117884.0,7.30322092092695,3.4274453785851353,3.8757755423418154,-0.4483301637566797,7.846426522870342,1.0020189338671914,3.9194165258382996,0.5918555981862574,0.48542635132842454,3.537842975623707,0.16492484136948185,0.14898848971049883,0.12933901123138,0.24253503444063657,0.326821692754097,0.6771049357113231,0.8838434393132232
23206,春日井市,23,308681.0,7.078737634928833,3.448163137213879,3.6305744977149543,-0.1824113605010755,8.31183345009896,0.9115883387704459,3.8945303658996604,0.6794757532419978,0.3605890871158251,3.304874138207472,0.1592517842044052,0.14650997298623059,0.1325899553260486,0.25765110259458796,0.3262848886544504,0.6175367302281963,0.8680806398838931
23207,豊川市,23,184661.0,6.154384077461001,3.1242603550295858,3.030123722431415,0.09413663259817107,7.4888332441315235,0.9339384060521713,3.595196491588721,0.5561869863155497,0.42429099809921966,3.038150010538677,0.16490217208831318,0.1667287746102727,0.13721359680712225,0.2612192070875821,0.29010305269298076,0.6775257731958763,0.6664049257829211
23208,津島市,23,60942.0,7.035892959070611,3.4751368230198434,3.5607561360507676,-0.08561931303092368,7.795208510789225,0.9417807095270914,3.4955376578145407,0.6685042263873576,0.4518886810409898,3.947241744488303,0.17518296084801943,0.1746349938191173,0.10810278625578419,0.30026910833251286,0.28704774491987445,0.7185929648241206,0.4891864395654885
23209,碧南市,23,72458.0,7.348910606018659,3.608704077960189,3.74020652805847,-0.13150245009828077,7.588530715244603,0.984680780590135,3.7935522286492005,0.4659319166930965,0.494893593530045,3.3538532274132162,0.16847001021281294,0.1868062163019346,0.1362444450578266,0.23802754699274062,0.3137164696723052,0.6792929292929293,0.9037511385906318
23210,刈谷市,23,153834.0,10.182110547508236,5.077655179626628,5.1044553678816085,-0.026800188254980914,8.033608375184546,1.2114032008528675,4.514421861570352,0.5195654480819228,0.7626012454983944,2.7389660822334894,0.14232224345723313,0.13178489945349392,0.13577622632187944,0.20169793413679682,0.39635750820447624,0.5761184913727286,0.8141763199292744
23211,豊田市,23,422330.0,7.159011452682338,3.469318866787221,3.6896925858951177,-0.22037371910789633,7.271153695975665,1.110726209362347,4.120867788233058,0.5090913432835821,0.5870077901167333,2.802085315977364,0.15384415030900006,0.12855880597014924,0.13346198470390452,0.23065138635664054,0.36178415343855436,0.632322744292789,0.5827409845381574
23212,安城市,23,187990.0,8.604161671062798,3.856339754349506,4.747821916713292,-0.8914821623637865,7.689215526250459,1.0606468429171765,4.194410470979508,0.5368529349272558,0.5741316027448269,2.884479631620674,0.15791265492845363,0.13996399136687432,0.14716208308952605,0.21010160114899729,0.3188045659309263,0.646060438802263,0.6868503643810842
23213,西尾市,23,169046.0,6.006087489972158,2.927539993393422,3.0785474965787363,-0.15100750318531453,7.122921083136517,0.9714338109153722,3.7998245483974595,0.4861719290159023,0.49892336997030395,3.1667745319020733,0.18496740532162842,0.19157640009218713,0.13946499769293566,0.2565751333956438,0.2677434986270393,0.7638979725310661,0.5076606367497605
23214,蒲郡市,23,79538.0,5.40014187141291,2.6942671051783065,2.705874766234604,-0.011607661056297156,7.602387128721048,0.9354522366667505,3.5754540112488455,0.5608619971070632,0.4143679750559481,3.6336144777565145,0.18088209409338932,0.19723454853024103,0.12048329100555709,0.2942492896477156,0.2923022118591923,0.7198824681684622,0.688161633433076
23215,犬山市,23,73090.0,6.777974037625817,3.208848515434435,3.5691255221913814,-0.3602770067569462,7.487095027175359,0.9614174305650568,3.639767227813901,0.6238595680794549,0.43650294157887537,3.321610003907777,0.16043234368586673,0.15114331908996415,0.12074155151183473,0.2930086195101929,0.2956725862420902,0.761172685019664,0.4875906416746477
23216,常滑市,23,58710.0,8.371688657052266,4.0622549520984625,4.309433704953803,-0.24717875285534077,7.038977735000182,1.0447794242888775,3.562449725776965,0.6333428205493098,0.49448134900357693,2.7505795246168216,0.1654232669051269,0.15984773018357767,0.14469425992164878,0.25101345597002217,0.3538329869177161,0.6971055849979617,0.6980582524271844
23217,江南市,23,98255.0,6.329746035628389,3.1062736945089884,3.2234723411194004,-0.11719864661041131,8.087479494641043,0.8376164062897562,3.783230215988028,0.6458851806947015,0.2952419724187064,3.3449835526315788,0.1653452750496158,0.15353200178673987,0.11886417993995217,0.27102946414940715,0.26335532272668477,0.7122115633912367,0.5878377690702763
23219,小牧市,23,148831.0,8.456299278644524,4.215400100654253,4.240899177990269,-0.02549907733601745,7.884144167279445,1.184262687208982,3.7066725089345622,0.6077665212634451,0.7150795197237134,3.603615943021504,0.16418622464405938,0.1420736299180153,0.12981838461073297,0.2496791663027192,0.3367855772919064,0.565520596821278,0.7896741942202902
23220,稲沢市,23,134751.0,6.382498363172511,3.217965216475139,3.1645331466973716,0.053432069777767745,7.437315462921568,0.958189549613732,3.7509327303561335,0.6399982244055458,0.4705122782020171,3.091526979165173,0.16888928468063316,0.17141884793513162,0.12794710243337712,0.27671037691742545,0.26561867884181933,0.7295758051846033,0.4089617145698362
23221,新城市,23,44355.0,5.3828908554572275,2.310324483775811,3.072566371681416,-0.7622418879056048,6.250879720616485,0.9794611655957615,3.1870250420768094,0.5287454584312887,0.4222973734640965,2.6101074015485803,0.1943636568594296,0.21692669373797824,0.1066847029647165,0.36144741291849847,0.25757849695654794,0.8717472118959108,0.1971818284297148
23222,東海市,23,113787.0,8.19747335732938,4.218716917213635,3.978756440115746,0.23996047709788976,7.890698899182784,1.0176030653765369,3.9452672016084156,0.5819207023303951,0.5279074059426824,2.86843336741945,0.14307434065402902,0.1335070125976946,0.14459472523223216,0.21975269582641252,0.3698236313589561,0.6024044654358094,0.9090317874625397
23223,大府市,23,93123.0,8.607306426989487,4.116584600167716,4.490721826821769,-0.3741372266540521,7.956137948845264,1.0294019737336642,4.37762626038289,0.5771431115464238,0.5312436240241402,2.5235429414572756,0.1372808006614907,0.12895398793491086,0.1524220654403316,0.21398580372195913,0.32701050321366987,0.6908939014202172,0.7613586332055453
23224,知多市,23,84364.0,7.628558006191503,3.561921052314586,4.066636953876917,-0.5047159015623306,7.570825004304805,0.7805936181309563,3.732878118903378,0.6186955109789913,0.2398534920108103,3.2506767208043312,0.16823526622730076,0.13484549474157526,0.1299843535157176,0.2780925513252098,0.28331470259457553,0.6936629724353509,0.6690294438386042
23225,知立市,23,72193.0,11.851994603969937,6.128348429369821,5.723646174600116,0.40470225476970517,8.395319950639172,0.830191292784619,4.010122107969152,0.5356688602554885,0.34231850733450614,4.117288369256873,0.14192511739365313,0.10661947685671624,0.13512390397961022,0.1989112517834139,0.38514729563322914,0.539002557544757,0.7899380826395911
23226,尾張旭市,23,83144.0,6.859468620944834,3.374233128834356,3.485235492110477,-0.11100236327612135,8.431865051372936,0.8046641970557106,4.092228032400287,0.7215888939555151,0.2849033002982777,3.124156379610769,0.15937409795054364,0.1576480721487561,0.13715962667179832,0.25828682767247185,0.2815033161385409,0.7275688480900208,0.9550899643991148
23227,高浜市,23,46106.0,9.371750168226587,4.59615423829041,4.775595929936176,-0.1794416916457658,8.165323074583933,0.9228950678870429,3.726273931045792,0.4664625194009816,0.47596842059601785,3.25866406947488,0.1499587906129354,0.13075212886446574,0.1517589901531254,0.19294668806662907,0.318957475994513,0.6201844818231145,0.9472086062551511
23228,岩倉市,23,47983.0,10.359917087163167,5.142270890475493,5.2176461966876735,-0.07537530621218148,8.43008803560909,0.8137882166600671,3.6716166630692855,0.6700112485939258,0.3029823062334577,3.7045060658578857,0.16776775107850697,0.14524184476940383,0.1227518079319759,0.24998436946418523,0.36860974019927367,0.5121381886087768,0.880082529229102
23229,豊明市,23,69295.0,8.662484168360283,4.316514977467527,4.345969190892758,-0.029454213425230483,8.049193878439944,0.9508911176852587,3.8739546905884144,0.5915643515973368,0.41353633018255287,3.07569343713922,0.15383505303412945,0.14489035489585245,0.12377516415325782,0.26153402121365177,0.3314871512607933,0.6391608391608392,0.8386030738148496
23230,日進市,23,91520.0,8.70954387678198,4.333011347352107,4.3765325294298725,-0.04352118207776492,8.070556499551605,0.9177666083916084,4.617088537144638,0.6911016461379073,0.3372814685314685,2.3757079924480804,0.13509615384615384,0.13995625647519283,0.14742132867132868,0.19715909090909092,0.27693870826010547,0.6967898570272457,0.6106643356643356
23231,田原市,23,59360.0,6.358331903209198,3.322464389909044,3.0358675133001545,0.2865968766088896,6.06600802772471,1.0828504043126685,3.4989030749865133,0.4244269961318631,0.5069743935309973,2.226863481132342,0.29526617250673853,0.3600831360775937,0.12503369272237197,0.28130053908355795,0.2966340729597593,0.7551420176297747,0.1936489218328841
23232,愛西市,23,60829.0,5.403840746315563,2.67462824817639,2.7292124981391734,-0.05458424996278347,6.815916870040086,0.8093343635437045,3.518503335445161,0.6245351957836195,0.2931167699616959,3.452689414041769,0.1869996218908744,0.19888770330132244,0.11285735422249256,0.3155074060070032,0.19815583218072844,0.8763992537313433,0.21476598333031943
23233,清須市,23,67352.0,9.856346514911145,4.8321131762411405,5.024233338670005,-0.1921201624288646,8.264095370624633,0.9249168547333413,3.815028901734104,0.6749082837500385,0.430113433899513,3.2741911435813327,0.16305380686542345,0.15827604279064034,0.12911272122579878,0.22550184107376173,0.3635451620714706,0.5868139454608216,0.8634338995130063
23234,北名古屋市,23,86385.0,8.653006069219389,4.141281176100556,4.511724893118833,-0.37044371701827755,8.455850429381847,0.8985587775655496,3.8083055337519625,0.665273390036452,0.3761416912658448,3.0898214874476,0.15773571800659836,0.16850546780072906,0.14113561382184406,0.24074781501418072,0.32678398226409866,0.5944816053511706,0.880314869479655
23235,弥富市,23,43025.0,9.094041438875362,4.518307529746864,4.575733909128497,-0.057426379381632746,6.774252939655892,0.9913538640325392,3.6905220574070507,0.6558761435608726,0.5181406159209762,3.6043777134587556,0.16983149331783848,0.16697161623269996,0.12304474142940151,0.2617083091226031,0.3043784481746684,0.7134256472004816,0.5517722254503196
23236,みよし市,23,61952.0,9.0916492965086,4.494528400208441,4.597120896300156,-0.10259249609171443,7.610504194137193,1.0110730888429753,4.535905574290815,0.5656173409300697,0.5392884814049587,2.398334834881481,0.12625903925619836,0.12881560938345482,0.14496707128099173,0.18133393595041322,0.307918983979414,0.651657797789603,0.618204416322314
23237,あま市,23,86126.0,7.427058703743509,3.65866075367959,3.768397950063919,-0.10973719638432908,8.049744317101878,0.8359264333650698,3.6868174629076393,0.6300257855028173,0.29606622854887027,3.4307848381444255,0.1751155284118617,0.18632413332059972,0.13365301999396234,0.2674105380489051,0.268228860402211,0.7349081364829396,0.8255462926410143
23238,長久手市,23,60162.0,10.152490570945506,5.307907400182079,4.844583170763428,0.46332422941865,8.144883652340525,1.0553006881420166,5.311685604086313,0.7488029854950007,0.45239519962767194,2.545803883894874,0.12868588145340912,0.13910012674271233,0.16761410857351816,0.16355839234068018,0.3889565415937286,0.5533760844964164,0.7894019480735348
23302,東郷町,23,43903.0,7.519122199963577,3.8358222545984337,3.6832999453651425,0.15252230923329085,7.871936868796899,0.8262533312074346,4.062613208009008,0.6110242932234693,0.35125162289592965,2.6372815713034257,0.14723367423638475,0.1468011554671591,0.14889643076782907,0.23246702958795526,0.2675796367966657,0.7193287037037037,0.6488622645377309
23342,豊山町,23,15613.0,10.867117117117116,5.58058058058058,5.286536536536537,0.29404404404404405,7.834540908071921,1.2736821879203228,3.8377329192546585,0.669707335613835,0.9233971690258118,3.0820235756385066,0.16992250048036892,0.17927277334346892,0.14635239864215718,0.22058540959456863,0.35388821385176183,0.5250379362670713,0.9461346313969128
23361,大口町,23,24305.0,8.236127312114649,3.841026495584069,4.3951008165305785,-0.5540743209465089,7.487632552816181,1.3721867928409792,3.7744868797090154,0.5884742951907131,1.1144209010491668,3.078035843446114,0.14375642871837072,0.11550580431177448,0.1421929644106151,0.23735856819584447,0.2768961365875014,0.683991683991684,0.5534663649454845
23362,扶桑町,23,34133.0,7.873184373484006,4.06072539451531,3.8124589789686953,0.24826641554661416,8.022999414922918,0.7836404652389184,3.7252374901676046,0.6366068243966234,0.2706471742888114,3.1102407556733094,0.15632965165675447,0.13571513494233745,0.13523569566109045,0.26344007265695957,0.2744923669779161,0.7105864432597105,0.7597339817771658
23424,大治町,23,32399.0,8.347732824882321,4.340701900732884,4.007030924149437,0.3336709765834475,8.500329488592165,0.7590357727090342,3.5472323284823286,0.6509465074863136,0.2658415383190839,3.537570783228351,0.18318466619340104,0.18369500692566454,0.1509305842772925,0.20577795610975647,0.33779761904761907,0.6591895803183792,0.9745362511188617
23425,蟹江町,23,37338.0,8.662828590049967,4.211927004127743,4.4509015859222245,-0.23897458179448186,8.121723052434998,0.8144249825914618,3.6793019119608714,0.6901513536559369,0.36659703251379294,3.1135436567356845,0.16139054046815576,0.15737582604988276,0.12191333226203867,0.25370935775885156,0.34564676616915424,0.5978934324659232,0.7788312175263806
23427,飛島村,23,4575.0,6.76851262465521,4.222363674941651,2.546148949713558,1.6762147252280923,5.317962629177504,2.8246994535519128,3.9489461358313815,0.5923645320197044,2.536830601092896,2.5989604158336665,0.2056830601092896,0.256568144499179,0.1414207650273224,0.3101639344262295,0.2654690618762475,,
23441,阿久比町,23,28383.0,5.284335719118328,2.54602428515472,2.738311433963608,-0.19228714880888795,7.1480625158594435,0.8694993482013882,3.8348646034816247,0.6081060606060606,0.3416481696790332,3.005364097288559,0.15562132262269668,0.14015151515151514,0.16971426558151007,0.2647007011239122,0.20606839296303617,0.8500506585612969,0.2422576894620019
23442,東浦町,23,49596.0,7.381718603210138,3.733834376061884,3.6478842271482543,0.08595014891363009,7.425581720447625,0.8303693846277925,3.9027399591558884,0.5630391506303916,0.3466206952173562,3.184099578397912,0.1642471167029599,0.1396400132714002,0.1351117025566578,0.2588111944511654,0.26851804057193,0.7536082474226804,0.6950560529074925
23445,南知多町,23,16617.0,12.208177479685284,2.0185734554366053,10.189604024248677,-8.171030568812073,6.4058153787456735,0.947463441054342,3.464406779661017,0.5310453827048995,0.4239634109646747,2.4556766875894724,0.3119094902810375,0.3692707157371867,0.08852380092676175,0.3882168863212373,0.29651787083908576,0.8587301587301587,
23446,美浜町,23,22496.0,9.513618677042802,3.0885214007782102,6.425097276264591,-3.3365758754863815,6.471475407829963,0.9093172119487909,3.499838170244902,0.622054246331703,0.37788940256045517,3.118807616093737,0.18927809388335703,0.19751000444642064,0.09850640113798008,0.30316500711237554,0.3696247892074199,0.7883131201764058,
23447,武豊町,23,43535.0,6.926426876195305,3.6567662849374414,3.2696605912578636,0.38710569367957787,7.505769791132889,0.8620190651200184,3.613817891373802,0.5611459857459763,0.31969679568163545,3.025448553643354,0.1583553462731136,0.13324208240902435,0.13481107155162514,0.24796141035948088,0.3292285603843393,0.7306122448979592,0.7175376134144941
23501,幸田町,23,42449.0,7.000928063203483,3.3124717416652785,3.6884563215382054,-0.3759845798729267,7.174510900020175,0.9344860891893801,3.869628006573378,0.4965466433373239,0.47499352163773,2.7755394395201005,0.1497326203208556,0.13615434202044385,0.16440905557256943,0.21668354967137035,0.27682756873178765,0.7007772020725389,0.5259252279205635
23561,設楽町,23,4437.0,5.825722043939767,2.5919526042952357,3.233769439644532,-0.6418168353492965,5.087920931518607,1.0869957178273608,3.0596221959858325,0.5946196660482375,0.3775073247689881,2.133454380390377,0.22853279242731575,0.30102040816326525,0.07392382240252422,0.5100292990759522,0.31682090364725096,,
23562,東栄町,23,2942.0,5.623381428042915,2.7007029226785053,2.9226785053644098,-0.22197558268590456,5.561157611033353,0.9738273283480625,2.9735599622285176,0.6584821428571429,0.3616587355540449,2.1834061135371177,0.22195785180149558,0.2834821428571429,0.08701563562202583,0.5064581917063222,0.3661753297129558,,
23563,豊根村,23,1017.0,7.642626480086114,3.659849300322928,3.982777179763186,-0.32292787944025836,4.545066261918386,1.0629301868239922,3.0575,0.6646341463414634,0.48770894788593905,1.7964071856287425,0.17010816125860373,0.21544715447154472,0.07866273352999016,0.5240904621435595,0.335632183908046,,
24201,津市,24,274537.0,6.473463791227625,3.0612396977510175,3.4122240934766084,-0.3509843957255913,6.833022553737714,1.0284843208747818,3.6927003697141796,0.6943127962085308,0.4567471779760105,3.186256073894664,0.16444413685587006,0.16326625747805146,0.12085802642266798,0.2941133617690876,0.34943135835072625,0.6972036369874764,0.5010690726568732
24202,四日市市,24,305424.0,7.271736221269151,3.4150624392090814,3.8566737820600694,-0.44161134285098796,7.446269194846278,1.0470460736549845,3.858255841477023,0.6212445967354605,0.5137710199591388,2.9058841544051117,0.15716184713709466,0.1648613968558914,0.12302569542668552,0.25750104772382,0.36256506162547036,0.6271669793621013,0.6743019540049243
24203,伊勢市,24,122765.0,5.289905678634233,2.463630320827268,2.8262753578069653,-0.3626450369796969,7.124929633029851,1.0015802549586608,3.4048212011178496,0.6918935548377173,0.433226082352462,3.302097278000892,0.1880747770129923,0.20600249534259685,0.11570887467926526,0.3184783936789802,0.32131338643870216,0.737090123699195,0.44738321182747526
24204,松阪市,24,159145.0,5.460628356812326,2.5995667388768537,2.8610616179354724,-0.26149487905861846,6.6961963694966995,0.9569386408621069,3.411871919745706,0.6442464161177838,0.4317383518175249,3.353845001685036,0.1845612491752804,0.19194110809763654,0.12334034999528731,0.3002607684815734,0.310919355579015,0.7148633349506712,0.4666059254139307
24205,桑名市,24,138613.0,7.335952108307121,3.4548986070243077,3.8810535012828136,-0.42615489425850495,7.167453797407842,0.9275031923412667,4.0320396417469455,0.6263845602329426,0.4301183871642631,2.787932236177688,0.15740947818747159,0.16878100171195298,0.1286026563165071,0.26752901964462206,0.30098605312250154,0.7477346864806089,0.5407501460901936
24207,鈴鹿市,24,195670.0,6.849026232829865,3.310859805297993,3.538166427531872,-0.22730662223387896,7.117925647927891,0.9464608780088926,3.6283072930745526,0.5893450894991236,0.42849695916594266,3.360093626806833,0.15867021004752901,0.15472459765230784,0.11718199008534778,0.2451729953493126,0.3390698127925117,0.6818518518518518,0.5710584146777739
24208,名張市,24,76387.0,5.468213232025219,2.5017176575192988,2.9664955745059207,-0.46477791698662246,7.125832288595516,0.8836713053268226,3.3191205242073227,0.6309282360458978,0.3401233194129891,3.591900144640274,0.18670716221346564,0.14791765065429385,0.11973241520153953,0.32512076662259287,0.2742212879801261,0.7916934964584674,0.5623600874494351
24209,尾鷲市,24,16252.0,6.164648286524091,2.9567121875805205,3.2079360989435717,-0.2512239113630508,6.855139944771589,1.0296578882599066,3.281425272187397,0.7367754642656162,0.4005660841742555,3.3188248095756254,0.21314299778488802,0.23072594259988743,0.08589712035441792,0.43822298793994585,0.405139554899791,0.8114209827357237,0.5254737878414965
24210,亀山市,24,49835.0,7.775290046814573,3.907999185833503,3.867290860981071,0.04070832485243232,6.54915583111161,0.9985552322664794,3.4379873665868,0.5543686889760494,0.4580315039630782,2.707749766573296,0.15543292866459316,0.14916965701410334,0.12625664693488511,0.25630580917026186,0.3403459333398115,0.7126991791405118,0.12553426306812482
24211,鳥羽市,24,17525.0,7.038480272771554,2.995616171456405,4.042864101315149,-1.0472479298587432,6.2944606197125,1.0600855920114123,2.9194837123540256,0.6739910313901345,0.48222539229671896,3.0434782608695654,0.27640513552068474,0.3368834080717489,0.09106990014265336,0.392867332382311,0.3474184782608696,0.7794520547945205,
24212,熊野市,24,15965.0,5.92750817702423,2.7768506775248647,3.150657499499366,-0.373806821974501,5.865288671253955,1.018102098340119,2.9671953857245854,0.7414613056636403,0.3789539617914187,3.9052762775238885,0.23758221108675226,0.2423980400634097,0.0955214531788287,0.4455371124334482,0.4047588258114574,0.79890560875513,
24214,いなべ市,24,44973.0,8.904217314130362,4.197092592176512,4.70712472195385,-0.5100321297773384,6.186825183756357,1.1040846730260379,3.4946511627906975,0.4876693880986449,0.648322326729371,2.658637499487936,0.15727214106241522,0.14838818281289456,0.12182865274720388,0.2735196673559691,0.3509948456465111,0.8086687306501548,
24215,志摩市,24,46057.0,4.985264112446157,2.0902289730219907,2.895035139424167,-0.8048061664021764,6.261662791301104,0.9339514080378661,2.9826155226558995,0.7198231254116098,0.3580563215146449,3.622432787777123,0.23777058861845105,0.2611252234452912,0.08615411338124498,0.4085806717762772,0.30661271321005995,0.8512658227848101,
24216,伊賀市,24,88766.0,5.930049761828777,2.566102856872688,3.363946904956089,-0.7978440480834013,6.005829447541288,1.0692156906923822,3.2457885695238584,0.5135360548204585,0.5387986391185814,2.9404686371890523,0.17015523961877296,0.1970110226990961,0.1081833134308181,0.32594687154991775,0.35166128414253656,0.7109728506787331,0.24118468783092625
24303,木曽岬町,24,6023.0,9.293617021276596,4.272340425531914,5.0212765957446805,-0.7489361702127659,5.947135510054464,0.9516852067076208,3.208686050791314,0.567192429022082,0.5445791133986385,3.117359413202934,0.21666943383695833,0.22365930599369088,0.08965631744977585,0.33372073717416567,0.25045372050816694,,
24324,東員町,24,25784.0,5.361930294906166,2.692621517659401,2.669308777246765,0.023312740412635504,7.117281910054731,0.8701132485262179,3.519263845889233,0.5791594248696477,0.4458966801116972,2.795269543848871,0.17611697176543592,0.14030652551745937,0.13651877133105803,0.31069655600372326,0.20804452846040747,0.9013641133263379,0.46102233943530874
24341,菰野町,24,40559.0,6.182835271603121,3.032533490357721,3.1503017812453993,-0.1177682908876785,6.632514988777103,0.8461007421287507,3.7180901355184366,0.5741292051205716,0.38770679750486947,2.5764973171557015,0.16026036144875366,0.1741589758856803,0.13802115436771123,0.26208732956926944,0.26369617614487656,0.8042468480424685,0.3559505904977933
24343,朝日町,24,11021.0,8.382101377509679,4.492662285045467,3.889439092464212,0.603223192581255,7.6285938476088315,0.8315034933309137,4.169878096736139,0.60880195599022,0.3811813809999093,1.9907834101382489,0.10507213501497142,0.12281361670114721,0.18773251066146449,0.19090826603756464,0.25821367729374545,,
24344,川越町,24,15123.0,12.556367100666879,6.5481105112734195,6.008256589393459,0.539853921879962,7.458352804829852,0.9519275276069563,3.5616248265421975,0.545619995146809,0.573100575282682,2.8638774307601653,0.14110956820736625,0.20007279786459597,0.143688421609469,0.18832242279970907,0.38923426838514025,0.6286149162861492,0.6078820339879654
24441,多気町,24,14021.0,4.920437046271174,2.4345530541908045,2.4858839920803693,-0.05133093788956515,5.766397164640006,1.0448612795093075,3.2125355113636362,0.5744043372806392,0.48691248841024176,2.814753189129229,0.2016974538192711,0.23198744471393917,0.12495542400684687,0.345767063690179,0.24823805794831635,,
24442,明和町,24,22445.0,5.271763146266019,2.5806451612903225,2.691117984975696,-0.11047282368537341,6.384663909302329,0.8826910224994431,3.198054908317293,0.5938478047035679,0.36422365783025173,3.1607204710772425,0.19095566941412342,0.19475990342484129,0.12947204277121854,0.31227444865226106,0.2102972267130954,0.8533969010727056,
24443,大台町,24,8668.0,5.765480253534861,2.547537786445636,3.217942467089225,-0.6704046806435885,5.754298862549067,0.9598523304107061,2.9821098087600246,0.6096270161290323,0.3713659437009691,2.9828850855745723,0.21688970927549608,0.25176411290322576,0.09310106137517304,0.43320258421781266,0.3144983461962514,,
24461,玉城町,24,15041.0,5.646824077153309,2.999667442633854,2.6471566345194546,0.3525108081143997,6.2749668158296945,0.965028920949405,3.2077486272117146,0.5847579277045544,0.47350575094741043,3.0368214602049854,0.19440196795425835,0.19600678585410414,0.13935243667309355,0.28309287946280165,0.2159154145798553,0.9063097514340345,
24470,度会町,24,7847.0,4.433562731604023,1.919004764425622,2.5145579671784013,-0.5955532027527793,5.929573851038364,0.7827195106410093,3.0472537588217246,0.596079442868197,0.22276029055690072,3.316708229426434,0.20530138906588505,0.19783337632189835,0.11188989422709315,0.36115713011341916,0.17517704062616474,,
24471,大紀町,24,7815.0,4.151100041511,2.0063650200636505,2.1447350214473504,-0.1383700013837,5.841875944063826,0.9019833653230966,2.909090909090909,0.624706572769953,0.34113883557261676,4.457527333894029,0.2308381317978247,0.24266431924882625,0.07229686500319897,0.5033909149072296,0.315541138307284,,
24472,南伊勢町,24,10989.0,4.051863857374392,1.4205357994089045,2.631328057965488,-1.2107922585565831,5.725585463340194,0.9429429429429429,2.9935327405012124,0.6106194690265486,0.3053053053053053,3.6540803897685747,0.24724724724724725,0.3331226295828066,0.05896805896805897,0.5338975338975339,0.3395123916985694,,
24543,紀北町,24,14604.0,5.102114979286285,2.260338687404608,2.8417762918816774,-0.5814376044770695,6.144474637811427,0.966721446179129,3.0218672751473665,0.6389645776566758,0.3671596822788277,3.674540682414698,0.23116954259107095,0.265213442325159,0.07977266502328129,0.45781977540399893,0.3634754388552884,,
24561,御浜町,24,8079.0,6.0315021129466,3.0605711358688694,2.970930977077731,0.08964015879113843,5.557888160477161,0.9570491397450179,3.086371100164204,0.6324913323427439,0.3037504641663572,2.6049204052098407,0.2604282708255972,0.3286280336800397,0.10632504022775095,0.4085901720509964,0.3418918918918919,,
24562,紀宝町,24,10321.0,5.395256916996048,2.2529644268774702,3.142292490118577,-0.8893280632411068,6.303832772848579,0.8720085263055906,2.9791614361034395,0.6455986649979141,0.27536091464005424,2.896495847680778,0.22614087782191647,0.23299958281184818,0.11287665923844589,0.3746729968026354,0.3379983036471586,,
25201,大津市,25,345070.0,6.45779976717113,3.3838766006984864,3.0739231664726425,0.309953434225844,7.93340080175721,0.9081027037992292,3.9806758211463227,0.7393253094638597,0.3455733619265656,3.8067944052042253,0.1747326629379546,0.16299748210448606,0.13180514098588691,0.26249166835714494,0.3273951100479125,0.7163812558077791,0.8123974845683485
25202,彦根市,25,113647.0,7.825718357113224,3.888057143887877,3.937661213225347,-0.04960406933747001,7.351489482289444,1.0020942039825071,3.692358597064892,0.6185799243106866,0.45138894999428053,3.285403050108932,0.16881219917815693,0.1572715804649486,0.1310021381998645,0.24900789286122818,0.35718885680453705,0.646433041301627,0.597666458419492
25203,長浜市,25,113636.0,4.644059344221419,1.936879975777869,2.70717936844355,-0.7702993926656811,6.539183347386635,0.975782322503432,3.3266829506595017,0.5746779317808889,0.45965187088598686,3.136571921340525,0.1833485867154775,0.1788395070348776,0.12800520961667078,0.28467211095075506,0.28193728977018795,0.7701717243001647,0.30771938470203103
25204,近江八幡市,25,81122.0,6.917087696175344,3.6623465377950257,3.254741158380318,0.4076053794147079,6.9215578464914,0.9103449126007741,3.5499904311452553,0.5971963557658428,0.3986218288503735,3.165744644554383,0.17299869332610143,0.166985453264207,0.13972781736150489,0.2772737358546387,0.26719163452035577,0.7348837209302326,0.4514435048445551
25206,草津市,25,143913.0,9.5961285272035,4.981674554318044,4.614453972885457,0.3672205814325873,8.041606308816586,1.0690069694885105,4.276204990840376,0.6565739488764407,0.5087309694051267,3.4276920207060577,0.14537255147206993,0.14171656686626743,0.1369716425896201,0.20885535010735654,0.4563630925676686,0.5424216278400921,0.8042428411609792
25207,守山市,25,83236.0,7.00969946786833,3.5118361453639335,3.497863322504396,0.013972822859538197,7.5165697916377425,0.8998870680955355,4.027495195387572,0.643153102460484,0.3658993704647028,2.9922588328701862,0.14985102599836608,0.13553122921888583,0.16389542986207892,0.21742995819116728,0.2667653170455261,0.7472358722358723,0.7362439329136431
25208,栗東市,25,68820.0,9.46571607112424,4.51911605976254,4.946600011361699,-0.4274839515991592,7.752151222068818,0.9815605928509155,3.951879563144874,0.6373146026769565,0.4901918047079337,3.0427030660859904,0.14702121476315025,0.13556614011817192,0.16499564080209242,0.1909038070328393,0.25784560008998536,0.6280714817572599,0.6980238302818949
25209,甲賀市,25,88358.0,6.290964219357339,3.0195260404199296,3.2714381789374096,-0.25191213851747996,6.338398981909417,1.0074243418818896,3.3022384404388716,0.5494538484631549,0.5172480137621948,3.1079387809898864,0.17546798252563436,0.17132762164284232,0.12720976029335204,0.2819099572194934,0.2817035734509582,0.7652941176470588,0.20810792457955138
25210,野洲市,25,50513.0,7.813148378682791,4.2207599739166515,3.5923884047661394,0.6283715691505128,6.9537974554587745,1.0301308574030448,3.791036952913427,0.589020832477298,0.5393067131233544,2.9392996729680148,0.16059232276839625,0.14664913506183996,0.1413299546651357,0.26110110268643716,0.281168864226442,0.7276361819090454,0.4917941915942431
25211,湖南市,25,54460.0,9.040969203736243,4.3040784241191155,4.736890779617128,-0.4328123554980116,7.4062928960722605,0.9751377157546823,3.326946200690431,0.5327298818854178,0.4911861917003305,3.2640421442300847,0.16889460154241645,0.14026566582036282,0.13196841718692617,0.24581344105765698,0.3360498775328435,0.6649954421148587,0.5363936834373852
25212,高島市,25,46377.0,5.85970347421996,2.7882274839566277,3.0714759902633326,-0.283248506306705,5.975910270683878,0.949824266338918,3.156139330831439,0.6339622641509434,0.38350906699441534,3.469016053200051,0.21502037647972055,0.23405002193944713,0.10692800310498739,0.35897104168014315,0.2657509870433187,0.8384615384615385,
25213,東近江市,25,112819.0,6.802934916344107,3.2959433852122606,3.5069915311318463,-0.21104814591958615,6.537828577126656,0.9483154433207173,3.3098909657320874,0.5334740980741928,0.4317889717157571,3.735763097949886,0.17389801363245552,0.16724307401070293,0.1345163491965006,0.26776518139675054,0.2993203634070579,0.7385150812064966,0.32610641824515374
25214,米原市,25,37225.0,5.410528596187175,2.4886265164644716,2.9219020797227038,-0.43327556325823224,6.3429911050492755,0.9347481531229013,3.3743087280596296,0.5931382866764892,0.41270651443922096,2.902105048027795,0.17662860980523842,0.16664912649968433,0.12784419073203493,0.2970584284754869,0.22238013314384023,0.901930501930502,
25383,日野町,25,20964.0,7.15389817408946,3.2895372427784757,3.864360931310985,-0.574823688532509,5.921645203022411,1.0291452012974622,3.129032258064516,0.5008597630875048,0.5103510780385423,2.7137546468401488,0.18164472428925776,0.2011845624761177,0.12282961266933791,0.3064300705972143,0.2888355645364991,0.8161209068010076,
25384,竜王町,25,11789.0,7.420589020375479,3.0785657086929445,4.342023311682534,-1.2634576029895899,6.002467259495626,1.4608533378573245,3.2834193918531267,0.4998482088646023,1.0545423700059378,2.8031867807612865,0.17329714140300279,0.17046144505160898,0.12774620408855714,0.28119433370090763,0.32180790960451977,,
25425,愛荘町,25,20893.0,7.988784336089726,3.8304343693565253,4.1583499667332005,-0.32791559737667525,6.589227580631053,0.9878906810893601,3.2618352450469237,0.5377213634967755,0.4547934714976308,2.9215939580641956,0.16455272100703586,0.16757088750127958,0.1507681998755564,0.2199301201359307,0.30086801123308654,0.7528089887640449,
25441,豊郷町,25,7132.0,6.800618238021638,3.1754952929605174,3.625122945061121,-0.4496276521006042,6.818223245287485,0.976584408300617,2.9918973666441593,0.554354736172918,0.4297532249018508,4.114599207558671,0.21831183398766124,0.20851875397329944,0.14512058328659563,0.27804262478968034,0.278544061302682,,
25442,甲良町,25,6362.0,4.6801872074882995,2.2464898595943836,2.433697347893916,-0.187207488299532,6.282400361606399,0.9726501100282929,3.1913484021823852,0.5019417475728155,0.40899088337000944,4.0968342644320295,0.24599182646966364,0.2495145631067961,0.11222885884941843,0.3329141779314681,0.20778632865550023,,
25443,多賀町,25,7274.0,4.6828205826300024,2.395861693438606,2.286958889191397,0.10890280424720937,5.912966993145966,1.1519109155897718,3.3000641848523746,0.5646117368109069,0.7489689304371735,4.0113798008534856,0.1920538905691504,0.18464730290456433,0.1332141875171845,0.33874072037393455,0.19024780175859313,,
26101,北区,26,117165.0,9.020657276995307,4.365258215962442,4.655399061032864,-0.29014084507042254,8.894384296963086,1.030905133785687,,0.7886113120823935,0.3266333802756796,4.665882257475555,,0.25741584032004083,0.09982503307301668,0.27905091110826613,0.453386788984401,0.5737416402675114,0.9408782486237357
26102,上京区,26,83832.0,14.131300791416582,7.0244861103734,7.106814681043183,-0.08232857066978276,9.386383369332204,1.1841659509495182,,0.8038138236255087,0.4406551197633362,4.601739820350797,,0.2389580301185137,0.08375083500334002,0.26355091134650255,0.6095287739783153,0.41162888329135183,1.0
26103,左京区,26,166039.0,10.045580183915376,4.9473768139052785,5.0982033700101,-0.15082655610482112,8.563345890953437,1.0507832497184397,,0.8387313701265189,0.40483862225139877,4.212418545427308,,0.23902538198082668,0.10279512644619637,0.26943067592553555,0.5279010557787536,0.49378268448576407,0.9073470690620878
26104,中京区,26,110488.0,13.876302673312187,7.195854100589035,6.6804485727231535,0.5154055278658812,9.609831757449768,1.3793172109188327,,0.7974250568314601,0.890522047643183,4.105207399559938,,0.23969066689328433,0.10238215914850482,0.23445985084353052,0.5637119799316753,0.4788477366255144,1.0
26105,東山区,26,36602.0,14.212105598157185,7.013608947352469,7.1984966508047155,-0.18488770345224745,8.727833949695594,1.415441779137752,,0.8089754327191513,0.837467897929075,4.860557768924303,,0.30883584589614743,0.0742035954319436,0.3138899513687777,0.5795936266627686,0.4662265109192483,0.9670236599092946
26106,下京区,26,82784.0,17.119407415054653,8.600998825670079,8.518408589384574,0.08259023628550413,9.410012983033452,1.6073033436412834,,0.7814860062194581,1.4627464244298416,4.324726384018702,,0.22609395824078182,0.09382247777348279,0.21534354464630848,0.6167388107615517,0.4268520439925296,1.0
26107,南区,26,101970.0,13.587769620228082,7.038611301013583,6.549158319214497,0.48945298179908653,8.773690615940543,1.338020986564676,,0.6871179956142397,0.9777973913896244,4.2293170088697245,,0.18282554938646012,0.11249387074629794,0.250995390801216,0.46437278258973697,0.5208902772354549,0.9963910954202216
26108,右京区,26,202047.0,8.913374258880319,4.391626003462931,4.521748255417388,-0.13012225195445723,8.56741721800969,0.9447504788489807,,0.7414672324605921,0.35224972407410154,4.394846373287191,,0.20309882234967536,0.10821739496255822,0.2716496656718486,0.4485704056058514,0.580146460537022,0.9502491994436938
26109,伏見区,26,277858.0,8.746249076405748,4.151650406381471,4.594598670024277,-0.4429482636428065,8.680471578216007,0.9878715027100173,,0.7215530271418106,0.37850988634482363,4.903793583887409,,0.18411364879776704,0.10843308452518913,0.2829538829186131,0.43417119150753464,0.5238599410118733,0.9488623685479634
26110,山科区,26,135101.0,8.350981672266364,4.0851260330249515,4.265855639241414,-0.1807296062164615,9.091824819574194,0.9216586109651298,,0.7366800123190638,0.3105454437790986,4.638484553681235,,0.2117146596858639,0.10150183936462351,0.29798447087734364,0.44324828873677663,0.5756468797564688,0.9561883331729595
26111,西京区,26,149837.0,8.240057156465825,4.032472717593825,4.207584438872,-0.17511172127817548,8.628155437707894,0.8556364582846694,,0.7590447517477165,0.23828560368934243,4.12426614481409,,0.19906108077767004,0.12177899984649987,0.2689656092954344,0.33695752468243473,0.579746051409105,0.9220152565788157
26201,福知山市,26,77306.0,7.324926214113228,3.4290313925409177,3.89589482157231,-0.46686342903139255,6.373558609389118,1.0512508731534422,3.251035135454868,0.6367005506141465,0.48002742348588723,2.842005092461614,0.15473572555817142,0.19184138077085977,0.1298864253744858,0.29718262489328123,0.36954187544738726,0.6480605487228004,0.5047603032106176
26202,舞鶴市,26,80336.0,8.538010143118877,3.72932211040599,4.808688032712886,-1.0793659223068959,7.00241838676468,0.9796728739294961,3.3153357933579337,0.7174138619129972,0.35522057359091813,3.1439247519649527,0.1687661820354511,0.18488758813356387,0.12143995220075682,0.31664509061939855,0.3758903641233119,0.6800379027163613,0.6753136825333599
26203,綾部市,26,31846.0,6.002188465499485,2.947991761071061,3.054196704428424,-0.10620494335736354,5.966470222953107,1.0384663694027507,3.042251384358644,0.5944902499672817,0.4754757269358789,3.419073500600392,0.19528355209445455,0.21338829996073816,0.10871067009985555,0.38664196445393456,0.33374698883130155,0.6961843052555795,0.38212020347924386
26204,宇治市,26,179630.0,6.309095566370794,3.0465191388891983,3.2625764274815965,-0.2160572885923979,8.574944502625334,0.8780047876189946,3.6538619135423067,0.7177235223911577,0.3020987585592607,4.428684784764927,0.1807103490508267,0.1704633905868922,0.12239046929800144,0.29950453710404723,0.28023092738586386,0.7673967285833102,0.9791849913711518
26205,宮津市,26,16758.0,6.006513841914067,2.6806964800200426,3.3258173618940248,-0.6451208818739822,6.17586488318893,1.0699964196204799,3.0352703542573027,0.7245985870263327,0.4526793173409715,2.990654205607477,0.2290249433106576,0.2937700706486833,0.09517842224609142,0.4323308270676692,0.33356258596973865,0.748221906116643,0.31018021243585153
26206,亀岡市,26,86174.0,5.187393427600367,2.52873829878551,2.658655128814857,-0.12991683002934729,7.087318788763372,0.8755309025924293,3.296281003110634,0.6727249423224814,0.31428273028987863,3.7051664979882006,0.19451342632348503,0.20043578569597542,0.12424861327082415,0.3012393529370808,0.26942100669188246,0.7956610964526531,0.6826653050804187
26207,城陽市,26,74607.0,5.4868318762701,2.625441551533667,2.861390324736433,-0.23594877320276594,8.09674402171695,0.8639269773613736,3.371056807362742,0.6935107012679522,0.29794791373463614,3.7078146092695365,0.18468776388274558,0.17608025172123742,0.11433243529427534,0.33649657538836836,0.26489913923385244,0.7980360065466449,0.906121409519214
26208,向日市,26,56859.0,7.1067525718150435,3.4741750614031965,3.632577510411846,-0.15840244900864983,9.02847032613904,0.7950720202606447,4.183684146979514,0.7208953456239391,0.24854464552665365,3.6917344688616835,0.1560526917462495,0.1585014409221902,0.13804322974375208,0.2666948064510456,0.2816248404934071,0.7502149613069647,0.99641217749169
26209,長岡京市,26,80608.0,7.452139434187161,3.7777615607287944,3.6743778734583668,0.1033836872704274,8.872550453434041,0.911125446605796,4.205334837617858,0.71407778766071,0.3973426955140929,3.7013003867417655,0.15608872568479557,0.15007681733645994,0.1372692536720921,0.2731862842397777,0.30525128387805384,0.7321374277896017,0.9894799523620484
26210,八幡市,26,70433.0,6.481238520073472,3.115251173503601,3.365987346569871,-0.25073617306627016,8.044467276038933,0.907827296863686,3.5939903846153847,0.6981014628073452,0.3568213763434754,4.715302491103203,0.20094273990884953,0.17681640557457556,0.11625232490451919,0.3131202703278293,0.31839622641509435,0.6824368114063513,0.8828532080132893
26211,京田辺市,26,73753.0,7.677993639860577,3.9952229520489926,3.6827706878115847,0.3124522642374082,7.7835630430613705,0.989085189754993,4.288398078870847,0.722289770300023,0.3316068498908519,3.4671995939601574,0.14586525293886352,0.15300187308994118,0.14427887679145254,0.23471587596436755,0.37331438496762986,0.6490354698195395,0.8370642550133554
26212,京丹後市,26,50860.0,4.202469925262779,1.7345429838935296,2.4679269413692495,-0.7333839574757204,6.02717119017302,0.9730829728666929,2.882591093117409,0.5990888382687927,0.4167715296893433,2.799564678950726,0.2197011403853716,0.296050345546504,0.1113252064490759,0.379315768777035,0.2714875827402578,0.852359208523592,
26213,南丹市,26,31629.0,6.789475466458976,3.0815075683180386,3.7079678981409367,-0.6264603298228979,6.052777065529851,1.0489108096999589,3.0306877417185136,0.6378603634376281,0.3931834708653451,3.405041573181998,0.1977615479465048,0.25064899576444866,0.10281703499952576,0.3521767997723608,0.37376275315973806,0.7069408740359897,0.2542919472635872
26214,木津川市,26,77907.0,5.955456963158094,2.8497964431112064,3.1056605200468876,-0.25586407693568103,7.276326154669699,0.8043051330432439,3.8826714255467167,0.7545279029144065,0.2252172462038071,3.734843791485972,0.17135815780353497,0.15951089454812906,0.16591577136842645,0.2462936578227887,0.22810967004905583,0.76006600660066,0.6038738495898957
26303,大山崎町,26,15953.0,7.743642157157458,3.8297360668550473,3.913906090302411,-0.08417002344736367,8.25429384405839,0.8464865542531186,3.675617032818009,0.7220036716496198,0.3391838525669153,3.4439098505950874,0.16078480536576192,0.14135851035929714,0.14586598132012787,0.2727386698426628,0.26024464831804284,0.7921686746987951,0.9438350153576129
26322,久御山町,26,15250.0,8.246339701923707,3.7161053115356832,4.530234390388024,-0.8141290788523406,7.017862927892914,1.868655737704918,3.3976143141153083,0.5808604287945478,1.5948852459016394,3.6788840262582054,0.20026229508196722,0.23668891097543665,0.1161967213114754,0.319672131147541,0.3208683251465695,0.5974842767295597,0.7704262295081967
26343,井手町,26,7406.0,5.86375395228514,3.2336878413337162,2.6300661109514225,0.6036217303822937,6.9527718537679295,0.9409937888198758,3.2681238615664845,0.6015650472774698,0.44139886578449905,6.207951070336391,0.20064812314339725,0.22595370068470821,0.09141236834998649,0.34593572778827975,0.3322784810126582,,
26344,宇治田原町,26,8911.0,7.009668508287293,3.1307550644567224,3.878913443830571,-0.748158379373849,6.427119337601289,1.0343395802940187,3.5644699140401146,0.558879694462126,0.5954438334642577,2.603843769373838,0.20581304006284368,0.2531296414173563,0.11412860509482661,0.3010885422511503,0.2617096018735363,,
26364,笠置町,26,1144.0,4.784240150093809,1.594746716697936,3.189493433395872,-1.594746716697936,5.492598263911417,0.9082167832167832,2.9350961538461537,0.7238658777120316,0.3243006993006993,4.339622641509433,0.27884615384615385,0.21893491124260356,0.04195804195804196,0.5087412587412588,0.3065134099616858,,
26365,和束町,26,3478.0,4.9452176488007105,1.599052413384661,3.3461652354160494,-1.7471128220313887,5.415310030329254,0.8858539390454284,3.12637828668363,0.5422248107163657,0.28895917193789533,4.024594745667971,0.30276020701552614,0.4082702387885847,0.06814261069580219,0.4758481886141461,0.2512708787218591,,
26366,精華町,26,36198.0,5.95967964650649,2.7699530516431925,3.189726594863297,-0.41977354322010496,7.5413281708883515,0.8270346427979446,4.201194592895316,0.7592281356987239,0.2950162992430521,3.08277027027027,0.16014696944582574,0.15113600995953935,0.14058787778330295,0.2495994253826178,0.19739567919502812,0.8404952658412236,0.6355599756892646
26367,南山城村,26,2391.0,4.833963850357293,2.185792349726776,2.648171500630517,-0.46237915090374104,4.88853980827046,0.8799665411961523,2.821627647714604,0.624777183600713,0.1932245922208281,3.7735849056603774,0.28565453785027184,0.30035650623885923,0.0644081974069427,0.48431618569636137,0.260019550342131,,
26407,京丹波町,26,12907.0,5.515180878552972,2.3498062015503876,3.1653746770025837,-0.8155684754521964,5.499961306479012,0.9484000929728055,2.8770407108906797,0.5697530864197531,0.41799023785542727,3.052064631956912,0.23065003486480204,0.2787037037037037,0.08390795692260014,0.44200821259781514,0.26993275696445723,,
26463,伊根町,26,1928.0,6.018269747447609,2.7941966684578183,3.2240730789897905,-0.42987641053197206,5.150112007443538,0.979253112033195,2.728395061728395,0.6186528497409326,0.35892116182572614,2.129817444219067,0.29564315352697096,0.32746113989637304,0.09232365145228216,0.48443983402489627,0.33530106257378983,,
26465,与謝野町,26,20092.0,4.716008658901144,2.046180806102464,2.6698278527986807,-0.6236470466962168,6.656927619451439,0.9004578936890305,2.907017988345579,0.6259334691106585,0.3435198088791559,2.973557918509457,0.20744574955206052,0.27562797012898843,0.1104419669520207,0.3754728250049771,0.2691779967568916,0.7899761336515513,
27102,都島区,27,107904.0,13.705180028445243,7.22920877311176,6.475971255333484,0.7532375177782769,9.783992525943397,0.9718175415183867,,0.7837100453936072,0.42627706109134045,4.6447474656858345,,0.18700754992120794,0.10986617734282325,0.2353295521945433,0.532030439902283,0.4407124681933842,1.0
27103,福島区,27,79328.0,15.832469670182284,8.400902273974273,7.431567396208011,0.9693348777662623,9.740187363154112,1.1508546793061718,,0.7852665478175859,0.7487394110528439,3.4722029476255236,,0.18957386853758118,0.12202501008471157,0.18499142799515933,0.5379470571669952,0.3982202447163515,1.0
27104,此花区,27,65251.0,10.565037799080352,5.0175356558335285,5.547502143246824,-0.529966487413296,8.125891554827161,1.265053409143155,,0.7266350637838671,0.7284792570228809,5.226824457593689,,0.16726403823178015,0.1129178096887404,0.2724709199859006,0.46110491762665673,0.5004602638846272,1.0
27106,西区,27,105862.0,20.82453575875697,11.010954108241748,9.813581650515223,1.1973724577265263,9.91931178234562,1.6940167387731198,,0.7969942196531792,1.54078895165404,3.818355683056464,,0.23269364161849715,0.11460202905669645,0.14623755455215282,0.6384281664552303,0.328125,1.0
27107,港区,27,80948.0,12.30949443592907,6.650715914613631,5.658778521315439,0.9919373932981917,9.239775645750434,1.0446212383258389,,0.756734188959332,0.5270296980777783,5.153701748210724,,0.1944951291170558,0.10234965656964966,0.26598557098384146,0.5308784133101471,0.43356643356643354,1.0
27108,大正区,27,62083.0,9.14848925513007,4.997576345128453,4.150912910001616,0.846663435126838,8.792331381786399,1.0475975709936698,,0.7083197655486813,0.4767005460432002,5.256256989703443,,0.20306903288831002,0.10142873250326176,0.31934668105600567,0.43553200764561883,0.48535997244230106,1.0
27109,天王寺区,27,82148.0,15.471047848358237,8.551094115147652,6.919953733210585,1.6311403819370678,9.739363056731444,1.4478015289477528,,0.8126614584954402,0.7426839363100745,3.9032122988574502,,0.257368732297924,0.1337342357695866,0.1865413643667527,0.5011987561421416,0.46630360789652825,1.0
27111,浪速区,27,75504.0,29.162870735904445,15.296335661504202,13.866535074400243,1.4298005871039579,9.752611686879089,1.4108788938334393,,0.8077577712084565,0.9493801652892562,7.407100199071002,,0.2159813670160351,0.06906918838737021,0.1751165501165501,0.7518489319367797,0.12352840812148097,1.0
27113,西淀川区,27,95864.0,11.953936535685973,6.069969304575854,5.883967231110118,0.186002073465737,8.816739857253344,1.0435512809813903,,0.6875318584972984,0.5287803555036301,4.792409793501735,,0.16558772555816093,0.11309772177251105,0.2548297588250021,0.45182925510049543,0.5312173731467947,1.0
27114,東淀川区,27,177120.0,13.2242033472219,6.732850725076232,6.491352622145667,0.24149810293056492,9.499076899598348,0.9529358626919603,,0.7524468812262766,0.3009372177055104,5.538994134051351,,0.1564549672052472,0.09434281842818429,0.23892276422764228,0.5833483926671084,0.2826171495236243,1.0
27115,東成区,27,84906.0,16.313778739269523,8.55561437021012,7.758164369059401,0.7974500011507214,9.83637302912717,0.9538901844392622,,0.733720592506535,0.48229807080771675,4.763221951759239,,0.2026139994191113,0.10065248627894377,0.243457470614562,0.5461167719360022,0.40662525879917183,1.0
27116,生野区,27,127309.0,13.66366129693263,6.761293780145645,6.9023675167869865,-0.1410737366413417,9.629718596680947,0.9761210912032928,,0.6810140973169623,0.3574295611465018,6.02965685227127,,0.25388813096862206,0.08717372691640025,0.2922652758249613,0.5528574605292417,0.463283243549759,1.0
27117,旭区,27,89670.0,11.294185161069603,6.152538818933265,5.141646342136338,1.0108924767969276,9.560172335787327,0.9188245790119326,,0.7552841025043001,0.28854689416750307,5.070157473777433,,0.1969621876913209,0.10360209657633546,0.2968774395003903,0.4833768071090676,0.4469093258668964,1.0
27118,城東区,27,169043.0,10.952601984758838,5.790936385482706,5.161665599276133,0.6292707862065724,9.912060484917216,0.8807640659477174,,0.7502118674499777,0.2961258378045823,4.49282519823305,,0.17413349803932832,0.12044864324461824,0.2520837893317085,0.44564099461552426,0.47576832151300236,1.0
27119,阿倍野区,27,110995.0,12.40665263681327,6.4022305690970285,6.004422067716241,0.3978085013807862,9.828819866272328,1.062291094193432,,0.800009039139474,0.5050227487724672,4.023250265686339,,0.2277863147428365,0.1266363349700437,0.2488310284247038,0.4486542984060622,0.5551864156515319,1.0
27120,住吉区,27,153056.0,11.127676343097335,5.797320373046105,5.330355970051228,0.4669644029948771,9.697849457204065,0.920793696424838,,0.7865474875759249,0.2865029793016935,5.231312652286961,,0.18931184428492542,0.10756193811415429,0.2733901317164959,0.4941298608084899,0.36157300643281953,1.0
27121,東住吉区,27,127849.0,11.655700684967476,6.218724445011291,5.436976239956186,0.781748205055105,9.481337874012972,0.8974336913077146,,0.7518655963857852,0.3356303138859123,4.937017083037752,,0.21618732604574242,0.11019249270623939,0.2854226470289169,0.46027105173889865,0.47872,1.0
27122,西成区,27,106111.0,15.64892392844576,8.080760049833097,7.568163878612662,0.5125961712204353,9.574823288804435,1.0277256834823911,,0.7233927970380344,0.3548077013693208,8.12666213123879,,0.2388421406933693,0.06505451838169464,0.3653815344309261,0.6725294333189951,0.309322684687452,1.0
27123,淀川区,27,183444.0,16.310172028548493,8.469640106731458,7.840531921817038,0.6291081849144196,9.582798334070324,1.2342349708902989,,0.7465763204693848,0.8716774601513269,4.7373497551565515,,0.1661020029336553,0.0978391225660147,0.21952748522709928,0.5798935904577147,0.3933793103448276,1.0
27124,鶴見区,27,112691.0,8.789958428899082,4.383780103211009,4.4061783256880735,-0.02239822247706422,9.531935929936965,0.8739739642029976,,0.7159731134845881,0.3349690747264644,4.386439267886855,,0.1663222466337474,0.14680852951877257,0.22536848550460994,0.34824719469244,0.5064205457463884,1.0
27125,住之江区,27,120072.0,9.074546400634654,4.743706761978691,4.330839638655964,0.4128671233227273,8.666679792195922,1.1637350922779666,,0.7570543852762877,0.5996069025251516,5.381091899475921,,0.1708316978498844,0.10442900926111,0.3040592311279899,0.45813976805588047,0.4632448186528497,1.0
27126,平野区,27,192152.0,9.15224249658936,4.45781463165075,4.694427864938609,-0.2366132332878581,9.439497220735445,0.9328240143219951,,0.682791827282868,0.33780028310920523,5.7027588410737104,,0.19892404795187868,0.10945501477996586,0.2781131604146717,0.4442084380087766,0.38382960226037816,0.9978662725342438
27127,北区,27,139376.0,19.264698599998585,10.155139115855599,9.109559484142986,1.045579631712614,9.50891072697839,3.0159711858569627,,0.8053152039555006,3.469040580874756,3.9920883467941324,,0.22884905919516552,0.09222534726208242,0.1702875674434623,0.6372093566159305,0.361275220153829,1.0
27128,中央区,27,103726.0,23.592459438751884,12.292562999385371,11.299896439366512,0.9926665600188598,9.366833289710428,4.330659622466884,,0.80863633323673,5.039160866128068,3.8228987993138936,,0.25962503065296383,0.09213697626438887,0.150916838593988,0.6782839425198259,0.3331077422847861,1.0
27140,堺市,27,826161.0,8.405244872800628,4.159518616539798,4.24572625626083,-0.08620763972103207,8.641760582823363,0.9410151290123838,3.8832989415842616,0.7309142657959099,0.38833956093303845,4.543342142096999,0.1780234119015543,0.17722992184506714,0.12357276608312423,0.2821859177569505,0.3695213864609408,0.6006475984889369,0.9540186476969985
27141,堺区,27,148682.0,11.16808497633132,5.594909026697727,5.573175949633594,0.021733077064132952,8.745779217478841,1.1536567977293821,,0.7128804084755554,0.6415436972868269,4.737609329446064,,0.19201161719469728,0.10469996368087596,0.26913143487443,0.48673443076797807,0.5063341250989707,1.0
27142,中区,27,121236.0,7.623041084286319,3.6899618805590855,3.933079203727234,-0.24311732316814907,8.821811568470364,0.9314642515424462,,0.7036807980049875,0.36343165396416904,4.746973756722346,,0.18721197007481294,0.1333679765086278,0.27232010293972087,0.32530288816590486,0.6468408736349454,0.9480269886832294
27143,東区,27,85043.0,7.9377630997511455,4.181687094448449,3.756076005302696,0.42561108914575435,9.00048986750185,0.8056277412603036,,0.7411721776230843,0.22426301988405864,4.405924653858538,,0.17259866389715373,0.12507790176734124,0.3018708182919229,0.3354325578870219,0.7050225883603508,0.973095963218607
27144,西区,27,135375.0,7.901331593463626,3.980693377620926,3.9206382158427,0.060055161778225924,8.461698210174987,0.9571855955678671,,0.7247734867537121,0.4485540166204986,4.385921570565081,,0.17406208013229063,0.13332594644506002,0.26294367497691595,0.34675696167631653,0.6736572890025575,0.9878116343490305
27145,南区,27,138464.0,5.4812864567965685,2.4232657724112365,3.058020684385332,-0.6347549119740953,8.242424184569945,0.872212271781835,,0.7571015888300433,0.2305292350358216,4.864083998379226,,0.18238213399503722,0.11423185810030044,0.3466966142824128,0.30706416941933967,0.6107876712328767,0.8781560550034666
27146,北区,27,159757.0,9.884876726689296,4.939881488868008,4.944995237821287,-0.005113748953279511,9.234138275490643,0.8223864994961098,,0.7658908495699743,0.2932265878803433,4.194178496753604,,0.14903728803825,0.13226337500078245,0.24470915202463742,0.3878816332730361,0.505558568329718,0.9881444944509474
27147,美原区,27,37604.0,7.026925350674477,3.453001558553233,3.573923792121245,-0.12092223356801204,7.955406739969218,1.1363418785235613,,0.6452603300498913,0.6069567067333262,4.425968944858784,,0.21478828194959698,0.12557174768641635,0.31204127220508454,0.27169658523417467,0.8018555334658715,0.7610892458249122
27202,岸和田市,27,190658.0,5.449741687924714,2.6758344230315765,2.773907264893138,-0.09807284186156187,8.182300194943483,0.9167409707434254,3.4942527262708714,0.7103811079527185,0.35403707161514336,4.640009812339016,0.18785469269582183,0.19073404761598522,0.12412277481144247,0.28059142548437516,0.3291028612683817,0.6535746374021306,0.9158598118096277
27203,豊中市,27,401558.0,8.78200785801382,4.372159475803969,4.409848382209851,-0.037688906405882426,9.309363001218408,0.8894630414535385,4.781842272986482,0.7766229853893659,0.3249592835904153,3.934685336479597,0.16713650331957028,0.17434275319498993,0.13675733019887537,0.2624253532490948,0.3478691325477062,0.541546793027585,1.0
27204,池田市,27,104993.0,8.983202774854828,4.5393429206126505,4.443859854242176,0.0954830663704743,8.751042170823371,0.9117369729410532,4.494059642492561,0.7686409938967442,0.3581381615917252,4.001251042535446,0.16420142295200632,0.16535262049043242,0.12233196498814207,0.26464621450953874,0.40404186065675085,0.5749178981937603,0.9154991285133295
27205,吹田市,27,385567.0,10.471097980265588,5.498743842748878,4.972354137516709,0.526389705232168,9.287039495537051,0.9622815230556557,4.8087558514452855,0.7872218474049042,0.39836396787069434,3.6173212487411885,0.149229576182609,0.15174727892578022,0.1348403779369085,0.22955284036237542,0.41762149787177294,0.5042343168455689,1.0
27206,泉大津市,27,74412.0,7.6097413485060885,3.6873642835546026,3.9223770649514855,-0.23501278139688297,8.555017256297798,0.9050959522657636,3.6259090621640424,0.7347117246548817,0.3719426974143955,4.5606295457255275,0.17313067784765898,0.1651258666999813,0.1199672095898511,0.25451540074181583,0.3606208999353229,0.5671274961597542,1.0
27207,高槻市,27,352698.0,6.037518555278091,3.0932697510626785,2.944248804215412,0.14902094684726655,8.751593576279264,0.8780826656232811,3.9723667015159436,0.749662884618004,0.30178226131137686,4.094629105896031,0.16465077771918185,0.14484383725840067,0.12203641642424964,0.28985988012407216,0.3290093489782949,0.6582755203171456,0.9522594400875537
27208,貝塚市,27,84443.0,6.385408990420044,2.6578236305576026,3.727585359862442,-1.0697617293048391,8.078836269035087,0.8882796679416884,3.456493260749323,0.7087763847008411,0.355079757943228,4.266794965941607,0.1753727366389162,0.17740570279849754,0.128560093791078,0.2725270300676196,0.29041393022835454,0.6636438582028029,0.8564830714209585
27209,守口市,27,143096.0,8.425168354349537,4.445690199612554,3.979478154736984,0.46621204487557033,9.32888192747172,0.9370981718566557,3.5399254336197115,0.7050518740823208,0.3815340750265556,4.820627802690583,0.1763990607703919,0.18950578440389176,0.1078786269357634,0.28571728070665847,0.4220624916977846,0.59625468164794,1.0
27210,枚方市,27,397289.0,6.109683734018474,3.0788014110642115,3.0308823229542625,0.04791908810994882,8.832321131039409,0.8955797920405548,3.870991661125071,0.7444470030308876,0.30666089421051174,4.2134881696841076,0.17066669351529995,0.14835168254719033,0.11396238003065778,0.277591375547775,0.3271078559595431,0.6898442512979058,0.9735708766162667
27211,茨木市,27,287730.0,7.942190307717048,4.09869879248502,3.843491515232029,0.25520727725299086,8.673884195891844,0.9386542939561394,4.262457103637612,0.7650468374635216,0.3730163695130852,3.922981000844235,0.15441907343690264,0.14005288360769397,0.1363118201091301,0.23876898481215028,0.359030995654366,0.5611471006478117,0.9661279671914642
27212,八尾市,27,264642.0,5.909136511317421,2.9549541206522663,2.954182390665154,0.0007717299871121093,8.877921697178943,0.946180122580694,3.7610792775803294,0.6732851660330444,0.4127765056189116,4.6022155951081585,0.18590019724760243,0.19723068052827875,0.12044195554749434,0.28305030947468657,0.3341629058405994,0.6586736934563021,0.9811632318377279
27213,泉佐野市,27,100131.0,9.90857649167321,4.559093014357921,5.34948347731529,-0.7903904629573694,7.915279861082907,1.0604408225224955,3.5480583989044403,0.7306640835216877,0.5232545365571102,4.531442663378545,0.17935504489119253,0.17903347325368635,0.11472970408764518,0.2619768103784043,0.38231733777950344,0.6176272706884952,0.8267968960661534
27214,富田林市,27,108699.0,6.845764555644894,2.9361963770515063,3.9095681785933882,-0.9733718015418814,7.992744013603393,0.8920229256938886,3.7096404236659244,0.7204740411149378,0.3104996366111924,4.500510725229826,0.19335044480629995,0.18193680877917295,0.1113993688994379,0.3015851111785757,0.30789814225868006,0.6442704935855621,0.7754993146211097
27215,寝屋川市,27,229733.0,6.487267022613626,3.3113763381436687,3.175890684469957,0.13548565367371132,9.170794585071652,0.885436572020563,3.521448190292374,0.7198652423649546,0.2889441220895561,5.119321791613722,0.19082151889367222,0.17766454974419066,0.11271780719356819,0.29625260628642813,0.3340170400757337,0.6380226611852,0.9899230846243248
27216,河内長野市,27,101692.0,5.126031538524389,2.419519568592205,2.706511969932184,-0.2869924013399788,7.991066125425653,0.8552983518860874,3.5905068968025016,0.7544521873790166,0.25551665814420016,4.452767374115689,0.19605278684655628,0.18108788230739448,0.10158124532903276,0.3541674861346025,0.26975985629195426,0.8083945933127816,0.6630511741336585
27217,松原市,27,117641.0,6.595618403736485,3.492202754195374,3.1034156495411107,0.3887871046542633,8.862382256403135,0.9121224743074269,3.5042549187697327,0.69310744760169,0.32710534592531515,5.1730232923524095,0.19461752280242434,0.18993869604838043,0.10664649229435316,0.2997764384865821,0.351842562222651,0.7120076849183478,0.9928171300821992
27218,大東市,27,119367.0,7.121802795473994,3.5699776120048057,3.5518251834691887,0.01815242853561766,8.952349056486819,0.9621587205844161,3.5066863010427447,0.6732959506393217,0.4028081463050927,5.119661266568483,0.19003577203079577,0.17134597101224314,0.11619626865046453,0.26348153174663014,0.3601306941225637,0.6040550879877582,0.988371995610177
27219,和泉市,27,184495.0,6.0384368783599385,3.1181328467073284,2.9203040316526105,0.197828815054718,8.18030678235015,0.8789885904767066,3.7256163886874547,0.7382082125727769,0.31449090761267245,4.215698317160054,0.1792406298273666,0.16968888660904358,0.13487628391013307,0.25472235019919237,0.2852134208487912,0.7382912673775138,0.8446678771782433
27220,箕面市,27,136868.0,7.983401062160011,4.229288954825948,3.7541121073340644,0.47517684749188327,8.702646748370228,0.8792120875588157,4.964750614332204,0.8044960318847674,0.3025031417131835,3.537704033454742,0.1673583306543531,0.1899451106527288,0.1489391238273373,0.25762778735716163,0.33731554268376773,0.637761271376749,0.9265788935324546
27221,柏原市,27,68775.0,6.897744360902255,3.4345864661654137,3.463157894736842,-0.028571428571428574,8.248779537830334,0.9359651035986913,3.5251693590411675,0.6645481370991277,0.32840421664849145,4.312885910205095,0.18448564158487823,0.18311229287590391,0.11066521264994547,0.2902798982188295,0.3445490353161092,0.6970509383378016,0.9107815339876408
27222,羽曳野市,27,108736.0,6.49311956501499,3.276353276353276,3.2167662886617134,0.05958698769156285,8.419458055432235,0.869123381400824,3.5319573752103195,0.7094793453174956,0.30023175397292523,4.593660990243015,0.1975242789876398,0.19625653729699977,0.11346748087110065,0.30641185991759856,0.30053209252621504,0.7515765765765766,0.9036289729252501
27223,門真市,27,119764.0,8.440423828747019,4.1677067284104705,4.27271710033655,-0.10501037192607958,9.183679156290967,1.0812514612070405,3.413115085379408,0.6633755996576228,0.5398366788016432,5.651128723284378,0.20248154704251695,0.19764317136771703,0.09822651214054307,0.29702581744096723,0.42991974877878575,0.5055624227441285,1.0
27224,摂津市,27,87456.0,9.712313536551468,4.9221717780042615,4.790141758547207,0.1320300194570555,8.679545328255731,1.0931554152945482,3.73191982272361,0.701358855592804,0.5733626051957555,4.0207299700348775,0.1702113062568606,0.16720833226706244,0.1240852542993048,0.2526870654957922,0.40197980400935185,0.5791543756145526,0.9978160446395902
27225,高石市,27,55635.0,7.388150371640938,3.519868496283591,3.8682818753573467,-0.3484133790737564,8.501765052873505,0.9316976723285701,3.9162935323383086,0.7238401201602136,0.34478296036667566,4.342273307790549,0.18333782690752223,0.16617990654205606,0.12592792307000988,0.2815853329738474,0.3034330490497424,0.6652506372132541,1.0
27226,藤井寺市,27,63688.0,7.590202876219826,3.7397277863379554,3.85047508988187,-0.11074730354391371,8.8768243912426,0.8651865343549805,3.7130205389108726,0.7122432326959236,0.3177992714483105,4.570538646443444,0.18918791609094335,0.18370170646042505,0.12129443537244065,0.28378972490893106,0.3441831995103158,0.6440129449838188,1.0
27227,東大阪市,27,493940.0,7.2790454259995805,3.7843835042913962,3.494661921708185,0.28972158258321123,9.164711549789239,1.0370915495809208,3.5920787854396283,0.672592453734079,0.48931651617605376,4.7235851818042,0.18385431428918492,0.20596015454952565,0.10582054500546625,0.27491395716078876,0.426389308040526,0.584721986056793,0.9976110458760173
27228,泉南市,27,60102.0,7.192363917791727,2.7311032762920284,4.461260641499699,-1.7301573652076705,7.7232631925848905,0.943828824331969,3.1779469058621004,0.7030594877329902,0.3799540780672856,5.810361681329423,0.24242121726398455,0.1715720868446179,0.1249875212139363,0.2957638680909121,0.272328981043682,0.7153253424657534,0.7956141226581478
27229,四條畷市,27,55177.0,6.915477497255764,3.149826043275224,3.765651453980539,-0.6158254107053155,8.489083734841433,0.8610109284665712,3.6714102564102564,0.7034816407542177,0.2918969860630335,3.9517057865681724,0.17423926636098375,0.17945749255706256,0.12550519238088334,0.2745528027982674,0.2931188561215371,0.6650420912715995,0.9499610344890081
27230,交野市,27,75033.0,6.316798590509257,3.311266857535205,3.0055317329740516,0.3057351245611535,8.456851622384765,0.7887596124371943,3.8403728173666822,0.7318092354277063,0.23902816094251864,3.8601496317428894,0.1656870976770221,0.15785011355034062,0.1284901310090227,0.28762011381658736,0.23145983670427211,0.7597292724196277,0.9485426412378554
27231,大阪狭山市,27,58435.0,6.239393204724137,3.201953382052437,3.0374398226717005,0.16451355938073634,8.522082337836684,0.9062719260717036,4.10117266477962,0.7623537628775974,0.3435441088388808,3.610199444584701,0.17036022931462308,0.17618299284092898,0.13560366218875675,0.2811499957217421,0.309257038905197,0.7581833060556464,0.8507230255839822
27232,阪南市,27,51254.0,5.149760383386582,2.3242811501597442,2.825479233226837,-0.5011980830670926,7.986929971311138,0.8132828657275529,3.461848574237955,0.7227626929964668,0.2281968236625434,4.302918017600741,0.20033558356420963,0.18063017278931315,0.10955242517657159,0.33308619815038826,0.2503376422921088,0.8022406234778373,0.6657236508370078
27301,島本町,27,30927.0,7.535584705554005,4.8004465531677365,2.735138152386268,2.0653084007814684,8.428361977709622,0.7920587189187441,4.124066091954023,0.7627657320432234,0.23830310085038964,3.555616102445337,0.16176803440359555,0.11540363019987288,0.1483816729718369,0.2745497461764801,0.25840402136349355,0.7630553390491036,0.9739709638826916
27321,豊能町,27,18279.0,5.139294540552685,2.1175016850146036,3.0217928555380813,-0.904291170523478,7.317826415960645,0.7459926691832157,3.3979898185615456,0.7727944138579294,0.13217353246895344,4.58680333119795,0.23048306800153182,0.20518329528669266,0.06570381311887959,0.47409595710925106,0.18204620462046206,0.9744623655913979,0.5552273100279008
27322,能勢町,27,9079.0,6.286353467561521,2.8411633109619685,3.4451901565995526,-0.6040268456375839,6.052667593697124,0.9393104967507435,2.9504504504504503,0.6403189066059225,0.35951095935675736,4.022737210319195,0.2854939971362485,0.29521640091116175,0.06674743914528032,0.41491353673312037,0.24668508287292817,,
27341,忠岡町,27,16567.0,6.759821045535332,3.009131580560152,3.750689464975179,-0.7415578844150273,8.336401949239438,0.9083117039898594,3.3862465027241937,0.7267988996670045,0.3870948270658538,6.813275769023205,0.188205468702843,0.1621543361806863,0.1187903663910183,0.28840465986599867,0.3043219961384227,0.7440119760479041,1.0
27361,熊取町,27,43763.0,5.370910116585182,2.6067130500188043,2.7641970665663784,-0.15748401654757427,8.161615666367222,0.8247149418458515,3.6127453737555544,0.741938985995006,0.2242305143614469,3.9269882659713167,0.1846537028997098,0.17408533275431548,0.1294472499600119,0.284349793204305,0.2726058423834137,0.776239907727797,0.8216986952448415
27362,田尻町,27,8434.0,26.426214049976426,13.354549740688354,13.071664309288073,0.2828854314002829,7.313694770400906,1.0756461939767608,3.46449864498645,0.7872817955112219,0.7110505098411193,3.140096618357488,0.1566279345506284,0.13665835411471317,0.13813137301399098,0.23666113350723264,0.415124698310539,,0.8327009722551577
27366,岬町,27,14741.0,12.472892619797133,2.2525358516963974,10.220356768100734,-7.967820916404338,6.965061351141005,0.8547588358998711,3.2709802538787023,0.733427611808379,0.22318702937385523,4.796364860316392,0.23064920968726682,0.203111189676507,0.07957397734210706,0.40472152499830405,0.30658567774936063,,
27381,太子町,27,13009.0,5.728714590073385,2.714432257555433,3.0142823325179515,-0.29985007496251875,7.27728385611803,0.781766469367361,3.5737310114857355,0.6686340640809444,0.23107079714044124,3.6399090022749427,0.19202090860173726,0.21551433389544683,0.11937889153662849,0.29548773925743715,0.2390786338363781,,0.7288800061495887
27382,河南町,27,15697.0,6.4372080241824685,2.95410827150316,3.4830997526793075,-0.5289914811761472,7.080250771740973,0.981716251513028,3.4906134763660743,0.6420632658877173,0.32120787411607316,3.3998623537508608,0.19857297572784607,0.2433741806782559,0.1073453526151494,0.31222526597439,0.30701754385964913,0.7955974842767296,0.4108428362107409
27383,千早赤阪村,27,4909.0,5.653936419884788,2.645615532323448,3.00832088756134,-0.36270535523789205,6.523356582761195,0.9236096964758607,2.9989159891598915,0.6598139990210474,0.3287838663678957,3.722902921771913,0.24526380118150337,0.24669603524229078,0.08494601751884294,0.45467508657567735,0.20309278350515464,,
28101,東灘区,28,213562.0,9.607360447101538,4.879717900219559,4.72764254688198,0.15207535333757877,8.96077455730521,0.9479589065470448,,0.7888741867901643,0.40885082552139423,3.70158002038736,,0.17045980813761163,0.12478343525533568,0.2363810041112183,0.42552443454822453,0.5902598690735965,0.9926297749599647
28102,灘区,28,136747.0,10.327074500302846,5.3202604482132045,5.006814052089643,0.31344639612356145,9.220239514716681,0.9429530446737405,,0.7986966091202972,0.3378867543712111,3.882323774894637,,0.1701630098356146,0.1174358486840662,0.24214059540611493,0.5005575411007863,0.5121638924455826,0.9919851989440354
28105,兵庫区,28,109144.0,14.27962295989186,7.371152258521052,6.908470701370807,0.46268155715024445,9.216258310256242,1.1413911896210511,,0.7611248593925759,0.6134739426812285,5.225901366708599,,0.18524184476940386,0.08992706882650443,0.2682511177893425,0.565680705832283,0.40762180414857696,0.984680788682841
28106,長田区,28,94791.0,11.010480146764229,5.2506167893216364,5.759863357442591,-0.5092465681209539,9.150862582355884,1.0256142460782143,,0.728191858293763,0.39610300555959954,6.014792528519494,,0.20298244678013122,0.08714962390944288,0.3257165764682301,0.49837501766285147,0.5088009939946159,0.9952210652910086
28107,須磨区,28,158719.0,7.282737787875658,3.5255086233605284,3.7572291645151292,-0.23172054115460083,8.889317644541846,0.8945305855001606,,0.778540109144822,0.25332190853016967,4.480535133180668,,0.1607835714961673,0.10759266376426263,0.3175360227824016,0.3796065653233516,0.6486449493566931,0.9703060125126797
28108,垂水区,28,215302.0,6.784831505984941,3.2783152021785855,3.5065163038063565,-0.22820110162777127,9.088909184344955,0.7971268265041662,,0.7639946830029475,0.19237629004839712,4.395920126418618,,0.1478471941281858,0.12707267001699937,0.29320675144680497,0.36691296283011715,0.6552528357892505,0.9494570417367233
28109,北区,28,210492.0,6.241290830986863,2.9507865881199726,3.29050424286689,-0.33971765474691756,7.6467467362144514,0.8373857438762519,,0.7777416382067545,0.2678344070083424,3.963890797775973,,0.16147883124627316,0.11765767820154685,0.31196910096345704,0.30166781779685004,0.7210324616771867,0.8369534234080155
28110,中央区,28,147518.0,16.87825463018876,8.339667947798041,8.538586682390719,-0.19891873459267836,8.766211265285637,1.9279816700334875,,0.8073219368363642,1.7213424802396995,4.366605815621333,,0.20571642834012238,0.08608441003809704,0.21075394189183694,0.6436618322376029,0.35884854432450114,0.9957089982239455
28111,西区,28,238877.0,6.5341031868825254,3.0624151850155155,3.47168800186701,-0.40927281685149486,7.738256021600664,0.9765988353839005,,0.7064828026621699,0.40134462505808427,4.097568444321107,,0.15705604725650824,0.11985247637905701,0.2726507784340895,0.31406716529693135,0.7134953566488836,0.8444638872725294
28201,姫路市,28,530495.0,5.322632129224876,2.6000561947012604,2.7225759345236162,-0.12251973982235594,7.7472762838498195,1.0023600599440146,3.795941523593399,0.6511550512183639,0.4827114298909509,3.9747461953662384,0.17714210313009549,0.16838747382262698,0.13073827274526623,0.26844927850403866,0.3371285071472298,0.6587648435085861,0.7400616405432662
28202,尼崎市,28,459593.0,7.655385261022758,4.002552960822543,3.652832300200215,0.34972066062232793,9.112170683608278,0.9659176706346703,3.6751988423877706,0.7148853398853399,0.4234551004910867,4.638783269961976,0.17777033157598135,0.16128389154704947,0.10439236454863325,0.2613464521870438,0.4326107403187006,0.4839245621912887,1.0
28203,明石市,28,303601.0,6.8110729571826125,3.6288183312448123,3.1822546259377997,0.4465637053070125,8.752476962435674,0.9048718548357878,3.7946118865139833,0.7024052374401063,0.3286319873781707,4.003096821204117,0.16747639171148976,0.1373483878109335,0.13555620699536564,0.2622422192285269,0.354443845139638,0.6578085183836913,0.9525792075783677
28204,西宮市,28,485587.0,7.7621886035880525,3.8278517027232755,3.9343369008647766,-0.10648519814150051,8.948392977816965,0.8857774199062166,5.022609324972403,0.7880672744450146,0.31526585349278297,3.598209910218121,0.15473849176357687,0.16265664040207373,0.13377211498660385,0.2387708072909695,0.3624996518978529,0.5634560118661351,0.9365077730664124
28205,洲本市,28,41236.0,7.206809429195182,3.2477248755120565,3.959084553683126,-0.7113596781710698,6.25559581948191,1.030798331554952,3.2900289615225486,0.6524902369871075,0.41136385682413423,3.395348837209302,0.2130420021340576,0.29642112020542444,0.105223591036958,0.3678581821709186,0.3410577356788453,0.6921335597057159,0.23877194684256475
28206,芦屋市,28,93922.0,8.374908251513185,3.996510898124608,4.378397353388578,-0.3818864552639697,9.026302551392533,0.8576797768360981,8.87300810735253,0.8086977569791834,0.25112327250271504,3.3405256453583587,0.17277102276356976,0.2521112366198698,0.12196290538957859,0.29443580843678796,0.34615656268393175,0.6796728971962617,0.9740635846766466
28207,伊丹市,28,198138.0,7.236723852129975,3.542469693035889,3.6942541590940863,-0.15178446605819737,8.977843211734857,0.9315376151974886,3.8562316436114163,0.7178660141623104,0.3478787511734246,4.181172291296625,0.16563708122621607,0.1522880905596955,0.13707113224116524,0.2597987261403668,0.30243736647892794,0.5994421537715255,0.9991622000827706
28208,相生市,28,28355.0,5.377337571143469,2.4761623179835905,2.9011752531598787,-0.425012935176288,7.139932635422638,0.9894198554046906,3.363768510947579,0.6548899553202052,0.3900899312290601,5.6444687329221646,0.18691588785046728,0.15538639748469307,0.1141950273320402,0.3672720860518427,0.3122506155021649,0.7970253718285214,0.5498501146182331
28209,豊岡市,28,77489.0,4.907085943839206,2.1283105205049413,2.7787754233342645,-0.6504649028293228,6.290233068542658,1.0127501968021269,3.047809623495367,0.6657141399193754,0.4600523945334176,3.6600054076641344,0.19964123940172154,0.2334796142266673,0.12236575513943915,0.34226793480364953,0.2828822845757928,0.7545485753518709,0.21871491437494353
28210,加古川市,28,260878.0,5.7977550806172555,2.8701064917594272,2.9276485888578283,-0.05754209709840088,7.842140486485323,0.900754375608522,3.7626937796511526,0.6421127753606989,0.3406113202339791,3.7896147514538856,0.18164812671056968,0.14726315970490622,0.12600142595389416,0.2772637018069749,0.28937660518328273,0.7585468095016302,0.781733223959092
28212,赤穂市,28,45892.0,5.233255619185586,2.3766948097512395,2.8565608094343466,-0.4798659996831074,6.902582591349304,0.9715418809378541,3.4352757767981936,0.6380989865197284,0.3804366774165432,3.7868029915743633,0.18053255469362853,0.1543343500934763,0.11367994421685697,0.3288808506929312,0.3006993006993007,0.7613700168444694,0.6335744792120631
28213,西脇市,28,38673.0,5.285502016556994,2.441095308851624,2.8444067077053705,-0.4033113988537466,6.909126684110846,0.965790086106586,3.18849938499385,0.5807053941908714,0.3989863729216766,2.8666431558264898,0.17283375998758824,0.21965767634854771,0.11811858402503038,0.3354795335246813,0.2900435758616136,0.7805730258560447,0.38491971142657666
28214,宝塚市,28,226432.0,6.524632651716489,3.2563860396670252,3.2682466120494627,-0.011860572382437568,8.51601031300002,0.8095278052572075,4.6368788055382515,0.7790381412216155,0.24118940785754664,3.7150571469173146,0.16585111644997175,0.16754517278458325,0.1289349561899378,0.2812720816845676,0.28791183440639223,0.6943791408420603,0.9476840729225551
28215,三木市,28,75294.0,5.999370647548946,2.784200517163536,3.21517013038541,-0.4309696132218741,6.591131206479324,1.0090312641113501,3.3060686853297785,0.6361094295021477,0.4658007278136372,6.760025803677023,0.19360108375169335,0.18703335351264094,0.10930485828884108,0.3507317980184344,0.28065835477274226,0.8245215698994486,0.6688049512577363
28216,高砂市,28,87722.0,6.0339147622845655,2.7383800903931292,3.2955346718914353,-0.5571545814983067,7.979731120094275,1.0010031691023917,3.5183852166205583,0.6217770877344804,0.46936914343038233,4.830075333672456,0.18604226989808714,0.1379520985517575,0.12732267846150339,0.2917854130092793,0.30000545315737814,0.7634288895073754,0.8929344976174733
28217,川西市,28,152321.0,6.287848071465006,3.0657755339602653,3.2220725375047414,-0.15629700354447598,8.448819817936824,0.811391731934533,3.894507357839278,0.7758035472407694,0.24650573459995667,4.339939024390244,0.17134209990743232,0.15057447452711425,0.12074500561314593,0.3229233001358972,0.27207927677329624,0.7869264613450659,0.9618765633103774
28218,小野市,28,47562.0,6.191137213027229,3.047517351841965,3.143619861185264,-0.09610250934329952,6.715225709854955,1.0160211933896808,3.2344606725217138,0.5833154988657279,0.5102813170177873,3.7886587324465677,0.172301417097683,0.1691563583443907,0.13298431520962112,0.29107270510071065,0.25944669365721995,0.7666108319374652,0.35772255161683697
28219,三田市,28,109238.0,6.294960650626397,2.993933246933754,3.301027403692643,-0.30709415675888885,7.290753634139257,0.9582379757959685,3.9492821375885643,0.7170990494946045,0.37561105109943427,3.303344150166139,0.17080136948680863,0.14703695516749393,0.1276570424211355,0.264129698456581,0.24147941842900303,0.778164924506388,0.7501144290448378
28220,加西市,28,42700.0,5.668797491255578,2.7765046435894343,2.892292847666144,-0.11578820407670967,6.2162487878796515,1.074519906323185,3.337653778558875,0.509072203516648,0.5178454332552693,3.0643699002719855,0.18644028103044497,0.2133370744481855,0.10763466042154567,0.336440281030445,0.2832573048945876,0.758799769186382,0.21311475409836064
28221,丹波篠山市,28,39611.0,5.663128277273309,2.5655454661721446,3.0975828111011636,-0.5320373449290191,6.023764726881062,0.9538007119234556,3.2136413507253443,0.5898935372619584,0.39751584155916286,2.8031480761756704,0.203403095099846,0.2637077023041935,0.11284744136729696,0.3499532958016712,0.27404124108691463,0.8088050314465409,
28222,養父市,28,22129.0,3.8324208521780525,1.518686027136396,2.313734825041657,-0.7950487979052607,5.795781228831173,1.0123819422477291,2.9640108914407484,0.6507440053075538,0.38027023363007817,3.5116598079561046,0.20068688146775723,0.23305847786939626,0.11057887839486646,0.3954087396628858,0.2558250687059386,0.8544303797468354,
28223,丹波市,28,61471.0,4.784035447170723,2.2071194176536237,2.5769160295170987,-0.36979661186347507,6.223283843749482,0.9738901270517805,3.0389706454878143,0.5673424938342783,0.42026321354785184,3.0283265001863584,0.18174423711994273,0.22917267223983862,0.12091880724243953,0.35032779684729387,0.2629905483688314,0.8175909878682842,
28224,南あわじ市,28,44137.0,5.481112229031373,2.4512942467758165,3.029817982255557,-0.5785237354797402,6.150376906377721,0.9705462537100392,3.1868068723783254,0.5345241605931668,0.40551011622901423,2.421277645317767,0.24553096041869632,0.3895184732695791,0.11758841788068967,0.36151075061739585,0.2785256598671448,0.8067375886524822,
28225,朝来市,28,28989.0,5.2713122432802475,2.3167831663904304,2.9545290768898176,-0.6377459104993874,6.107386540043603,0.9847528372831074,3.0524132091447926,0.6461408688317166,0.4431680982441616,4.253600753802665,0.186174066025044,0.19977505974975396,0.11707889199351477,0.35706647348994447,0.2780320366132723,0.7932910244786945,
28226,淡路市,28,41967.0,6.346098056280825,2.8865680301711634,3.4595300261096606,-0.5729619959384973,5.927927313423542,0.9871327471584816,3.4260973424902956,0.6281948078084122,0.4088688731622465,3.6174958781883424,0.2420711511425644,0.3124371100825116,0.10710796578263874,0.3875664212357328,0.3257918552036199,0.7637941723496591,
28227,宍粟市,28,34819.0,4.213458176538564,1.6207887641115293,2.5926694124270346,-0.9718806483155056,6.180003155366352,0.9387977828197248,3.134558926324619,0.5565051163836725,0.3997530084149459,3.1738254668190975,0.21189580401504926,0.25514449567075226,0.11487980700192424,0.36324994974008445,0.23125388923459864,0.8341232227488151,
28228,加東市,28,40645.0,8.8777814426712,3.9022657498794815,4.975515692791718,-1.073249942912237,6.229854752616245,1.086160659367696,3.2786502788209857,0.5528284801982557,0.5356870463771681,2.8744676911683023,0.16476811415918316,0.19182195110327405,0.12594415057202607,0.26465739943412475,0.3796383278534523,0.6645119586296057,0.14405215893713863
28229,たつの市,28,74316.0,5.022761550276044,2.288608155415035,2.7341533948610093,-0.44554523944597424,6.797481935821339,0.9740432746649443,3.38889071379299,0.5847014925373134,0.4284272565800097,3.5410725656856505,0.18955541202432855,0.19357060849598162,0.12103719252919963,0.30899133430216913,0.2441149882480564,0.7977649603460707,0.18446902416707034
28301,猪名川町,28,29680.0,4.978354978354979,2.1295908392682588,2.8487641390867195,-0.7191732998184611,7.260874749036506,0.7883423180592992,3.696096195025531,0.7542334442092531,0.22944743935309972,3.52975495915986,0.19171159029649595,0.1709253099485939,0.12934636118598383,0.3170822102425876,0.16680331602441467,0.9645131938125568,0.7100741239892183
28365,多可町,28,19261.0,4.2354205858640155,1.7468422467078741,2.488578339156141,-0.7417360924482667,6.2867730169774925,0.8935673121852448,2.983742911153119,0.526940088459992,0.3840402886662167,3.2766164316966453,0.17979336483048647,0.22949336550060317,0.10129276776906702,0.37931571569492756,0.1988080684596577,0.9299145299145299,
28381,稲美町,28,30268.0,5.591813977895117,2.932012725066413,2.6598012528287036,0.27221147223770953,6.796793984343978,0.9864543412184485,3.4267641049819266,0.5983736327000576,0.4795493590590723,4.039776258545681,0.19598255583454474,0.18228267127230857,0.1262058940134796,0.3209990749306198,0.21750219876868954,0.8967629046369204,0.2804942513545659
28382,播磨町,28,33604.0,6.5500043243866575,3.1683339579669614,3.3816703664196965,-0.21333640845273444,8.21083469187786,0.8699559576240924,3.547573739295909,0.6466680088584659,0.3431436733722176,4.444016929588304,0.18357933579335795,0.13019260452318637,0.14239376264730388,0.2725865968337103,0.2822726942892388,0.7773826458036984,0.987144387572908
28442,市川町,28,11231.0,4.333958724202627,1.7729831144465291,2.5609756097560976,-0.7879924953095686,6.3317013177426285,0.8798860297391149,3.1564703206731863,0.568698160836639,0.33674650520879706,4.0650406504065035,0.22206393019321521,0.18121168409664623,0.1000801353396848,0.37254029026800817,0.2377314814814815,,
28443,福崎町,28,19377.0,7.107090938459054,3.3704840359661876,3.736606902492866,-0.3661228665266785,6.818312702420375,1.1317025339319813,3.4271749755620724,0.5904289717611554,0.5993703875728957,2.8685092127303182,0.16209939619136088,0.15261909894373793,0.1260257005728441,0.2814677194612169,0.3549588900308325,0.7333333333333333,
28446,神河町,28,10616.0,4.988170347003154,1.695583596214511,3.2925867507886437,-1.5970031545741326,6.220370714151814,0.8682177844762623,3.1198178768272227,0.6302307391474384,0.31443104747550865,3.8179424487492946,0.19489449886963076,0.18185373484552214,0.10842125094197438,0.3819706103993971,0.21204883227176222,,
28464,太子町,28,33477.0,6.347638714311367,3.1723229783922906,3.175315735919076,-0.0029927575267851797,7.65860397482089,0.8169489500253906,3.4385660796006103,0.6273972602739726,0.3488962571317621,4.331003494757863,0.17032589539086537,0.1474885844748859,0.14469635869402875,0.2701855004928757,0.24197724597881523,0.8174846625766872,0.5184454998954506
28481,上郡町,28,13879.0,5.41239016466071,2.0748726279258656,3.337517536734844,-1.2626449088089788,6.291641193454666,0.9747099935153829,3.0522151898734178,0.6659239216934585,0.3356870091505152,4.0470372632865,0.2180992866921248,0.1710966098997294,0.0892715613516824,0.3929677930686649,0.2559739319333816,,
28501,佐用町,28,15863.0,4.386500984586134,1.5413865688870783,2.845114415699056,-1.303727846811978,5.598623706637981,1.0098342053835971,2.994435750304295,0.6390997830802603,0.41946668347727417,3.5690939992155837,0.2039967219315388,0.22518980477223427,0.09216415558217235,0.4320115993191704,0.26567265333785156,0.8603066439522998,
28585,香美町,28,16064.0,3.7639678494412863,1.5356466052408024,2.2283212442004836,-0.6926746389596811,5.733092303910029,0.9500124501992032,2.9505866798876217,0.6128828144773475,0.3639815737051793,3.05483989694516,0.22173804780876494,0.28157428499114145,0.10339890438247012,0.40649900398406374,0.24320652173913043,0.8683274021352313,
28586,新温泉町,28,13318.0,3.8116766700444304,1.5745576428404395,2.237119027203991,-0.6625613843635514,5.79903258718516,0.9570506081994293,2.9596367305751765,0.623986538167355,0.38106322270611204,3.2415630550621666,0.21714972218050757,0.26877772678598744,0.10519597537167744,0.41027181258447215,0.25614962390729823,,
29201,奈良市,29,354630.0,6.092394012448623,3.0773041617341663,3.0150898507144563,0.062214311019709846,7.805273985557697,0.9474832924456476,4.202337228714525,0.7879486507728583,0.3594760736542312,4.015289154884419,0.18191636353382398,0.18139900445375945,0.11196458280461326,0.3107802498378592,0.3384299892306006,0.6802973977695167,0.8705185686490144
29202,大和高田市,29,61744.0,6.572519330939208,3.2239800705296195,3.3485392604095896,-0.12455918987997024,8.228604559296075,0.8783849442860845,3.3016273849607183,0.6872923439677039,0.3061188131640321,5.17632711135201,0.21924397512308888,0.18831052838412343,0.0968191241254211,0.31287250583052606,0.30079803560466545,0.7125954198473282,0.7429385851256802
29203,大和郡山市,29,83285.0,6.077628998280829,3.0751349911620136,3.002494007118816,0.07264098404319717,7.671861258459333,1.0567569190130275,3.44542926659715,0.7081860439223981,0.4893798403073783,4.153772276171167,0.1971663564867623,0.1697330698360564,0.1085909827700066,0.3278021252326349,0.2850115656018505,0.7269794721407624,0.7655520201716995
29204,天理市,29,63889.0,7.519032396269321,3.5098704808357777,4.009161915433543,-0.49929143459776554,7.089529160643282,1.000031304293384,3.3638126676294617,0.7243169489833272,0.446602701560519,3.7045345297228005,0.19823443785315156,0.1870278545043096,0.12053718167446666,0.26416127971951353,0.35488828466721833,0.6798866855524079,0.4148601480693077
29205,橿原市,29,120922.0,6.617126083875974,3.160531731839806,3.4565943520361686,-0.2960626201963629,8.080161337008287,0.9377449926398835,3.658483954625542,0.7359986246943765,0.3649708076280578,3.881320456798737,0.19182613585617175,0.17126375305623476,0.11924215610062686,0.2853244240088652,0.325115562403698,0.6518416927899686,0.7776665949951208
29206,桜井市,29,54857.0,5.653007075471698,2.7601709905660377,2.8928360849056602,-0.13266509433962265,7.2402432653835795,0.8753486337204003,3.3483612225141752,0.6983179815778935,0.3209617733379514,4.303836277928946,0.22575058789215596,0.2075690828994794,0.11539092549720181,0.3188471844978763,0.2707129532735793,0.7297419646899049,0.4531235758426454
29207,五條市,29,27927.0,4.884758364312267,2.122676579925651,2.7620817843866172,-0.6394052044609666,5.918661847672807,1.035521180219859,3.085228377065112,0.5922733077905492,0.40247788878146595,4.838587162932017,0.2563827120707559,0.2995689655172413,0.07336985712751101,0.37096716439288147,0.2713142646923572,0.861376673040153,0.20736205106169656
29208,御所市,29,24096.0,5.694780504666436,2.3850674040788107,3.3097131005876252,-0.9246456965088143,6.6919426502029795,0.9991699867197875,3.292911119107593,0.6251505419510237,0.3854581673306773,5.3031743014636,0.23439575033200533,0.25461661983139305,0.07648572377158035,0.4192397078353254,0.30481444332998997,0.758288770053476,0.33403884462151395
29209,生駒市,29,116675.0,5.773339167588993,2.7807092052542624,2.992629962334732,-0.21192075708046984,8.134629571828503,0.8233640454253267,4.780798058670424,0.7838532589752527,0.2502764088279409,3.5812556449410824,0.1637454467538033,0.17564918089926806,0.13762159845725305,0.2865223912577673,0.26429636474368395,0.7987421383647799,0.8505078208699378
29210,香芝市,29,78113.0,6.2011643940554615,3.0322761860987693,3.1688882079566922,-0.1366120218579235,8.35573739004867,0.7899453356035487,4.131684512139949,0.7295264623955432,0.23605545811836698,3.6097852028639617,0.16511976239550394,0.16245744351593938,0.15257383534110838,0.23594024042092865,0.22689615527677273,0.709205716184779,0.790060553300987
29211,葛城市,29,36832.0,5.25744827221252,2.653860401121871,2.603587871090649,0.05027253003122189,7.494185349270801,0.8516235881841877,3.522326555427954,0.6485274512180341,0.32952324066029537,3.6267009285756,0.19827867072111208,0.21064113440795051,0.15231320590790617,0.28067984361424847,0.20580256217030896,0.8120464441219158,0.4474913119026933
29212,宇陀市,29,28121.0,4.6152693489173595,1.6932644039859144,2.9220049449314454,-1.2287405409455308,6.081490183394631,0.8587888055190072,3.1402352464003247,0.6805377720870679,0.24984886739447387,5.576545262203416,0.24949326126382418,0.2540813060179258,0.08822588101418868,0.41936630987518225,0.24121346651868295,0.8941398865784499,
29322,山添村,29,3226.0,4.451718494271685,2.193126022913257,2.258592471358429,-0.06546644844517185,4.851757517485326,0.9643521388716677,2.834476843910806,0.5135453474676089,0.32703037817730934,1.9630484988452657,0.25108493490390577,0.34275618374558303,0.07904525728456292,0.48264104153750775,0.22070844686648503,,
29342,平群町,29,18009.0,5.0435453643479216,2.5135045750192924,2.5300407893286296,-0.01653621430933745,7.263344054806886,0.7610639124882004,3.487591240875912,0.7104677060133631,0.18218668443556,3.902807503462168,0.21022821922372148,0.20529280754618107,0.10078294186240214,0.3869176522849686,0.20212171970965942,0.9198369565217391,
29343,三郷町,29,23219.0,6.930958879591928,3.53930824645398,3.3916506331379477,0.14765761331603203,8.272701974992732,0.7917653645721177,3.612008990688216,0.7508723696732579,0.18794952409664498,4.058029826519225,0.18157543391188252,0.14899016601459236,0.11994487273353718,0.3243033722382532,0.3008559653386875,0.728,0.9589990955682846
29344,斑鳩町,29,27587.0,5.69624768155229,2.942645170495078,2.7536025110572124,0.1890426594378656,7.8446282945992,0.7777576394678652,3.7038249483115093,0.7192326450983579,0.20875774821473883,3.60445071305438,0.17805488092217348,0.17615021947650789,0.13886975749447203,0.30423750317178383,0.22743549719952255,0.7891402714932126,0.8723674194366912
29345,安堵町,29,7225.0,6.939068100358423,3.4121863799283156,3.5268817204301075,-0.11469534050179211,7.424364608864977,0.8542560553633218,2.982801863131494,0.6384931940487496,0.306159169550173,5.588762701733413,0.22726643598615917,0.16207660652105094,0.08996539792387544,0.3521107266435986,0.3087467362924282,,
29361,川西町,29,8167.0,5.4971199599298775,2.5544703230653645,2.942649636864513,-0.3881793137991485,7.2278327103486415,0.9815109587363781,3.3616619452313503,0.6957250628667225,0.49332680298763315,4.712460063897764,0.2126851965225909,0.17407096954456547,0.11975021427696829,0.3439451450961185,0.23533083645443195,,
29362,三宅町,29,6439.0,5.777016505761445,2.8184366241046406,2.9585798816568047,-0.14014325755216445,7.368945553924542,0.7752756639229694,3.436298076923077,0.6794781382228491,0.21338717192110576,9.189881524175473,0.21789097685976083,0.19534555712270807,0.09815188693896568,0.3618574312781488,0.24175824175824176,,
29363,田原本町,29,31177.0,6.134676057235731,3.0657446062653366,3.068931450970394,-0.0031868447050575222,7.298636927969303,0.9283446130160053,3.463455018528739,0.6750139508928571,0.39442537768226577,3.6170498857066025,0.19857587323988837,0.2001255580357143,0.11793950668762229,0.3194341982871989,0.22956477817998147,0.7600671140939598,0.6028803284472528
29385,曽爾村,29,1295.0,6.2204724409448815,3.149606299212598,3.0708661417322833,0.07874015748031496,5.297545463769454,0.9528957528957529,2.9057971014492754,0.6158730158730159,0.43166023166023165,5.263157894736842,0.27413127413127414,0.3666666666666667,0.06563706563706563,0.5158301158301158,0.33952702702702703,,
29386,御杖村,29,1479.0,5.79064587973274,2.5241276911655532,3.2665181885671863,-0.7423904974016332,5.052049079647013,0.9465855307640297,2.62227602905569,0.6071428571428571,0.2738336713995943,5.294117647058823,0.2319134550371873,0.31677018633540377,0.03380662609871535,0.6024340770791075,0.3757142857142857,,
29401,高取町,29,6729.0,4.532671629445823,1.5053763440860215,3.027295285359801,-1.52191894127378,6.618068974704789,1.0028235993461139,3.2057291666666665,0.682890303257207,0.3382374795660574,4.058908045977012,0.21459355030465152,0.2590789966304755,0.0906524000594442,0.4134343884678258,0.20581849761181067,,
29402,明日香村,29,5179.0,4.21865715983363,1.7627252921370569,2.455931867696574,-0.6932065755595167,6.193401839993738,0.9007530411276308,3.3767967145790556,0.6672247802427794,0.26646070670013516,3.474747474747475,0.25236532149063523,0.3147760569275848,0.10156400849584862,0.4114693956362232,0.1858108108108108,,
29424,上牧町,29,21714.0,6.248522947487829,3.1337146098218085,3.1148083376660205,0.018906272155787683,8.34283980427146,0.8289582757667864,3.4391355140186914,0.7314292165274329,0.244082158975776,5.554963215694637,0.20535138620245003,0.1513885752991646,0.09694206502717141,0.3584323477940499,0.244082493555191,0.7816979051819184,0.7031868840379478
29425,王寺町,29,24043.0,7.06930024478771,3.4017050730142655,3.6675951717734447,-0.2658900987591795,8.421780927006372,0.8403277461215323,3.961142637299221,0.7629125489464852,0.32238073451732313,4.73399058530953,0.16952959281287694,0.1456274473242588,0.14586366094081438,0.28012311275631163,0.28319201995012466,0.694059405940594,0.8707316058728112
29426,広陵町,29,33810.0,4.9685893774985725,2.4528840662478584,2.5157053112507137,-0.0628212450028555,7.65155771595251,0.820201123927832,4.230457844779453,0.6925449871465296,0.2678793256433008,3.2879607185033253,0.18855368234250222,0.21664524421593834,0.14729370008873113,0.2617272996154984,0.1586502140518761,0.843042071197411,0.6355220349009169
29427,河合町,29,17018.0,5.417118093174431,2.72059708679427,2.6965210063801615,0.024076080414108584,7.6827880520471865,0.9241979080973087,3.8413364188602834,0.7178346879312989,0.23428134915971324,4.1874816338524825,0.2001997884592784,0.19782241987425242,0.10071688800094018,0.3862968621459631,0.23512036626790725,0.8511326860841424,0.5894934774944177
29441,吉野町,29,6229.0,3.993829276654097,1.4569763455605074,2.5368529310935894,-1.079876585533082,5.926966161628942,1.0086691282709905,3.6669898206495395,0.6347390993566834,0.47391234548081557,4.505119453924915,0.26585326697704287,0.3402430307362402,0.05988120083480494,0.5195055386097287,0.3057228915662651,,
29442,大淀町,29,16728.0,5.095904285623853,2.107995188959929,2.9879090966639232,-0.8799139077039945,6.809233012033763,0.9310736489717838,3.2658027812895067,0.6756540309663641,0.3587996174079388,4.815144200228687,0.2224414155906265,0.21729845168179396,0.09809899569583931,0.34576757532281205,0.2540781779008926,0.8354430379746836,
29443,下市町,29,5037.0,5.266742338251986,1.6572077185017027,3.609534619750284,-1.952326901248581,5.9681141287945545,0.8997419098669843,3.1399642644431207,0.6534736842105263,0.31685527099463967,5.641636869288836,0.23406789755807028,0.3195789473684211,0.06452253325392099,0.4683343259876911,0.3219466541881142,,
29444,黒滝村,29,623.0,7.6400679117147705,3.0560271646859083,4.584040747028863,-1.5280135823429541,5.964542889541717,1.0272873194221508,2.9018691588785046,0.6591760299625468,0.32102728731942215,3.260869565217391,0.26324237560192615,0.2471910112359551,0.06902086677367576,0.5521669341894061,0.39087947882736157,,
29446,天川村,29,1176.0,7.035175879396985,3.2663316582914574,3.7688442211055273,-0.5025125628140703,5.490895423509181,1.0680272108843538,2.865566037735849,0.8155668358714044,0.6130952380952381,2.955665024630542,0.36989795918367346,0.48223350253807107,0.08163265306122448,0.5085034013605442,0.35650623885918004,,
29447,野迫川村,29,357.0,12.111801242236025,5.590062111801243,6.521739130434782,-0.9316770186335404,4.906956864621415,1.072829131652661,2.772727272727273,0.6140350877192983,0.4173669467787115,2.840909090909091,0.18207282913165265,0.2865497076023392,0.03361344537815126,0.5042016806722689,0.5467980295566502,,
29449,十津川村,29,3061.0,8.560029017047516,3.663402248821183,4.896626768226333,-1.2332245194051505,4.706148145146578,1.0702384841555048,3.4726027397260273,0.7086730911786508,0.4335184580202548,3.089080459770115,0.2466514211042143,0.24017790956263896,0.07513884351519111,0.4263312642927148,0.4233784746970777,,
29450,下北山村,29,753.0,7.160804020100503,3.6432160804020097,3.5175879396984926,0.12562814070351758,4.349879609327545,1.1115537848605577,2.8864353312302837,0.752,0.5431606905710491,2.849740932642487,0.23771580345285526,0.23199999999999998,0.0703851261620186,0.4860557768924303,0.5201793721973094,,
29451,上北山村,29,444.0,12.826603325415679,4.98812351543943,7.8384798099762465,-2.8503562945368173,3.983190053396625,1.0968468468468469,3.1776649746192893,0.7276785714285714,1.2387387387387387,2.608695652173913,0.17567567567567569,0.25,0.033783783783783786,0.5180180180180181,0.5320754716981132,,
29452,川上村,29,1156.0,7.912457912457913,3.535353535353535,4.377104377104377,-0.8417508417508417,4.448550978617505,1.1211072664359862,3.109375,0.6595330739299611,0.46280276816608995,2.6515151515151514,0.2742214532871972,0.3618677042801557,0.05968858131487889,0.5553633217993079,0.4624,,
29453,東吉野村,29,1502.0,4.0720961281708945,1.9359145527369825,2.1361815754339117,-0.20026702269692925,5.586443390172481,1.018641810918775,2.726293103448276,0.5970802919708029,0.42942743009320905,2.6988636363636362,0.2589880159786951,0.3182481751824817,0.05193075898801598,0.5825565912117177,0.4105263157894737,,
30201,和歌山市,30,356729.0,4.389685528176098,2.0952510476255237,2.294434480550574,-0.1991834329250498,7.819302967597082,1.037089779636643,3.714306445259863,0.7184633714296521,0.4794900330502987,4.032692272790519,0.19080029938692958,0.19738011636922959,0.11868953743598082,0.3082171620473805,0.34953912656538044,0.6613373033853324,0.7697215533360058
30202,海南市,30,48369.0,4.899767701970231,2.4047147896412286,2.495052912329003,-0.09033812268777423,6.656580987001242,0.9635510347536645,3.401369935751075,0.6423014293468428,0.42475552523310384,4.793075233624736,0.21753602514006906,0.26569567577347564,0.10062229940664476,0.36635034836362135,0.29203054044613,0.7983706720977597,0.29264611631416815
30203,橋本市,30,60818.0,4.711525377602395,2.2469043407266294,2.4646210368757653,-0.21771669614913594,6.954680958568387,0.8675392153638726,3.258060526098788,0.6907761214920568,0.30826400078924004,4.000806207800061,0.2131605774606202,0.20344320806214566,0.11439047650366668,0.33075734157650694,0.2533889468196038,0.8373266078184111,
30204,有田市,30,26538.0,4.447086801426873,1.9024970273483945,2.544589774078478,-0.6420927467300832,6.776836762619531,0.9530484588137764,3.3853470957296095,0.5349171521525309,0.381453010776999,3.292602619448306,0.26200165799984926,0.33978966482560335,0.10434094505991409,0.34931042278996155,0.25609756097560976,0.8246606334841629,0.21979802547290678
30205,御坊市,30,23481.0,5.850811426402202,2.3868273702192275,3.4639840561829742,-1.077156685963747,6.723561620207549,1.1471828286699886,3.394869942196532,0.6418617360415338,0.4875431199693369,4.712723485505989,0.24351603424044974,0.29738591857181895,0.1062987095949917,0.31229504705932454,0.360559745930925,0.7115768463073853,0.2198799029002172
30206,田辺市,30,69870.0,5.223126745498841,2.366450769505021,2.8566759759938205,-0.4902252064887991,6.333948808624765,1.0170888793473594,3.1045598061531683,0.6602545643034038,0.42812365822241305,4.328181392401576,0.2653213110061543,0.29640615101077006,0.11369686560755689,0.33532274223558034,0.35430995693257056,0.7373241740268237,0.4148561614426793
30207,新宮市,30,27171.0,6.11494074819921,2.8425373712338318,3.2724033769653786,-0.42986600573154676,7.026449627406118,1.0894335872805565,3.2094881151987376,0.7927368600102058,0.47524934672996944,3.5597112860892386,0.22969342313496008,0.26050348698758297,0.10559051930366935,0.3721246917669574,0.40405353728489485,0.6454983922829582,0.5294615582790475
30208,紀の川市,30,58816.0,4.910047522063815,2.396469789545146,2.5135777325186694,-0.11710794297352342,6.17593749155926,0.9301720620239391,3.170518266779949,0.5794950528829751,0.34092763873775844,3.2705191247813605,0.23916961371055495,0.3049129989764585,0.11141526115342763,0.33067532644178455,0.25677646251501113,0.8528645833333334,
30209,岩出市,30,53967.0,6.307977736549166,3.185528756957328,3.122448979591837,0.06307977736549165,7.724343810296445,0.8204828876906257,3.3776208342529244,0.7052502432626814,0.2674782737598903,4.31139179013845,0.19608279133544573,0.16821085586157292,0.1351751996590509,0.2380899438545778,0.28317778283633055,0.7703834288232702,
30304,紀美野町,30,8256.0,4.253663597458177,1.750745687978213,2.5029179094799634,-0.7521722215017507,5.560487851342409,0.9458575581395349,2.980496453900709,0.5913950456323338,0.29953972868217055,3.083143795804903,0.25181686046511625,0.30273794002607557,0.07085755813953488,0.4855862403100775,0.2995670995670996,,
30341,かつらぎ町,30,15967.0,4.60160794823191,2.0916399764690503,2.50996797176286,-0.41832799529381004,5.715563251596037,0.9945512619778293,3.134537800385897,0.5297217796298566,0.3859209619840922,2.949922683478054,0.2577190455314085,0.3740654491972055,0.10289973069455753,0.40239243439594163,0.27326892109500805,0.8430034129692833,
30343,九度山町,30,3856.0,6.648936170212766,2.925531914893617,3.723404255319149,-0.7978723404255319,5.797796813926726,0.8744813278008299,3.149242970439798,0.586038961038961,0.25181535269709543,2.5830258302583027,0.27800829875518673,0.36417748917748916,0.0741701244813278,0.46473029045643155,0.27165354330708663,,
30344,高野町,30,2970.0,10.287907869481765,4.491362763915547,5.796545105566219,-1.3051823416506718,5.829551861945235,1.151178451178451,2.9814986123959297,0.8389776357827476,0.7006734006734007,2.1875,0.22154882154882155,0.33226837060702874,0.07643097643097643,0.4107744107744108,0.4743223965763195,,
30361,湯浅町,30,11122.0,5.088062622309197,2.311061410865716,2.7770012114434817,-0.4659398005777654,6.706610615005503,1.0089012767487862,3.156967840735069,0.5977633477633477,0.3811364862434814,3.3472803347280333,0.291044776119403,0.3643578643578643,0.10654558532638014,0.36764970329077507,0.30908298845567417,,0.46097824132350296
30362,広川町,30,6781.0,4.466656254880524,1.936592222395752,2.530064032484773,-0.5934718100890208,5.986316341282673,0.9143194219141719,3.0257928118393234,0.535288725939505,0.25615690901047045,4.688410017472335,0.2827016664208819,0.3507485487320501,0.12063117534286978,0.35584722017401565,0.24474959612277866,,
30366,有田川町,30,25258.0,4.432155165504528,1.9035024444978759,2.5286527210066523,-0.6251502765087761,5.7348238862284555,0.9424340802913929,3.382119537920643,0.538232668848557,0.37006097078153455,2.5090645395213924,0.2702510095811228,0.3915501338887236,0.12958270646923747,0.32959854303586983,0.239873417721519,0.8497409326424871,
30381,美浜町,30,6867.0,7.685009487666034,3.478810879190386,4.206198608475648,-0.7273877292852625,6.910233956346542,0.8507354011941168,3.140828402366864,0.7250892567348264,0.2525120139799039,2.9606299212598426,0.22091160623270714,0.2229795520934762,0.10048055919615553,0.37367118101063057,0.31977559607293127,,
30382,日高町,30,7673.0,6.186344775556394,3.2943543316987305,2.891990443857664,0.40236388784106625,6.191802239823403,0.7353056170989183,3.2141503474415667,0.657372654155496,0.22246839567313959,2.3304529981670594,0.22846344324253878,0.24423592493297586,0.1560015639254529,0.3019679395282158,0.22268326417704012,,
30383,由良町,30,5364.0,5.322740814299901,2.005958291956306,3.316782522343595,-1.310824230387289,6.144249021667778,0.9166666666666666,3.0147379912663754,0.5948514851485148,0.33743475018642805,3.6259541984732824,0.27554064131245337,0.31841584158415837,0.09321401938851603,0.38926174496644295,0.33807829181494664,,
30390,印南町,30,7720.0,4.190675746464118,1.8727082242011523,2.3179675222629648,-0.44525929806181247,5.43883088662376,0.9226683937823834,2.960014409221902,0.4803779069767442,0.3163212435233161,2.503542749173359,0.3466321243523316,0.4263565891472868,0.12202072538860104,0.3698186528497409,0.25217391304347825,,
30391,みなべ町,30,11818.0,4.524140326502258,1.9277526919069123,2.5963876345953456,-0.6686349426884335,5.606458907455474,1.0049077678118126,3.158388403325517,0.432052752293578,0.375528854290066,2.049985959000281,0.3382975122694195,0.49440940366972475,0.12074801150786935,0.3324589609070909,0.24273664479850046,,
30392,日高川町,30,9219.0,5.8022762776166035,2.4882838652086585,3.313992412407945,-0.8257085471992859,5.318588701132081,0.9325306432367936,3.017805020431991,0.554907047124946,0.3100119318798134,2.5284450063211126,0.26347760060744113,0.3298746217034155,0.11855949669161514,0.3675018982536067,0.27921896792189677,,
30401,白浜町,30,20262.0,8.363286589378829,3.736141345618387,4.627145243760442,-0.8910038981420544,6.251659613327928,1.0135228506564011,2.907816377171216,0.7394404234633251,0.4659461060112526,3.6933000416146484,0.2428684236501826,0.2486766771092146,0.09574573092488402,0.3956667653736058,0.3953563021613524,0.7194473963868225,
30404,上富田町,30,15236.0,6.663265956768476,3.5388637378052668,3.1244022189632084,0.4144615188420583,6.576472194412657,0.9185481753741139,3.1057853762784307,0.6905634758995248,0.3466789183512733,3.3210816487267003,0.2345760042005776,0.2244399185336049,0.14098188500918876,0.2698871094775532,0.2968971491573476,0.8132911392405063,
30406,すさみ町,30,3685.0,5.733218092768655,2.016709881878421,3.7165082108902334,-1.6997983290118122,5.681508643583384,0.9565807327001357,2.796774193548387,0.6802973977695167,0.3242876526458616,3.6417910447761193,0.2672998643147897,0.29368029739776946,0.08168249660786975,0.4871099050203528,0.40985442329227323,,
30421,那智勝浦町,30,14137.0,5.672705672705672,2.5170775170775173,3.1556281556281554,-0.6385506385506385,6.544453125226777,0.9511211713942138,2.8756465963169875,0.7882940986778458,0.3787225012378864,4.349167180752621,0.26257338897927424,0.2855530474040632,0.09556482987904082,0.4385654665063309,0.37830258302583025,,
30422,太地町,30,2791.0,6.8807339449541285,4.199011997177135,2.681721947776994,1.5172900494001413,7.017864501662167,0.8273020422787531,2.7096774193548385,0.7916999201915403,0.21031888212110356,3.1684698608964452,0.2687208885704049,0.2122905027932961,0.07237549265496238,0.44822644213543533,0.3816793893129771,,
30424,古座川町,30,2480.0,5.169417897480452,2.3023457862728063,2.8670721112076456,-0.5647263249348393,5.312121889459947,0.9862903225806452,2.6238030095759233,0.7297872340425532,0.2879032258064516,4.374364191251272,0.27741935483870966,0.2882978723404256,0.07419354838709677,0.5524193548387096,0.41479099678456594,,
30427,北山村,30,404.0,7.853403141361256,3.664921465968586,4.18848167539267,-0.5235602094240838,4.682329266534709,1.1237623762376239,3.3904109589041096,0.6647727272727273,0.4777227722772277,2.7624309392265194,0.21534653465346534,0.22159090909090906,0.09900990099009901,0.4504950495049505,0.5,,
30428,串本町,30,14959.0,5.14220051709279,2.082734846308532,3.0594656707842574,-0.9767308244757253,6.514779542495377,0.9897720435858012,2.914897837730609,0.7783251231527094,0.31452637208369544,5.96234309623431,0.27020522762216725,0.2669632925472748,0.08275954275018384,0.46326626111371083,0.4080772368778896,,
31201,鳥取市,31,188465.0,4.50576123650364,2.038333844823257,2.467427391680384,-0.429093546857127,6.78942115816031,1.0298357785265169,3.166057374968266,0.7106574148207455,0.44762157429761495,3.5241865405040067,0.1740747618921285,0.19692420603149186,0.12566789589578967,0.29177831427586026,0.3513411458333333,0.6333077709611452,0.5509086567797734
31202,米子市,31,147317.0,6.392652857222192,3.0508968734381074,3.3417559837840836,-0.29085911034597656,7.3055252326092255,1.0358818059015593,3.310621487957618,0.7415093794259617,0.4689071865433046,3.5058849779661965,0.16280537887684382,0.1791629332023008,0.13013433615943848,0.28738706327172014,0.3598264264167379,0.6399022801302932,0.5180800586490357
31203,倉吉市,31,46485.0,5.480612875890342,2.5696814236309917,2.91093145225935,-0.3412500286283581,6.260160528108349,1.1220608798537162,2.968324105621806,0.6577971935398464,0.5000752931053027,3.6970933197348295,0.19460040873400022,0.23934339422822348,0.12311498332795526,0.34492847154996237,0.3239815526518063,0.6714531878230902,0.316811874798322
31204,境港市,31,32740.0,6.02728756660199,3.082940651082571,2.9443469155194184,0.13859373556315255,7.1086975106620995,1.0001527183872938,2.9917686933665353,0.6956928255313845,0.4127061698228467,3.7150402112591525,0.16884544899205864,0.16337343389640346,0.11948686621869273,0.32791692119731214,0.29723326199938854,0.7561919504643962,0.4827428222357972
31302,岩美町,31,10799.0,4.791531247098152,2.3493360572012256,2.4421951898969265,-0.09285913269570063,6.156508682268284,0.837207148810075,2.8261076703191996,0.6392118226600986,0.2554866191314011,5.033682634730539,0.21335308824891194,0.18738916256157634,0.10584313362348366,0.3753125289378646,0.2367075664621677,,
31325,若桜町,31,2864.0,4.530138524897042,1.7970797454137026,2.73305877948334,-0.9359790340696369,5.341119905782797,0.895949720670391,2.628,0.6040609137055838,0.2925977653631285,2.681721947776994,0.2206703910614525,0.2704858593183467,0.06668994413407821,0.4863826815642458,0.31271186440677967,,
31328,智頭町,31,6427.0,4.209495839451787,1.7947462881383585,2.414749551313428,-0.6200032631750694,5.925099470461902,0.9391629064882527,2.714751046998604,0.5620104438642297,0.3099424303718687,3.3743298643960897,0.22545511124941653,0.24804177545691908,0.0966236191068928,0.4358176443130543,0.27640918580375784,,
31329,八頭町,31,15937.0,4.170971074380166,1.859504132231405,2.31146694214876,-0.4519628099173553,5.953842748386314,0.8143314300056472,2.7282296650717703,0.5855611824284537,0.20631235489740854,3.4455310438935642,0.20712806676287884,0.2563891178895301,0.11627031436280354,0.36343100960030117,0.18739416745061147,0.9348659003831418,
31364,三朝町,31,6060.0,3.472702142363511,1.434001382170007,2.0387007601935037,-0.6046993780234969,5.41845465643596,0.8803630363036303,2.636959370904325,0.665016501650165,0.31666666666666665,2.4468770122343853,0.20577557755775577,0.23828382838283824,0.11155115511551156,0.39735973597359736,0.2704770477047705,,
31370,湯梨浜町,31,16055.0,5.690856402984154,2.9101670879832295,2.7806893150009246,0.1294777729823047,6.151257607534101,0.7958268452195578,2.8488783943329397,0.6593459635573791,0.23718467767050763,3.1439925198690974,0.19676113360323888,0.2363943526004586,0.14101526004360013,0.32008720024914356,0.22954585615833187,0.8356890459363958,
31371,琴浦町,31,16365.0,4.377850988342626,1.5268626457171819,2.8509883426254437,-1.3241256969082615,5.743039852092974,0.9400549954170486,2.7454630060493255,0.5590835077925099,0.3654139932783379,3.197478045485251,0.21136571952337305,0.2757618050709467,0.12092881148793157,0.3683470821875955,0.2389149713093375,0.8058925476603119,
31372,北栄町,31,14228.0,4.3108940327033345,2.0386493947759607,2.272244637927373,-0.23359524315141217,5.812287278048963,0.8897244869271859,2.783053691275168,0.5512289780077619,0.2852122575203823,2.767295597484277,0.24416643238684285,0.31552393272962487,0.12601911723362383,0.355636772561147,0.2142713567839196,,
31384,日吉津村,31,3501.0,8.904867256637168,4.563053097345133,4.341814159292035,0.22123893805309736,6.7425265139817245,1.003427592116538,3.310883944678292,0.6861555432984004,0.6800914024564411,2.89234065345474,0.17566409597257926,0.17815774958632102,0.14481576692373607,0.28163381890888317,0.24193548387096775,,
31386,大山町,31,15370.0,4.111997835790613,1.9477884485323955,2.164209387258217,-0.21642093872582172,5.26882805020562,0.8547820429407937,2.7808412866737364,0.5637755102040817,0.2530904359141184,3.6404073510476413,0.2302537410540013,0.3170553935860059,0.1095640858815875,0.4030579050097593,0.21971291866028708,0.9466192170818505,
31389,南部町,31,10323.0,5.119318744430141,2.4952965640162392,2.6240221804139026,-0.12872561639766314,5.902453169451685,0.8572120507604378,2.7759787336877717,0.6108411214953271,0.2879008040298363,3.2024606477293287,0.1948077109367432,0.2319626168224299,0.11421098517872712,0.3757628596338274,0.2194845652789578,,
31390,伯耆町,31,10696.0,5.5495317890586495,2.661409561360276,2.8881222276983736,-0.22671266633809758,5.527415409516237,0.8301234106207929,2.9191361125062785,0.6390565002742732,0.2617801047120419,3.2206689081578483,0.21391174270755423,0.26092521484732123,0.11985789080029918,0.39669035153328347,0.20813857574924388,,
31401,日南町,31,4196.0,4.864165588615783,1.9663648124191462,2.8978007761966365,-0.9314359637774904,4.758090291855404,0.9759294566253575,2.776470588235294,0.504416550441655,0.32983794089609153,2.271694684234439,0.20781696854146806,0.3482101348210135,0.07054337464251668,0.5219256434699714,0.3507002801120448,,
31402,日野町,31,2907.0,5.88235294117647,2.1252371916508537,3.757115749525617,-1.6318785578747628,5.345148666232136,1.0584795321637428,2.66948257655755,0.6068197633959638,0.29858961128310973,2.9054054054054057,0.19263845889232886,0.28601252609603345,0.0629514963880289,0.5060199518403853,0.3504983388704319,,
31403,江府町,31,2672.0,5.566760790641387,2.7833803953206937,2.7833803953206937,0.0,4.782861759154498,0.9666916167664671,2.7997711670480547,0.5633802816901409,0.34468562874251496,2.405498281786942,0.17739520958083832,0.2922535211267606,0.07073353293413173,0.4906437125748503,0.25395152792413067,,
32201,松江市,32,203616.0,5.88534992512081,2.8263677674679513,3.058982157652859,-0.23261439018490787,7.148817330798692,1.0299829090051862,3.3085066371681418,0.7609295644590366,0.47242358164387865,2.8575130566519156,0.14930555555555555,0.17445236751654436,0.1273524673895961,0.2922068992613547,0.36824526245473405,0.6094192634560907,0.5227192362093352
32202,浜田市,32,54592.0,6.534090909090909,2.7853260869565215,3.748764822134387,-0.9634387351778656,6.149064898233947,1.023629835873388,3.0625206748263314,0.7117764030048608,0.45876685228604924,2.7329059063720047,0.1528245896834701,0.18728826042126967,0.10880715123094958,0.35618771981242675,0.39297258721296335,0.6794155565105285,0.17354191090269636
32203,出雲市,32,172775.0,5.256286014379639,2.7378182176907853,2.518467796688853,0.21935042100193236,6.627946691037077,0.9861785559253364,3.18537716719051,0.6356309530519078,0.467405585298799,2.6147952182838075,0.15851830415279988,0.20076649946457759,0.13494429170886993,0.3006453479959485,0.2929404619146252,0.6763990267639902,0.22250325567935175
32204,益田市,32,45003.0,5.24124133438794,2.4124133438794026,2.828827990508538,-0.4164146466291351,6.1133222686064475,1.0062662489167389,3.07988627494704,0.6998589562764457,0.43383774415038995,3.049364146041296,0.1791213919072062,0.20803949224259521,0.11741439459591582,0.3781303468657645,0.3262430204732784,0.7526640493550196,0.23076239361820322
32205,大田市,32,32846.0,5.083399523431295,2.1223193010325656,2.961080222398729,-0.8387609213661636,5.802749701699472,0.9899531145344943,2.8783101654111984,0.6411616161616162,0.37858491140473727,3.048108703635696,0.18580649089691287,0.218939393939394,0.11127686780734336,0.4038239054983864,0.3049037304452467,0.806378132118451,
32206,安来市,32,37062.0,4.169514695830485,1.7344497607655502,2.4350649350649354,-0.7006151742993848,5.934054334705552,0.9743672764556689,2.954607977991747,0.579896772848131,0.4194862662565431,2.7283330797707794,0.16620797582429442,0.2316876075282832,0.11540121957800442,0.3732934002482327,0.2372245663384904,0.8054901960784314,0.19038368139873726
32207,江津市,32,22959.0,6.126780492406376,2.5610791434770306,3.565701348929346,-1.004622205452316,6.009528193384547,0.978483383422623,2.9174891870910504,0.6942392909896603,0.39574894376932795,2.886856733010579,0.17204582081101094,0.17928360413589361,0.10466483731869855,0.3923515832571105,0.3538508186779867,0.7376509330406147,
32209,雲南市,32,36007.0,4.30198106082612,1.8561552315110672,2.4458258293150523,-0.5896705978039853,5.769849644349483,0.9398450301330297,3.068685628538299,0.6003529350703275,0.3832865831643847,2.1532679904524907,0.16916155192045992,0.24009965225515129,0.11222817785430611,0.4005332296497903,0.22677749979824066,0.856560717196414,
32343,奥出雲町,32,11849.0,5.326351900334025,2.3833167825223436,2.9430351178116823,-0.5597183352893382,5.268305554260026,0.9681829690269221,2.73606210303458,0.5306390668638081,0.37277407376149885,2.405002405002405,0.181449911384927,0.2774765894529325,0.09789855684023968,0.4329479280951979,0.286109191430546,,
32386,飯南町,32,4577.0,6.107921928817451,2.5487944890929968,3.5591274397244548,-1.0103329506314582,4.959943010517672,1.0288398514310684,2.7506188118811883,0.5936739659367397,0.42014419925715535,1.870274572224433,0.1802490714441774,0.2814274128142741,0.101157963731702,0.4618745903430194,0.3015963511972634,,
32441,川本町,32,3248.0,10.362173038229376,4.929577464788732,5.432595573440644,-0.5030181086519114,5.266203125446451,1.1351600985221675,2.9061662198391423,0.6879063719115734,0.46120689655172414,2.2250476795931338,0.16163793103448276,0.276332899869961,0.09852216748768473,0.4411945812807882,0.3846704871060172,,
32448,美郷町,32,4355.0,5.106593951412989,2.379771938522558,2.7268220128904312,-0.34705007436787305,4.92465774638715,0.8932261768082663,2.7708474576271187,0.6508816120906801,0.29804822043628015,2.600588812561335,0.17588978185993112,0.23476070528967252,0.11435132032146958,0.47853042479908153,0.3449591280653951,,
32449,邑南町,32,10163.0,4.858983838597233,2.1654167106792013,2.693567127918031,-0.5281504172388296,5.185565167642781,0.9887828397126832,2.8887377584330793,0.6170132325141777,0.3719374200531339,1.9644180874722017,0.19826822788546689,0.31890359168241966,0.1066614188723802,0.4508511266358359,0.31480545730166754,,
32501,津和野町,32,6875.0,7.3748627020241635,3.1696218421465554,4.205240859877608,-1.035619017731053,5.5532330768625835,0.9453090909090909,2.727777777777778,0.6822096822096823,0.30269090909090907,3.052116325942989,0.2032,0.2803682803682803,0.08625454545454546,0.4853818181818182,0.3654345006485084,,
32505,吉賀町,32,6077.0,7.9518937354155454,3.625919942559684,4.32597379285586,-0.7000538502961766,5.450331117806708,1.0121770610498602,2.838425925925926,0.5870431893687708,0.3959190389995063,2.7149321266968327,0.18183314135264111,0.23488372093023258,0.0942899456968899,0.4475892710218858,0.4135364989369242,,
32525,海士町,32,2267.0,16.749660479855137,8.736985061113627,8.012675418741512,0.724309642372114,5.6759424861279735,1.016321129245699,3.0021074815595363,0.7000871839581517,0.3603881782090869,2.382978723404255,0.22496691662990737,0.29468177855274624,0.10763123070136744,0.3992059991177768,0.42924528301886794,,
32526,西ノ島町,32,2788.0,10.30060120240481,5.090180360721443,5.210420841683367,-0.12024048096192384,6.168348975040279,0.9824246771879483,3.191138140747176,0.7008862629246676,0.3450502152080344,2.2382671480144403,0.22525107604017217,0.22525849335302806,0.09074605451936872,0.46233859397417504,0.4478353442157559,,
32527,知夫村,32,634.0,17.247386759581882,8.013937282229964,9.233449477351916,-1.2195121951219512,5.485065108247553,0.9826498422712934,2.875486381322957,0.7114754098360656,0.24290220820189273,1.6129032258064515,0.3028391167192429,0.30491803278688523,0.10883280757097792,0.4479495268138801,0.5294117647058824,,
32528,隠岐の島町,32,13433.0,7.080392758514882,3.2371893218778767,3.8432034366370047,-0.6060141147591286,6.031951601821231,0.9982133551701035,3.3827335578798086,0.736267215450372,0.3627633440035733,2.7405696689761356,0.20494305069604704,0.23033085325312652,0.11449415618253554,0.4146504876051515,0.3649881716796215,,
33101,北区,33,314523.0,10.436848652948015,5.042522382884996,5.394326270063019,-0.35180388717802297,7.435757602356616,1.1627607519958796,,0.7889447236180904,0.6396034630217822,4.389458292060026,,0.1711502815620881,0.12143150103490047,0.2360049980446581,0.49826449373540305,0.46995544239338,0.7181827720071347
33102,中区,33,149232.0,8.307734503565552,4.069528250137137,4.238206253428415,-0.1686780032912781,8.171548353208177,0.8963761123619599,,0.7590307381646848,0.3189530395625603,3.841728274314645,,0.1706229900531,0.14114935134555592,0.25611128980379544,0.3704032036193562,0.5953383458646616,0.8509770022515278
33103,東区,33,93108.0,7.0914674270673395,3.3658697082693574,3.725597718797982,-0.35972801052862474,6.7596619779229,0.9542789019203506,,0.6397310287457251,0.3767989861236414,3.6619843725651697,,0.17942970699694982,0.11699316922283799,0.30740645272157063,0.2934852374839538,0.7239989250201558,0.44362460798212827
33104,南区,33,167828.0,7.414027919645898,3.581764677270295,3.832263242375602,-0.25049856510530666,7.372268372122104,0.9320137283409204,,0.7003544972872698,0.41426341254141147,3.6152103361704735,,0.18830286011969044,0.13469742831946993,0.26611173344138045,0.3165534191123319,0.6469907407407407,0.6625294944824464
33202,倉敷市,33,474592.0,5.080119070238774,2.468385162665991,2.611733907572783,-0.14334874490679164,7.521718509628412,0.9895594531724091,3.6191037456746997,0.6516797617115526,0.4323692771896703,3.429169374876114,0.16556747690647966,0.1706206382999036,0.1232342728069584,0.2645050906884229,0.34467594805508456,0.6445777111444277,0.6435738486953004
33203,津山市,33,99937.0,5.933915605598232,2.743344207092497,3.190571398505735,-0.4472271914132379,6.485721008539082,1.0124678547484915,3.2389894492304716,0.634591609659606,0.44556070324304314,3.098794026036259,0.1632628555990274,0.2210088189235968,0.12456847814122897,0.3056325485055585,0.34524650030432136,0.6860494771741903,0.25217887268979455
33204,玉野市,33,56531.0,5.1210049879918715,2.390541289488269,2.7304636985036024,-0.33992240901533344,7.15020627675298,0.9870159735366436,3.107044107965767,0.6245129152773872,0.41792998531779024,3.6648606811145514,0.18950664237321116,0.19399027839151572,0.09920220763828695,0.3851691992004387,0.31353039134054955,0.8041101880192392,0.28158001804319754
33205,笠岡市,33,46088.0,5.312287076992959,2.5096525096525095,2.8026345673404496,-0.29298205768794,6.302385102730811,0.9971576115257768,3.0385347029729877,0.6161454545454546,0.41134351675056413,5.093870789618995,0.19534369033153967,0.18526060606060601,0.09588179135566742,0.37024822079500086,0.299521895034228,0.7938931297709924,0.20170109356014582
33207,井原市,33,38384.0,4.556858467412053,1.9825470411780746,2.5743114262339786,-0.591764385055904,6.120065578383283,0.9507346811171321,3.1527524132533262,0.5285416777914241,0.381382867861609,3.806246147524142,0.17986661108795332,0.2238479201153415,0.10108378491037932,0.3739839516465194,0.26800054443990745,0.7907473309608541,0.15230304293455607
33208,総社市,33,69030.0,6.364093357271095,3.235906642728905,3.12818671454219,0.10771992818671454,6.777670351703807,0.9258003766478343,3.2344956081980305,0.6246515949210282,0.36791250181080687,3.172604054216145,0.1650441836882515,0.18129451842675748,0.13891061857163553,0.2811531218310879,0.3025567132195374,0.6970816401920946,0.37877734318412287
33209,高梁市,33,29072.0,6.606456571867795,2.6633358954650266,3.943120676402767,-1.27978478093774,5.4982392444192465,1.075570996147496,2.970736629667003,0.5613390928725702,0.45390753990093563,2.601500596031134,0.18364749587231702,0.260475161987041,0.08757567418822235,0.40946615299944966,0.41610842810406606,0.6910016977928692,0.19616813428728674
33210,新見市,33,28079.0,5.2160838891244845,2.0740969196962102,3.141986969428274,-1.0678900497320638,5.609408404623223,0.9813383667509527,3.0541826835072303,0.5855383045411473,0.3823497987820079,3.0733361593895716,0.17817586096370952,0.24950798163131427,0.0953025392642188,0.41333380818405213,0.3300256932754496,0.7648114901256733,
33211,備前市,33,32320.0,5.915758047767394,2.596053997923157,3.319704049844237,-0.7236500519210799,6.516625100044965,1.0560643564356436,2.988283723875871,0.5889238178048292,0.4858910891089109,3.5979108904507062,0.20068069306930694,0.20975185606313962,0.09161509900990099,0.39393564356435645,0.31374590895566795,0.8369565217391305,
33212,瀬戸内市,33,36048.0,6.836283185840708,3.2439159292035398,3.5923672566371683,-0.34845132743362833,6.260531204761648,0.9957556591211718,3.0716046179789855,0.5936233926369562,0.459110075454949,3.85570735011855,0.19834664891256104,0.2013974517057131,0.11293275632490013,0.3445960940967599,0.2616535994297933,0.8210144927536231,
33213,赤磐市,33,42661.0,5.170628383148976,2.475876676865145,2.6947517062838315,-0.21887502941868672,6.320617348094477,0.8761866810435761,3.0540756374422453,0.6083592837680031,0.31701085300391457,3.407435258730084,0.18691544970816437,0.21452899961074345,0.1346663228710063,0.33700569606900915,0.23192734365476045,0.8494161032575291,0.3250744239469304
33214,真庭市,33,42725.0,4.497523174260631,1.9348668399627251,2.562656334297906,-0.6277894943351807,5.501646817347427,0.9827501462843768,3.005660032864707,0.5805330773099254,0.39290813341135167,2.5744955681261414,0.19337624341720305,0.279019796095643,0.11382094792276184,0.3993212404915155,0.26728344211393446,0.8455978975032852,
33215,美作市,33,25939.0,5.629671301133167,2.435104074580085,3.1945672265530822,-0.7594631519729969,5.568484071694472,0.9818420139558194,2.818922305764411,0.5572123435132764,0.392536335248082,3.62714208868055,0.20702417209607155,0.2543656805677378,0.10069779097112457,0.41636146343344,0.3324040516680606,0.825147347740668,
33216,浅口市,33,32772.0,5.125288239815527,2.4719446579554187,2.6533435818601077,-0.1813989239046887,6.78641185861748,0.8993042841450019,3.0656138790035588,0.60359577596578,0.2726412791407299,3.8060948952038065,0.18787379470279508,0.19228712738938647,0.10951421945563286,0.3676003905773221,0.2409657692002224,0.8595918367346939,
33346,和気町,33,13623.0,5.935824722243804,2.7736772589542382,3.1621474632895654,-0.3884702043353275,5.965024268690777,0.9626367173163033,3.0298,0.5668974400257607,0.34720692945753506,3.83960365381638,0.19768039345224986,0.20817903719207853,0.09293107245100198,0.41092270425016514,0.2829222011385199,,
33423,早島町,33,12368.0,7.036397866331974,3.584876058989645,3.451521807342328,0.13335425164731723,7.520760244430282,1.0411545924967658,3.7382574399426316,0.7337938363443146,0.6474773609314359,3.3550154056829853,0.15127749029754203,0.1719801629472193,0.16389068564036222,0.2775711513583441,0.2157731501993797,,0.4066946959896507
33445,里庄町,33,10950.0,5.265092345860516,2.4809335661122853,2.784158779748231,-0.30322521363594596,7.1752468207506555,0.9475799086757991,3.1293521840050644,0.6198509219301687,0.46036529680365296,3.373768006065201,0.16968036529680366,0.16241663397410744,0.13926940639269406,0.3154337899543379,0.24127906976744187,,
33461,矢掛町,33,13414.0,4.991985344630181,2.5570567132279978,2.434928631402183,0.12212808182581482,6.022198931980073,0.9771880125242284,2.8938381588715663,0.5582366589327146,0.41359773371104813,3.6656236030397853,0.19569106903235425,0.22815158546017011,0.10608319666020576,0.38817653198151186,0.2563176895306859,,
33586,新庄村,33,813.0,7.187894073139975,2.5220680958385877,4.665825977301387,-2.1437578814627996,4.8826543320023825,0.8880688806888068,2.811808118081181,0.5753424657534246,0.25953259532595324,2.4498886414253898,0.1906519065190652,0.34931506849315064,0.12177121771217712,0.42558425584255843,0.31419939577039274,,
33606,鏡野町,33,12062.0,5.775151868186736,2.596321877340434,3.1788299908463014,-0.5825081135058666,5.436430859045061,0.9515834853258166,3.181095775826014,0.6084889643463497,0.4316862875145084,3.5058977719528177,0.19822583319515835,0.23582342954159596,0.12311391145746974,0.387497927375228,0.2750108271979212,,
33622,勝央町,33,10888.0,6.4077489056533485,3.054857036416131,3.352891869237217,-0.298034832821086,5.870502636051831,1.1028655400440852,3.0918481922299574,0.5281361002056459,0.5446362968405584,3.4302220617439967,0.17771858927259368,0.23780145821648901,0.14511388684790597,0.3182402645113887,0.26158372150036774,,
33623,奈義町,33,5578.0,11.695376246600182,4.315503173164098,7.379873073436083,-3.0643699002719855,5.619913354595109,0.9937253495876658,2.931063829787234,0.5942895086321381,0.38167802079598423,2.207792207792208,0.19935460738615993,0.2592961487383798,0.13194693438508426,0.35442811043384725,0.2311271975180972,,
33643,西粟倉村,33,1398.0,5.184072126220887,2.9301277235161534,2.2539444027047333,0.67618332081142,5.812486676257091,0.9148783977110158,2.9371069182389937,0.5555555555555556,0.28397711015736765,3.443708609271523,0.22889842632331903,0.3072702331961591,0.12732474964234622,0.3540772532188841,0.35478260869565215,,
33663,久米南町,33,4530.0,5.034965034965035,2.2144522144522143,2.8205128205128207,-0.6060606060606061,5.2559601272782634,0.9666666666666667,2.7930821494749845,0.5310251798561151,0.276158940397351,2.4989039894782987,0.20309050772626933,0.335431654676259,0.08785871964679912,0.44900662251655626,0.29082774049217003,,
33666,美咲町,33,13053.0,4.95294305311852,2.1694050087733294,2.7835380443451907,-0.6141330355718616,5.378934819912433,0.9209377154677085,2.9712030716723548,0.5589767882520132,0.3339462192599402,3.5191956124314445,0.19620010725503714,0.26969840517921995,0.10901708419520417,0.4153068260170076,0.2728360590347028,,
33681,吉備中央町,33,10886.0,6.032368808239333,2.942618930848455,3.089749877390878,-0.14713094654242276,4.9993089033736755,1.0407863310674261,2.8722352328909704,0.4941578285097969,0.43376814256843654,2.846664338106881,0.21642476575417968,0.3309365450296603,0.08837038397942311,0.4160389491089473,0.33655660377358493,,
34101,中区,34,142699.0,14.39220434421088,7.554229697597409,6.83797464661347,0.7162550509839389,9.145882443298355,1.615414263589794,,0.8154758312714984,1.2081374081107785,3.968242469901337,,0.19947498642206263,0.10470991387465925,0.23134009348348622,0.5838628167701101,0.35798708419641767,1.0
34102,東区,34,119353.0,9.408227929182075,4.559779313172031,4.848448616010043,-0.2886693028380121,8.789518678855904,0.8933918711720694,,0.7791536384309267,0.3349392139284308,3.6065349179710244,,0.16342737350767478,0.13430747446649854,0.26662924266671134,0.3624061001849685,0.5711052433044135,0.8757634914916257
34103,南区,34,145805.0,10.440661527160696,5.106938333059955,5.333723194100741,-0.2267848610407856,8.74243076865826,1.119947875587257,,0.7633880176338802,0.6770755461061007,3.2675260758927323,,0.157360699573607,0.1276842357943829,0.23776962381262645,0.4736849400512856,0.48490004253509145,0.9923459414972051
34104,西区,34,190232.0,10.602004337503178,5.177962022509586,5.424042314993591,-0.24608029248400476,8.775004984551098,0.9828735438832583,,0.7726583052253551,0.5023813028302283,3.6262071577352777,,0.16646472585169902,0.12216136086462845,0.2262500525673914,0.4592003242217079,0.4534710391822828,0.9399207283737752
34105,安佐南区,34,247020.0,9.30639791680401,4.360867558837102,4.9455303579669065,-0.5846627991298042,8.548109079575136,0.8759452675896688,,0.7531999058979341,0.3072058942595741,3.1321742066171505,,0.15128649722486032,0.15797101449275364,0.21032305076512023,0.35225089470710114,0.5192878338278932,0.8506841551291393
34106,安佐北区,34,138979.0,5.815934769095763,2.810340414640389,3.005594354455373,-0.1952539398149841,7.389360058766122,0.8967038185625167,,0.6733071499550466,0.32612840788896164,3.7060101155849874,,0.17725831637722989,0.11520445534936932,0.3445988242828053,0.27698895650214106,0.7455559428372255,0.60710610955612
34107,安芸区,34,77103.0,9.051964984168375,4.037729824654765,5.0142351595136105,-0.9765053348588457,7.963749591446731,0.8386573803872742,,0.6794196668457818,0.2907928355576307,3.8640355408616593,,0.12813003761418595,0.1370244996952129,0.2681867112823107,0.28743353815785283,0.7118243243243243,0.8076728531963737
34108,佐伯区,34,139563.0,7.480464413359404,3.755989600120329,3.724474813239075,0.03151478688125372,7.968218905343376,0.8675150290549788,,0.7412244897959184,0.30674319124696375,3.3580923177684165,,0.1680862533692722,0.14232998717425105,0.2709529029900475,0.30961616986525115,0.6712726032070966,0.7995815509841434
34202,呉市,34,214592.0,6.198507269854205,2.6714105405432265,3.5270967293109785,-0.8556861887677523,7.28905892890008,0.9883080450342976,3.484833571939871,0.6755087971705183,0.39950231136295855,3.6762936800469643,0.15703288100208768,0.1676208174724495,0.10735255741127349,0.3527904115717268,0.3528437854876198,0.7024972855591748,0.6649921711899791
34203,竹原市,34,23993.0,6.330629073015029,2.9525202819523875,3.3781087910626417,-0.42558850911025403,6.514858577393916,0.9808694202475722,3.095991448423303,0.6444941307993293,0.4121618805484933,4.263289332857653,0.19338973867377984,0.20653996646171047,0.0886091776768224,0.4202058933855708,0.3422213876631302,0.7442827442827443,0.25357395907139585
34204,三原市,34,90573.0,5.489520528280218,2.55297157622739,2.9365489520528283,-0.3835773758254378,6.371971290446598,0.9995031631943294,3.234195055166304,0.620192194177508,0.42860455102513995,3.2373771989947455,0.18244951586013491,0.19153306731518427,0.11524405727976328,0.35531560177977983,0.33828243198194735,0.7307280513918629,0.4933589480308701
34205,尾道市,34,131170.0,5.514415013133327,2.4731795309978164,3.0412354821355105,-0.5680559511376942,6.8401101680013,1.0096973393306397,3.343589161368453,0.6168777599844713,0.4532286345963254,3.4212869663026666,0.1894793016695891,0.21636660681645392,0.10911793855302279,0.36320042692688875,0.3468864915735722,0.7475512844206247,0.3668598002592056
34207,福山市,34,460930.0,5.030679430716352,2.1928320894538356,2.8378473412625156,-0.6450152518086799,7.498601312755657,0.997800099798234,3.448231676063557,0.6431507495050438,0.46272752912589765,3.5095699002983776,0.17028833011520186,0.18777222588856413,0.13159264964311285,0.28673985203827046,0.3361868833430064,0.6631485910367059,0.574124053543922
34208,府中市,34,37655.0,5.719982908417604,2.056687081612306,3.663295826805298,-1.6066087451929925,6.7145604611876974,1.043765768158279,3.0699564397633443,0.5711045588568836,0.4981011817819679,4.209440008690457,0.1693798964280972,0.21331367657065092,0.10415615456114725,0.38164918337538173,0.2869629036562583,0.7698412698412699,0.494701898818218
34209,三次市,34,50681.0,5.751085504342018,2.699148296593186,3.051937207748831,-0.3527889111556446,5.595748005187502,1.0122728438665378,3.0469716281924186,0.634416365824308,0.44839288885381107,2.5677101653183256,0.17164223278940827,0.2559967910148415,0.11734180462106114,0.3637852449635958,0.3480650009393199,0.715211970074813,0.17349697125155383
34210,庄原市,34,33633.0,4.852875184306686,2.0706455542021924,2.782229630104494,-0.7115840759023014,5.181410177254793,1.0132013201320131,2.906517393042783,0.5931473727664092,0.42803199238842804,2.338305592351552,0.1791990009811792,0.29445066934009556,0.10222103291410223,0.4334730770374335,0.34352924040492316,0.7490465293668955,
34211,大竹市,34,26319.0,7.1470831854218435,3.4039364177809333,3.7431467676409107,-0.3392103498599771,7.176829187011933,1.050571830236711,3.3393361581920904,0.6198018124841196,0.49173600820699875,4.427715719604986,0.18575933736084196,0.14618446684170405,0.10862874729283027,0.3573843991033094,0.35096818810511754,0.657243816254417,0.8309966184125537
34212,東広島市,34,196608.0,8.010015137943858,3.907579971819329,4.102435166124529,-0.1948551943051998,6.722976687291063,0.997100830078125,3.6727166344859867,0.6290908314107494,0.4747772216796875,2.967239109931908,0.15143330891927084,0.1568828505511407,0.13597615559895834,0.23262532552083334,0.43005734097879716,0.5871678548282566,0.3431396484375
34213,廿日市市,34,114173.0,6.0874310313466315,3.0982841205359852,2.9891469108106468,0.10913720972533802,7.448418560515848,0.9128340325646168,3.438748361224647,0.715519121710048,0.38968933110280013,3.0862457722660652,0.18089215488775806,0.1676784935291552,0.1307401925148678,0.30621950899074213,0.2882318427559616,0.7357434904239294,0.7110087323622923
34214,安芸高田市,34,26448.0,5.740946968242387,2.6611881264160364,3.079758841826351,-0.4185707154103145,5.475660411135561,1.044615849969752,2.9127349797272393,0.5548079830662231,0.49909255898366606,2.3403469915097825,0.18481548699334543,0.2701088599939522,0.09910012099213551,0.42014519056261346,0.3332122093023256,0.8400383141762452,
34215,江田島市,34,21930.0,12.141130981150313,5.9835669405509915,6.157564040599324,-0.17399710004833252,6.201470876640505,0.9636570907432741,3.0725806451612905,0.6864164602781482,0.31454628362973097,3.2888070013818513,0.22421340629274966,0.20051438369213181,0.07555859553123576,0.4364797081623347,0.39197776012708496,0.7922077922077922,
34302,府中町,34,51155.0,8.230594922610132,3.585282482620886,4.645312439989246,-1.0600299573683605,9.062591305303407,1.0275632880461343,3.83493726397856,0.7104918423246398,0.49508356954354416,3.2975047984644914,0.1507965985729645,0.1552141637886547,0.14700420291271626,0.2457237806666015,0.30382032877981013,0.6204545454545455,0.994878311015541
34304,海田町,34,29636.0,9.814995131450829,4.826355079519637,4.988640051931191,-0.16228497241155468,8.324053945803593,0.988122553650965,3.5758072223359956,0.6845428056056612,0.42444999325145094,4.028230907517145,0.14428397894452694,0.11634521992507285,0.14816439465514913,0.23825752463220407,0.3328417294108515,0.531784005468216,0.93575381293022
34307,熊野町,34,22834.0,6.189563365282215,3.373801916932907,2.8157614483493076,0.5580404685835996,7.519116236595221,0.7935096785495314,3.2374862623638725,0.6311367069486404,0.2614522203731278,3.7003363942176564,0.170359989489358,0.1637084592145015,0.12639047035123063,0.3563107646492073,0.2508233294380113,0.8205666316894019,
34309,坂町,34,12582.0,9.985597695631302,4.280684909585534,5.704912786045767,-1.4242278764602336,7.37823589368886,1.1390875854395168,3.450969425801641,0.7149397998982534,0.6070577014783023,3.7381651975187724,0.16054681290732792,0.12514838053247412,0.14512796057860436,0.2953425528532825,0.29672852496651997,,0.736210459386425
34368,安芸太田町,34,5740.0,6.949878889509968,2.9811812930873858,3.968697596422582,-0.9875163033351966,4.957623094597654,1.0378048780487805,2.9021526418786694,0.662528216704289,0.393205574912892,2.0994475138121547,0.2097560975609756,0.2866817155756207,0.08118466898954704,0.5210801393728223,0.3694218083042297,,
34369,北広島町,34,17763.0,5.916356986963959,2.878546569928626,3.037810417035333,-0.15926384710670677,5.083029847951534,1.1096661599954962,3.661877667140825,0.5216120275631656,0.5755784495862185,2.0053202373644363,0.18769352023869842,0.2660263102944247,0.10161571806564207,0.3894049428587513,0.3743455497382199,0.8316546762589928,
34431,大崎上島町,34,7158.0,10.945567192801297,5.738309485174804,5.207257707626494,0.531051777548311,5.554553478132679,1.0873148924280525,3.045859872611465,0.6135786802030457,0.44789047219893824,1.9900497512437811,0.189158982956133,0.28870558375634514,0.07725621682034088,0.46172115115954177,0.45513007892429114,,
34462,世羅町,34,15125.0,7.087264963151732,2.8376609959363592,4.249603967215373,-1.4119429712790137,5.173368150218015,0.9617851239669422,2.920497105890364,0.5400325773712568,0.41229752066115705,2.682599682965492,0.20251239669421486,0.29357223405588273,0.10314049586776859,0.41930578512396693,0.28562016142315927,0.8080133555926544,
34545,神石高原町,34,8250.0,5.0115355037169955,2.0507562163547806,2.960779287362215,-0.9100230710074341,4.752054401338464,0.9802424242424242,2.774643099932019,0.5166628361296254,0.38206060606060605,2.5095227425498545,0.20472727272727273,0.3525626292806251,0.0856969696969697,0.49187878787878786,0.31265060240963854,,
35201,下関市,35,255051.0,5.03118041918972,2.255753383013861,2.7754270361758593,-0.5196736531619985,6.956486633113855,0.9861831555257576,3.2799820536828963,0.7025115825408437,0.4191161767646471,3.602866081994586,0.18458661208934685,0.18965096822473915,0.11038968676852864,0.35414877808751977,0.3745163384548799,0.637960390716014,0.6572371800149774
35202,宇部市,35,162570.0,5.529986320459224,2.551809662613943,2.9781766578452804,-0.4263669952313377,7.076841321488617,0.9980869779172049,3.625809863810657,0.6891687255917749,0.4298702097557975,3.5279041455757034,0.16837054807159993,0.16985467973752022,0.11487974411022944,0.3322138155871317,0.3714147621349168,0.6415121668597914,0.5469889893584302
35203,山口市,35,193966.0,7.493198266498909,3.688528997429859,3.80466926906905,-0.11614027163919088,6.656580632961944,1.0135487662786262,3.431734142410164,0.7756923110324688,0.4646020436571358,3.550413569259763,0.1603734675149253,0.15705771882022168,0.12458884546776239,0.28960230143427196,0.395127679661056,0.5921128052275594,0.510331707618861
35204,萩市,35,44626.0,5.507121070201984,2.3776929173571584,3.1294281528448256,-0.7517352354876672,5.826989033440575,0.989983417738538,2.9360124387035045,0.6841014779685989,0.3999686281539909,3.169861792242532,0.21608479361807018,0.2651595377319398,0.08761708421099808,0.43949715412539775,0.3689181876322133,0.7348717948717949,0.3924617935732533
35206,防府市,35,113979.0,8.593473803294916,4.431520893728346,4.16195290956657,0.26956798416177613,7.12317729036868,0.9868572280858755,3.3155285277142967,0.6415995280323002,0.4250607568060783,3.3636800940690192,0.16489002360083876,0.15440349551077603,0.12860263732792884,0.3073899577992437,0.3408447235562123,0.685017860895146,0.6513568288895323
35207,下松市,35,55887.0,7.634585165174709,3.8526051874216503,3.781979977753059,0.0706252096685912,7.358741436099834,1.006405783098037,3.698889844421859,0.6372041420118343,0.4498004902750192,3.57397575085189,0.15758584286148836,0.13810815253122943,0.13919158301572818,0.29561436470019864,0.34155728407065306,0.672859450726979,0.6623186071895074
35208,岩国市,35,129125.0,6.161293430094406,2.756727249373836,3.4045661807205705,-0.6478389313467343,6.68174266247607,0.9878567279767667,3.353055304052181,0.6700965729424836,0.39340948693126815,3.201522170747849,0.18767860600193612,0.18193316810529014,0.11225556631171346,0.3571268151016457,0.3578823447941553,0.7025237157687488,0.4816727976766699
35210,光市,35,49798.0,5.619077371654691,2.6012704363219825,3.0178069353327084,-0.41653649901072576,7.048964108792706,0.9542953532270372,3.549024296919839,0.631728174875383,0.35806658901963934,3.239081375282092,0.17504719065022692,0.16344263044770657,0.11450259046548054,0.35812683240290777,0.31353675061912994,0.7360717658168083,0.5032531426964938
35211,長門市,35,32519.0,5.035256728572848,2.3405170986857353,2.6947396298871125,-0.35422253120137714,5.905109412131137,0.9814877456256342,3.0296320684830027,0.6600978958743882,0.385220947753621,3.36630014128632,0.21052307881546173,0.23781069226368312,0.09345305821212214,0.4402964420800148,0.34593827598439164,0.7835497835497836,
35212,柳井市,35,30799.0,6.359251530804228,3.1813361611876987,3.177915369616529,0.0034207915711695685,6.26518563124906,1.033215364135199,3.2271319775713447,0.70033719395983,0.4513782915029709,3.888967169226434,0.20464950160719503,0.2103064066852368,0.10523068930809441,0.38975291405565116,0.3682923320385556,0.7362385321100917,0.326406701516283
35213,美祢市,35,23247.0,6.056115864442426,2.710195497347163,3.3459203670952635,-0.6357248697481,5.333915792774928,1.0381124446165098,2.898345421577516,0.6131625441696114,0.430163031789048,3.346994535519126,0.1914225491461264,0.223321554770318,0.08444100314019014,0.4257753688647998,0.30214674783723167,0.8180839612486545,
35215,周南市,35,137540.0,6.1388078644430095,2.9384041029294976,3.2004037615135124,-0.2619996585840143,6.84915993250342,1.0380907372400756,3.6479524438573314,0.6350313239817693,0.496524647375309,3.1808897135639995,0.17255343899956377,0.1719195400447715,0.11264359459066453,0.3252435655082158,0.38537611949745243,0.6724329471512458,0.6250908826523194
35216,山陽小野田市,35,60326.0,6.487064938594554,3.198518795332167,3.288546143262387,-0.09002734793022031,6.742728142695235,0.9737260882538209,3.2238876061519197,0.6394862173473805,0.42150979677087824,4.04708326120824,0.1755793521864536,0.14471785250396885,0.1216225176540795,0.3390080562278288,0.3367115820185036,0.686608557844691,0.2668832675794848
35305,周防大島町,35,14798.0,5.798921474477358,3.0804461845312847,2.718475289946074,0.3619708945852109,5.3904160578077285,1.023786998243006,3.4539122358950545,0.6239723775073989,0.2662521962427355,3.276081424936387,0.25989998648466006,0.3752055244985202,0.0631166373834302,0.5454115421002839,0.4135569531795947,,
35321,和木町,35,6034.0,13.292361720807728,2.9148375768217734,10.377524143985953,-7.462686567164178,7.210016653687034,0.909181305933046,3.341028756581612,0.6200223297357648,0.5280079549221081,4.035714285714286,0.16340735830294995,0.11648678823967251,0.16738481935697713,0.27278753728869737,0.29223928860145515,,
35341,上関町,35,2342.0,5.342465753424658,2.191780821917808,3.1506849315068495,-0.9589041095890412,5.234633181216381,0.9543125533731853,3.110077519379845,0.6628462273161414,0.3885567890691716,2.6951672862453533,0.2775405636208369,0.3400191021967526,0.0627668659265585,0.5640478223740393,0.4568,,
35343,田布施町,35,14483.0,5.601083161120217,2.308843440461769,3.292239720658448,-0.9833962801966794,6.3808339685304585,0.8848304909203895,3.257665677546983,0.6277827248441674,0.2841262169440033,3.0643072939145446,0.19505627287164262,0.17928168596022553,0.10757439756956431,0.36111302906856313,0.2842442645074224,,
35344,平生町,35,11914.0,6.224413844436174,2.9121697059918126,3.312244138444362,-0.4000744324525493,6.464460730830578,0.906244754070841,3.008068130883012,0.6708910118931566,0.33003189524928656,3.951310861423221,0.18532818532818532,0.19263014232793918,0.09090146046667785,0.4312573443008226,0.2987388877403349,,
35502,阿武町,35,3055.0,4.719864176570458,2.173174872665535,2.5466893039049237,-0.37351443123938877,5.128070599710374,0.9417348608837971,2.5892323030907276,0.5562870309414089,0.3486088379705401,2.939297124600639,0.27823240589198034,0.31336405529953915,0.08576104746317512,0.4978723404255319,0.34705882352941175,,
36201,徳島市,36,252391.0,5.714985908589633,2.7606910917779683,2.9542948168116654,-0.19360372503369686,7.489407645959381,1.0707869931970633,3.7972726246047284,0.7466734677724327,0.5119952771691542,4.021237264815862,0.16487117210994054,0.2164246704248639,0.10409245971528304,0.28056071729974524,0.44806589056261953,0.5351651121754475,0.7061503777868466
36202,鳴門市,36,54622.0,5.507137490608565,2.4737039819684448,3.0334335086401203,-0.5597295266716754,6.738739976272365,0.9705246970085314,3.6992358819008,0.6466552315608919,0.4132400864120684,4.2107676435749495,0.2147852513639193,0.23977821213450878,0.1023763318809271,0.3500604152173117,0.3120146389359993,0.7395264116575592,0.3493647248361466
36203,小松島市,36,36149.0,6.062882903710554,2.45347358686857,3.6094093168419836,-1.1559357299734134,6.836984318057779,0.9581177902569918,3.1671656007620084,0.6621131528046421,0.3935655204846607,4.788213627992634,0.1855929624609256,0.21615087040618952,0.1018838695399596,0.34656560347450827,0.3172669491525424,0.7557666214382632,0.4064842734238845
36204,阿南市,36,69470.0,4.771436140464487,2.1252170841550644,2.646219056309422,-0.521001972154358,6.283734643940077,1.0183100618972218,3.4785297508822195,0.6056173015420664,0.4294227724197495,4.6611320754716985,0.17643587159925148,0.20768816693581582,0.11934648049517778,0.33296386929609906,0.2932987430575855,0.7765053564831917,0.07381603569886282
36205,吉野川市,36,38772.0,4.768624527397625,2.10607593588583,2.6625485915117952,-0.5564726556259652,6.444467122443977,0.9272413081605282,2.956025398540935,0.6617979481829247,0.3553853296193129,4.219175040248709,0.1901887960383782,0.24378368979307952,0.10048488600020633,0.3782626637779841,0.2854182854182854,0.7870879120879121,0.15820695347157743
36206,阿波市,36,34713.0,4.826254826254826,1.9129519129519128,2.9133029133029136,-1.0003510003510003,5.9476429938864825,0.9068936709590067,2.9706649798371156,0.5532224784561233,0.2942701581540057,5.140751827758908,0.21859245815688647,0.3127806772666586,0.10171981678333765,0.3803186126235128,0.24536145969666642,0.8755292125317528,
36207,美馬市,36,28055.0,4.706061529089248,2.105543710021322,2.600517819067926,-0.4949741090466037,5.900457125267314,0.9847086080912494,2.9647417571945875,0.5902711323763955,0.3425057921939048,3.804848112918073,0.17993227588665123,0.2700159489633174,0.09862769559793264,0.3904116913206202,0.3076716977761901,0.8157653528872594,
36208,三好市,36,23605.0,4.539932508436446,1.876265466816648,2.6636670416197976,-0.7874015748031495,5.59780363717182,1.0426180893878416,2.895916451537198,0.661978523234819,0.38034314763821225,3.573719417208834,0.19284049989409024,0.2418511831226836,0.08307561957212455,0.46041092988773563,0.3516932658622032,0.8092672413793104,
36301,勝浦町,36,4837.0,3.916849015317286,1.663019693654267,2.25382932166302,-0.5908096280087528,5.366542642343071,0.968989042795121,2.938541068351522,0.5078651685393258,0.35269795327682446,2.126099706744868,0.21190820756667356,0.4187265917602996,0.08951829646475087,0.4399421128798842,0.2722826086956522,,
36302,上勝町,36,1380.0,6.507105459985041,2.543006731488407,3.9640987284966345,-1.4210919970082274,4.686663220239274,1.0405797101449274,2.708715596330275,0.484984984984985,0.28043478260869564,2.0588235294117645,0.2217391304347826,0.47447447447447444,0.07028985507246377,0.5594202898550724,0.4188976377952756,,
36321,佐那河内村,36,2058.0,3.323836657169991,1.6619183285849954,1.6619183285849954,0.0,5.050030949664772,0.847910592808552,2.7973509933774836,0.41883116883116883,0.21428571428571427,2.9921259842519685,0.24927113702623907,0.5056818181818181,0.07920310981535471,0.47910592808551994,0.21326397919375814,,
36341,石井町,36,24833.0,5.332356413074449,2.605120690356983,2.7272357227174666,-0.12211503236048357,6.873048671512864,0.8602665807594733,3.2699831198490714,0.6895456550507278,0.33117223049973826,4.305614183199662,0.18568034470261346,0.21235112483458318,0.12261909555832964,0.33016550557725605,0.2561560934891486,0.7764830508474576,
36342,神山町,36,4647.0,6.034667237320779,3.3169270276053924,2.717740209715386,0.5991868178900064,5.24204402494709,0.960619754680439,2.705642420122366,0.520017406440383,0.2907251990531526,3.7688442211055273,0.2519905315257155,0.43733681462140994,0.059608349472778134,0.5433613083709921,0.3432687531048187,,
36368,那賀町,36,7367.0,5.141643059490085,2.082152974504249,3.059490084985836,-0.9773371104815863,5.276698531965635,1.0309488258449844,3.0222830336200155,0.5238788584740827,0.3597122302158273,3.1311706629055003,0.19899552056468034,0.30168899242865466,0.07587891950590471,0.5168996877969323,0.32525188916876574,,
36383,牟岐町,36,3743.0,5.257009345794392,1.9275700934579438,3.3294392523364484,-1.4018691588785046,6.187721924386876,0.9965268501202245,2.813856427378965,0.6652386780905752,0.2938819129040876,4.051673517322373,0.23323537269569863,0.3200734394124847,0.061982367085225754,0.5386053967405824,0.352803738317757,,
36387,美波町,36,6222.0,4.517597618630713,1.751006828926633,2.76659078970408,-1.0155839607774468,5.962633150448959,0.985856637737062,2.822881761608425,0.6419280795715379,0.29042108646737386,4.3541895353091835,0.2152041144326583,0.3251721499617445,0.07746705239472838,0.49357119897139184,0.34071294559099435,,
36388,海陽町,36,8358.0,4.842053909013294,2.1831930723258934,2.658860836687401,-0.47566776436150754,5.6685178896621355,0.9910265613783201,2.7895470383275263,0.6005523474767763,0.354989231873654,3.0664395229982966,0.2514955731036133,0.28973135827265883,0.0745393634840871,0.4633883704235463,0.38403990024937656,,
36401,松茂町,36,14583.0,9.891334633602675,4.6322095291167455,5.259125104485929,-0.6269155753691836,6.9273522084477035,1.0590413495165605,3.3729298404095154,0.6522400442477876,0.6216142083247617,3.9957520244258595,0.1857642460399095,0.18860619469026552,0.12884865939792908,0.26853185215662073,0.31914163090128755,,
36402,北島町,36,22745.0,7.816062832531036,3.9397010387636175,3.876361793767418,0.06333924499619964,7.86419043033666,0.8951417894042647,3.5451081261312756,0.6802135031369978,0.40786986150802373,3.2173282581112925,0.1607825895801275,0.16443487217904296,0.14992306001318972,0.25495713343591997,0.2983094371923818,0.6639175257731958,0.586018905253902
36403,藍住町,36,35246.0,7.276330690826727,3.6013590033975085,3.674971687429219,-0.07361268403171008,7.680784405393369,0.8653464222890541,3.3557911166027186,0.6811687063497148,0.33342790671281847,4.8701694502011454,0.16864325029790614,0.1723585570577305,0.14713726380298472,0.255149520512966,0.27916816063105054,0.6858529819694869,0.15170515803211712
36404,板野町,36,13042.0,6.002185451139557,3.0752419606618795,2.926943490477677,0.1482984701842023,6.498871189664778,0.9934059193375249,3.088351822503962,0.64629750982962,0.3829167305627971,5.334987593052109,0.21453764760006133,0.23918741808650068,0.10734549915657107,0.3354546848642846,0.28100158982511925,,
36405,上板町,36,11384.0,5.350089766606822,2.576301615798923,2.7737881508078996,-0.19748653500897667,6.229564791237571,0.874648629655657,3.0390163159139276,0.6018984889577683,0.2813598032326072,3.8017144986954903,0.21670765987350668,0.27024409143742734,0.1055867884750527,0.35488404778636684,0.2381852551984877,,
36468,つるぎ町,36,7715.0,3.963744588744589,1.6774891774891776,2.286255411255411,-0.6087662337662338,5.5651764876940275,1.0469215813350616,2.8703007518796992,0.6244910742248669,0.36305897602073883,6.909620991253644,0.2102397926117952,0.25180081428124024,0.07556707712248865,0.4661049902786779,0.33852941176470586,,
36489,東みよし町,36,13622.0,5.248012116622491,2.5066262779250286,2.741385838697463,-0.2347595607724347,6.278412782291929,0.8586110703274116,2.916877028489001,0.6495257854179016,0.3208045808251358,3.6825578075934917,0.18271913081779476,0.24407231772377003,0.11488768169138158,0.36477756570254,0.2729562185199535,,
37201,高松市,37,417496.0,6.094909735191304,2.9727529569506297,3.122156778240674,-0.14940382129004454,7.489705063361443,1.028862551976546,3.6562465422855426,0.7567340590979782,0.4995496962845153,3.441371542985859,0.16357042941728783,0.18105235873509595,0.1245952057025696,0.27609845363787916,0.38039691360663447,0.619862098455289,0.511499511372564
37202,丸亀市,37,109513.0,6.5133615515825385,3.3022571591021905,3.2111043924803484,0.09115276662184237,7.200255064516914,0.9462346935980204,3.3046539549459717,0.6448052971779915,0.387789577493083,3.601823708206687,0.17750404061618255,0.18047453886173737,0.1339293051966433,0.2870435473414115,0.32452813644036216,0.705620973117085,0.34317386976888586
37203,坂出市,37,50624.0,6.128088754412507,2.7332324760463944,3.394856278366112,-0.6616238023197176,6.638896541050322,1.1335532553729457,3.330105434635051,0.6595783023968282,0.562677781289507,3.5753073547938654,0.17088732616940583,0.19075509100738874,0.11030341340075854,0.35894042351453853,0.33130570094780026,0.718213058419244,0.43297645385587863
37204,善通寺市,37,31631.0,9.153256833160484,4.329062259543006,4.8241945736174765,-0.49513231407447056,6.932432084419772,1.0066390566216685,3.0721009997810698,0.6977466464019031,0.3865195536024786,4.245760566945077,0.16999146407005786,0.17385845503204922,0.1222218709493851,0.30558629192880404,0.3635877454350982,0.66327329678935,0.2723593942651197
37205,観音寺市,37,57438.0,4.962651478859495,2.283493905360089,2.6791575734994058,-0.3956636681393162,6.655748556220252,1.0193774156481772,3.1564047276792846,0.5441504738902917,0.45691005954246317,2.9443102713453615,0.18921271632020614,0.2493138654078384,0.11645600473554094,0.3383300254187124,0.2956946991529124,0.7748433303491495,0.14453845885998817
37206,さぬき市,37,47003.0,4.7781185171822855,2.1286191034544966,2.649499413727789,-0.5208803102732931,6.425392957488044,0.9418334999893624,3.004948124501197,0.6511530398322851,0.3592323894219518,4.447115384615385,0.18469033891453737,0.208059631959003,0.09714273557007,0.3695296044933302,0.30639504899432696,0.7804621848739496,0.11939663425738782
37207,東かがわ市,37,28279.0,4.131173911453954,1.9522538661207183,2.178920045333236,-0.2266661792125178,6.353777903828494,0.9776866225821281,3.5980038813418354,0.5529661016949152,0.3994483539021889,3.6453776611256927,0.20318964602708725,0.2500756658595642,0.08723787969871637,0.42398953286891333,0.2882140153108438,0.870304114490161,
37208,三豊市,37,61857.0,4.616402116402116,2.060185185185185,2.556216931216931,-0.496031746031746,6.059993321999099,0.9454548393876199,3.121280223186609,0.5515708556149732,0.3951371712174855,3.3654156708222986,0.18767479832516934,0.23723262032085557,0.11256607982928367,0.3649223208367687,0.2501519756838906,0.8585279858968708,
37322,土庄町,37,12846.0,5.57170542635659,2.285206718346253,3.286498708010336,-1.0012919896640826,6.139716420634867,0.9540713062431886,2.9302781041911476,0.6739376312813056,0.4052623384711194,3.0848731600375823,0.22575120660127665,0.251898529649378,0.09512688774715865,0.43032850692822666,0.33310092382778456,,
37324,小豆島町,37,13870.0,5.713410431186337,2.6039672206479283,3.1094432105384087,-0.5054759898904801,6.264498362793645,1.0335976928622927,2.923961424332344,0.6285490196078432,0.39783705839942324,3.5552193645990924,0.21304974765681325,0.2367058823529412,0.08925739005046864,0.44102379235760636,0.3460974417467818,,
37341,三木町,37,26878.0,5.450757152956059,2.7384008631915764,2.712356289764483,0.0260445734270938,6.545552076830864,0.9121586427561574,3.1765528085961385,0.6801948051948052,0.3249497730485899,3.599374021909233,0.18807202916883697,0.20145330859616573,0.12802291837190266,0.3141974849319146,0.28032394625437146,0.7784867821330902,
37364,直島町,37,3103.0,12.361878453038674,5.662983425414365,6.698895027624309,-1.0359116022099446,6.540501618021486,1.1511440541411537,3.7610241820768135,0.536178107606679,0.7557202707057686,1.761846901579587,0.15565581695133743,0.18491032776747063,0.10054785691266516,0.3309700290041895,0.4781491002570694,,
37386,宇多津町,37,18699.0,12.007648183556405,5.5667850314121825,6.440863152144223,-0.8740781207320404,7.860756374180102,0.9562008663564896,3.596974985456661,0.6641247056184816,0.5281565859136852,3.2128514056224895,0.14540884539280174,0.1410788381742739,0.14198620247072036,0.21198994598641638,0.42444393487732174,0.46256983240223465,0.6643670784533933
37387,綾川町,37,22693.0,5.570592857766524,2.6717890509036937,2.898803806862831,-0.22701475595913734,5.960443209717699,0.9546996871281893,3.0027267218743687,0.6507775835097083,0.4474066892874455,3.498801172187195,0.19107213678226767,0.2176313610011963,0.11536597188560349,0.36081611069492797,0.24318207536494285,0.9313154831199069,
37403,琴平町,37,8468.0,6.191646191646192,2.8132678132678133,3.3783783783783785,-0.5651105651105651,7.1908815348980575,1.0115729806329712,3.015943312666076,0.6790990554613708,0.43304204062352386,3.999069983724715,0.18422295701464336,0.266650520707193,0.09116674539442607,0.4098960793575815,0.35751295336787564,,
37404,多度津町,37,22445.0,6.927061843854582,2.7598221244212167,4.167239719433366,-1.4074175950121488,7.079132268545666,0.9606593896190688,3.100104712041885,0.5694082620022329,0.4176431276453553,3.7176386276090656,0.1752283359322789,0.17212504652028282,0.11441300957897081,0.32274448652261084,0.36040192761201684,0.7675606641123882,0.3069725996881265
37406,まんのう町,37,17401.0,4.8901612526291185,2.4655293292825426,2.4246319233465763,0.04089740593596635,5.652425967508846,0.8886845583587151,2.9763600113927655,0.5821298579311964,0.35561174645135335,2.7073337902673065,0.1955060054019884,0.24950099800399206,0.12131486696166886,0.38170220102292973,0.25118846802637634,0.9165329052969502,
38201,松山市,38,511192.0,5.63316192370728,2.7521513451695907,2.8810105785376896,-0.12885923336809849,7.659952592632032,1.0116844551557926,3.5282377757203807,0.7694562214566515,0.43164212272492525,4.084057425192119,0.17937878527050502,0.18700596927017843,0.12065916524515251,0.2730363542465453,0.42584761604094146,0.5534431945539828,0.8363589414544829
38202,今治市,38,151672.0,5.025659774410637,2.2470921179130956,2.7785676564975423,-0.5314755385844471,6.650188132840643,1.009415053536579,3.3792488441758586,0.6165205221216189,0.44207236668600663,3.929424032050051,0.20451368743077167,0.22955642512353258,0.11147080542222691,0.35587979323804,0.36084954090762417,0.7021699266503667,0.39286091038556886
38203,宇和島市,38,70809.0,5.070094504411698,2.1573281975485585,2.9127663068631406,-0.7554381093145818,6.251343518232102,1.0145179285119124,3.320678328622718,0.6646521137771363,0.3749240915702806,4.8466468299382015,0.2505190018218023,0.3133682121594804,0.10173847957180585,0.39815560168905084,0.3592294935578518,0.7122770919067215,0.42216384922820543
38204,八幡浜市,38,31987.0,6.512542056697425,2.9148206136113792,3.597721443086045,-0.682900829474666,6.241123423446569,1.0187888829837122,3.1578725910965244,0.5896470287866216,0.3699940600869103,2.5502270324065437,0.25097695938975206,0.34377991957617926,0.09550754994216401,0.4093537999812424,0.35748086290883785,0.7133233532934131,0.3434207646856535
38205,新居浜市,38,115938.0,5.372414037826904,2.4848302047478796,2.887583833079025,-0.4027536283311451,7.508983846807593,1.0186392727147269,3.4632714028482567,0.6352726862980769,0.45897807448808847,3.2628442700385145,0.1642774586416878,0.16832557091346156,0.12252238265279719,0.32193931239110557,0.3533251255593989,0.685199841709537,0.7270265141713674
38206,西条市,38,104791.0,5.170529817334377,2.409755059808728,2.76077475752565,-0.3510196977169215,6.489687531941065,0.9701978223320705,3.2175596704921494,0.5957628150493121,0.39875561832600126,3.738865447726207,0.1957706291570841,0.20039368480863673,0.12334074491129964,0.3283010945596473,0.3261636029004147,0.7204502814258912,0.24438167399872127
38207,大洲市,38,40575.0,5.256147540983607,2.2156762295081966,3.04047131147541,-0.8247950819672131,5.848989900720176,1.0180653111521873,2.9282945736434107,0.6480423720012463,0.41656192236598893,2.9041040637289504,0.21350585335797906,0.2591130958562675,0.11238447319778189,0.3685520640788663,0.330273640457222,0.7259615384615384,0.125150955021565
38210,伊予市,38,35133.0,5.578142325078896,2.8146589713700854,2.7634833537088106,0.05117561766127427,6.090510383926451,0.8976745509919449,3.0382179515177987,0.6042844901456726,0.35368457006233456,3.3620404107320305,0.2084080494122335,0.2658668951728078,0.12224973671476959,0.3414453647567814,0.2694076852310523,0.8029350104821803,0.42287877494093873
38213,四国中央市,38,82754.0,4.888532081763725,2.021861298091768,2.866670783671957,-0.8448094855801889,6.815078483055962,1.016579259008628,3.283254530050015,0.5524011877943887,0.4961814534644851,2.944172526025491,0.1691640283249148,0.19808519352856846,0.10685888295429828,0.32213548589796265,0.33784617109541426,0.6383342840844267,0.3941803417357469
38214,西予市,38,35388.0,4.670679991696569,2.0491681741348122,2.621511817561757,-0.5723436434269447,5.712125078588397,0.9761501073810331,2.9655833333333335,0.6054958183990442,0.32632530801401605,3.0464496698714236,0.2301345088730643,0.3272401433691756,0.10090991296484685,0.4402057194529219,0.32740606139269257,0.8374827109266944,
38215,東温市,38,33903.0,9.45113626020207,3.947328499044267,5.503807761157802,-1.556479262113535,6.514845431298822,1.0529746630091732,3.4294483234865343,0.7355828983345762,0.4953838893313276,3.2351172579675285,0.18290416777276347,0.21134725329356197,0.12231955874111436,0.3013302657581925,0.34792045931942306,0.6694796061884669,0.3310031560628853
38356,上島町,38,6509.0,9.81101068200493,4.732949876746097,5.078060805258834,-0.3451109285127362,6.034311430502703,1.0201259794131203,3.2329376854599405,0.5645395213923132,0.29405438623444463,2.784631653154741,0.22184667383622678,0.2182741116751269,0.06990321093870026,0.45367952066369643,0.44732728977805564,,
38386,久万高原町,38,7404.0,6.009580490637248,2.5547975032660766,3.4547829873711717,-0.899985484105095,4.775729744619736,1.045245813074014,3.002651347768449,0.584192439862543,0.32847109670448404,2.9460811561978875,0.23892490545651,0.3508018327605956,0.07441923284710968,0.4936520799567801,0.40624136978735154,,
38401,松前町,38,29630.0,7.077330683888061,3.6264282165921506,3.4509024672959097,0.1755257492962411,7.281988612773032,0.9306446169422882,3.1746527492397467,0.6831207909442614,0.46469794127573405,3.896998072156431,0.18842389470131624,0.1746668577160052,0.13273709078636517,0.31275734053324333,0.2658643326039387,0.7734113712374582,0.44694566317921025
38402,砥部町,38,20480.0,5.988112927191679,2.947003467062902,3.0411094601287765,-0.0941059930658742,6.523676082153006,0.867822265625,2.9633852780945142,0.6682536466774717,0.338330078125,3.5560765924189135,0.210546875,0.24797406807131284,0.118408203125,0.341162109375,0.2946323007803263,0.7591499409681228,0.287646484375
38422,内子町,38,15322.0,4.249388088115311,1.7541474027740005,2.4952406853413107,-0.7410932825673103,5.405260011733428,0.9257929774180916,2.9450465868035747,0.5642387455741021,0.3203237175303485,3.111982357265376,0.23234564678240438,0.33080424886191195,0.1050776661010312,0.40901971022059785,0.27336860670194,0.8613518197573656,
38442,伊方町,38,8397.0,6.298299845440495,2.5502318392581143,3.7480680061823803,-1.1978361669242659,5.200055944918823,1.075503155889008,2.8995767602924203,0.5250666020828287,0.39597475288793615,3.4152046783625734,0.2806954864832678,0.3877452167595059,0.07574133619149696,0.473859711801834,0.3884378843788438,,
38484,松野町,38,3674.0,10.878300803673937,2.6119402985074625,8.266360505166476,-5.654420206659013,5.406888741293745,0.8933043004899293,2.6376068376068376,0.6607773851590106,0.22781709308655415,2.8604118993135015,0.236254763200871,0.290341578327444,0.08247142079477408,0.47169297768100166,0.3569172457359444,,
38488,鬼北町,38,9682.0,5.324989020641194,2.6899429073342116,2.635046113306983,0.054896794027228815,5.59450483204353,0.9408180128072712,2.834945586457074,0.6434821628898362,0.2975624870894443,3.5490153646396885,0.22805205536046272,0.2764191159973076,0.09027060524684982,0.4676719686015286,0.34754402224281744,,
38506,愛南町,38,19601.0,4.027351531793464,1.7336994561998602,2.2936520755936036,-0.5599526193937436,5.851398762231791,0.9623998775572675,3.1209430496019595,0.6295016166796744,0.30115810417835825,4.1978209784234135,0.2759042905974185,0.29880700189541753,0.08086322126422121,0.4562012142237641,0.33521572170770275,0.7728365384615384,
39201,高知市,39,326545.0,5.4056650908951145,2.428994196548676,2.976670894346439,-0.5476766977977632,7.7809512637529625,1.0185854935766894,3.3866908135364513,0.7817565074228618,0.4455771792555391,4.065029580561928,0.16998882236751442,0.20736467115160806,0.11675266808556248,0.29370837097490393,0.42395438498397364,0.5675110995037869,0.8146656662940789
39202,室戸市,39,11742.0,4.852301960436441,1.7386676128803336,3.1136343475561072,-1.374966734675774,5.906129473552381,0.9968489184125362,2.706172839506173,0.6152887411715828,0.2959461761199114,5.9214383427789725,0.28606710952137626,0.3394266722060656,0.06821665815022994,0.514392778061659,0.4230964038494006,0.7898550724637681,
39203,安芸市,39,16243.0,6.02378656380585,2.7515268402442947,3.272259723561556,-0.5207328833172613,6.111065400959394,1.0280736317182786,2.7809937288953206,0.570361933687674,0.30431570522686696,3.6223929747530184,0.289601674567506,0.384206529992407,0.09173182293911224,0.4086683494428369,0.36833447566826594,0.7161803713527851,
39204,南国市,39,46664.0,8.055851584418974,4.2562909154179085,3.7995606690010653,0.45673024641684246,6.578497167554302,1.0901980113149323,3.112203731719617,0.6942036455648751,0.5458811932110407,4.167227985091382,0.1880893193896794,0.2200459209971416,0.12071404080233156,0.3182324704268815,0.34996193859426544,0.6334002006018055,0.2777515858049031
39205,土佐市,39,25732.0,6.429852608593933,2.893238711689932,3.536613896904001,-0.6433751852140684,6.40434085269083,0.9435722058137728,2.8736183116502003,0.6299937992736292,0.31610446137105547,5.444342072200352,0.24218871444116274,0.2916113030383559,0.11044613710554951,0.36775221514068085,0.2914983745443799,0.8048523206751055,0.24082854033887766
39206,須崎市,39,20590.0,7.498059508408797,3.042690815006468,4.455368693402328,-1.4126778783958602,6.4288068300345875,1.0568237008256436,3.0123490297190934,0.6179667519181585,0.4149587178241865,4.808277541083384,0.25327829043224864,0.3110613810741688,0.09422049538610976,0.40582807187955316,0.3544187118331605,0.7166853303471444,
39208,宿毛市,39,19033.0,5.914972273567468,2.4029574861367835,3.512014787430684,-1.1090573012939002,6.068377252313587,1.0336258078074922,3.0551214661173463,0.6580699842595956,0.3987810644669784,4.740484429065743,0.2459938002416855,0.28938128102675864,0.10402984290442915,0.3870645720590553,0.35737047090758883,0.7337423312883435,
39209,土佐清水市,39,12388.0,5.0987835389526355,2.1913553619187303,2.9074281770339057,-0.7160728151151756,5.787160573893559,0.9697287697772038,2.821256038647343,0.6666666666666666,0.3181304488214401,6.180811808118081,0.2706651598320956,0.3124877089478859,0.07224733613174039,0.505247013238618,0.4125,0.8456375838926175,
39210,四万十市,39,32694.0,6.3359215885947044,2.9658859470468433,3.3700356415478616,-0.40414969450101834,5.784789126312023,1.0259680675353275,2.982907965970611,0.7272162814763712,0.42769315470728575,3.7644403133713986,0.21890866825717256,0.262780269058296,0.11145775983360862,0.3675903835566159,0.38277706316430843,0.6829787234042554,0.3132073163271548
39211,香南市,39,32207.0,7.24566518336658,3.550713518490103,3.6949516648764766,-0.1442381463863741,6.401753891528967,0.8461514577576303,2.957341554344709,0.6548943089430894,0.2500698605893129,3.7980227756225755,0.2168162200763809,0.26660162601626014,0.12261309653180985,0.32452572422144255,0.3071875476880818,0.7349486049926579,
39212,香美市,39,26513.0,6.717476790854178,3.39725138849475,3.3202254023594273,0.0770259861353225,6.100759587689407,0.9613020027910836,2.9689552871371054,0.6449743891174742,0.3152415796024592,3.8899201033007826,0.2121223550710972,0.2704677134939961,0.09927205521819485,0.38181269565873344,0.4151416395086488,0.6964746345657782,0.4178704786331234
39301,東洋町,39,2194.0,6.070908207867897,3.2540067994171933,2.8169014084507045,0.4371053909664886,5.35456461859374,0.9380127620783957,2.8701095461658843,0.5583596214511041,0.2014585232452142,4.42211055276382,0.2698268003646308,0.34279705573080965,0.060619872379216046,0.5086599817684594,0.497557003257329,,
39302,奈半利町,39,3034.0,8.432470258922322,4.163750874737579,4.268719384184744,-0.10496850944716585,6.047731505296949,0.9825313117996045,2.7232905982905984,0.6567164179104478,0.3226763348714568,4.694167852062589,0.2544495715227423,0.3171641791044776,0.08371786420566908,0.4673698088332235,0.3918918918918919,,
39303,田野町,39,2498.0,7.0276973956180235,3.224472922695329,3.803224472922696,-0.5787515502273667,6.561947819740317,1.0584467574059246,2.9947423764458465,0.6397415185783522,0.411128903122498,3.356752537080406,0.2602081665332266,0.3352180936995154,0.09407526020816653,0.4243394715772618,0.3757523645743766,,
39304,安田町,39,2370.0,5.861613045394447,2.46804759806082,3.3935654473336268,-0.9255178492728074,5.479121088494556,0.8839662447257384,2.6634146341463416,0.5121163166397416,0.2059071729957806,2.365930599369085,0.2843881856540084,0.4208400646203554,0.08860759493670886,0.45611814345991564,0.3361581920903955,,
39305,北川村,39,1146.0,8.156329651656755,3.5683942225998297,4.587935429056925,-1.0195412064570943,4.445797562179681,1.0418848167539267,2.7787234042553193,0.45616883116883117,0.2914485165794066,3.75,0.2731239092495637,0.42694805194805197,0.08900523560209424,0.4406631762652705,0.37340619307832423,,
39306,馬路村,39,745.0,8.923884514435695,3.2808398950131235,5.6430446194225725,-2.3622047244094486,4.364199902112629,1.1020134228187919,2.9715762273901807,0.48336594911937375,0.46442953020134226,0.5836575875486382,0.17583892617449665,0.35029354207436403,0.11006711409395974,0.40939597315436244,0.42021276595744683,,
39307,芸西村,39,3694.0,6.722689075630252,3.9215686274509802,2.801120448179272,1.1204481792717087,5.882321265523595,0.9991878722252301,2.6810035842293907,0.4693564862104188,0.3605847319978343,2.051025512756378,0.3386572820790471,0.4264555669050051,0.10801299404439632,0.4030860855441256,0.3501661129568106,,
39341,本山町,39,3261.0,8.384,4.096,4.288,-0.192,5.468750351676738,1.0407850352652561,2.831442463533225,0.6264009962640099,0.32444035571910457,2.251978088861838,0.2125114995400184,0.3200498132004981,0.08586323213738117,0.47838086476540936,0.4250334672021419,,
39344,大豊町,39,3252.0,5.91016548463357,2.026342451874367,3.883823032759203,-1.8574805808848363,4.448387232990512,1.0175276752767528,2.480532786885246,0.4441141498216409,0.34993849938499383,2.549246813441483,0.245079950799508,0.4512485136741974,0.05627306273062731,0.5864083640836408,0.46334639059876886,,
39363,土佐町,39,3753.0,6.077981651376147,3.4977064220183482,2.5802752293577984,0.9174311926605505,4.8920532172467395,0.989341859845457,2.661144578313253,0.5874659400544959,0.34825472954969355,2.237613212573255,0.20730082600586197,0.33297002724795643,0.09672262190247802,0.47988276045830003,0.3763975155279503,,
39364,大川村,39,366.0,14.084507042253522,7.887323943661972,6.197183098591549,1.6901408450704223,4.257828277129975,1.0628415300546448,3.1843971631205674,0.6363636363636364,0.42896174863387976,1.0582010582010581,0.1912568306010929,0.14973262032085566,0.12295081967213115,0.4098360655737705,0.5226130653266332,,
39386,いの町,39,21374.0,5.420327428105046,2.5829372509481976,2.837390177156849,-0.2544529262086514,6.1324155558317575,0.8930476279592028,3.0038300835654597,0.6835787774863828,0.3065874426873772,3.5696916642349965,0.2195190418265182,0.24389751866048015,0.09553663329278562,0.39318798540282585,0.29346390845070425,0.8639534883720931,
39387,仁淀川町,39,4827.0,6.548553487328998,2.444494281228975,4.104059206100023,-1.6595649248710473,4.857106311522469,1.059457219805262,2.7965034965034965,0.5598591549295775,0.3658587114149575,2.117183653372723,0.21773358193494924,0.2857142857142857,0.07188730060078724,0.5562461155997513,0.4498977505112474,,
39401,中土佐町,39,6002.0,4.866643574644961,2.216834083824039,2.649809490820921,-0.4329754069968826,5.652472519294483,0.9353548817060979,2.8892839004570847,0.5664089950808152,0.29373542152615795,4.142809026608286,0.2587470843052316,0.3172874209416725,0.08363878707097634,0.4823392202599134,0.3562407132243685,,
39402,佐川町,39,12323.0,6.01440067767895,2.990258365099534,3.0241423125794156,-0.0338839474798814,6.0546893166475595,0.8814412074981741,2.7925623387790197,0.6468816442239547,0.24896534934675,3.718867280791539,0.2205631745516514,0.25442948263642806,0.10768481700884525,0.4104520003245963,0.31555295037123876,,
39403,越知町,39,5187.0,5.030139264186239,2.494283932654334,2.535855331531906,-0.041571398877572226,5.636680728952367,0.9678041256988625,2.7984009137635635,0.6288532675709001,0.3375747059957586,3.9857932123125495,0.23308270676691728,0.3148376489930127,0.08116444958550222,0.47059957586273377,0.3645743766122098,,
39405,檮原町,39,3307.0,7.068741893644617,3.2101167315175094,3.8586251621271077,-0.648508430609598,5.006862558918835,1.0009071666162686,2.8158878504672895,0.5827692307692308,0.3450257030541276,2.167369054786273,0.2298155427880254,0.3046153846153846,0.09676443906864228,0.46295736316903535,0.38681757656458055,,
39410,日高村,39,4812.0,5.7397959183673475,2.7636054421768708,2.976190476190476,-0.21258503401360546,5.7081561148676485,0.9877389858686617,2.5769656699889256,0.6330357142857143,0.3865336658354115,3.862660944206009,0.22630922693266833,0.24598214285714282,0.08977556109725686,0.4307980049875312,0.3053164556962025,,
39411,津野町,39,5291.0,4.610339506172839,1.8132716049382718,2.797067901234568,-0.9837962962962963,5.501532298377415,0.8728028728028728,2.7274633123689727,0.565383149065955,0.22736722736722736,2.16337187616561,0.2268002268002268,0.29165078154784596,0.10432810432810433,0.4513324513324513,0.3043676069153776,,
39412,四万十町,39,15607.0,4.958179993308799,2.060889929742389,2.89729006356641,-0.8364001338240215,5.218841626377801,0.9974370474786954,2.7728202268079567,0.5381693885301937,0.35637854808739666,2.6497411880700024,0.2616774524251938,0.3805545005696923,0.09476516947523547,0.4471711411546101,0.3664796633941094,0.8194233687405159,
39424,大月町,39,4434.0,4.622815087396504,2.000919963201472,2.6218951241950323,-0.6209751609935602,5.290231069116679,0.9298601714027965,2.8,0.5669456066945606,0.2397383852052323,8.778625954198473,0.3062697338746053,0.3415271966527197,0.07036535859269283,0.4907532701849346,0.38503649635036497,,
39427,三原村,39,1437.0,6.199261992619927,2.3616236162361623,3.837638376383764,-1.4760147601476015,4.827096663345234,0.9130132219902575,2.6288659793814433,0.5397489539748954,0.3159359777313848,3.4993270524899054,0.2720946416144746,0.305439330543933,0.07237299930410578,0.4704244954766875,0.36890243902439024,,
39428,黒潮町,39,10262.0,4.545915778792491,2.009132420091324,2.536783358701167,-0.5276509386098427,5.553844794378239,0.8992399142467355,2.7493388186893917,0.5841852701856874,0.26203469109335414,4.235764235764236,0.2681738452543364,0.3261005633215105,0.08682518027674917,0.4496199571233678,0.3394335511982571,,
40101,門司区,40,93842.0,6.5984160286476925,3.036128167668091,3.562287860979602,-0.5261596933115107,7.800789638632805,0.9840902794058097,,0.7582851395524265,0.39782826452974146,4.76760613969972,,0.17128488810661302,0.09940112103322606,0.3666588521131263,0.3836282775873251,0.657521506626366,0.832047484068967
40103,若松区,40,80533.0,7.656210473058437,3.774348596003035,3.881861877055401,-0.1075132810523653,7.275365550841005,1.0248842089578185,,0.6690951821386604,0.46318900326574197,4.228680752890865,,0.17179788484136316,0.12673065699775246,0.32481094706517827,0.3266259326714059,0.693051890941073,0.8407112612221077
40105,戸畑区,40,57494.0,9.414183694075746,4.415193405665399,4.998990288410346,-0.5837968827449468,8.183727023938717,1.1717222666713047,,0.7192333691200445,0.6732528611681219,4.241708867989186,,0.15952920593264142,0.10933314780672766,0.3100149580825825,0.461859649122807,0.533429707264185,0.9942428775176541
40106,小倉北区,40,183407.0,11.82612809479826,5.911374439613418,5.9147536551848425,-0.0033792155714253533,8.681612306704865,1.2097357243725704,,0.7712539432176656,0.7278675295926545,4.605469386731534,,0.1839642481598318,0.10617370111282558,0.2785171776431652,0.5168998093888987,0.37041002034043463,0.9897386686440539
40107,小倉南区,40,209028.0,8.068812865439801,3.9572784345220025,4.111534430917799,-0.1542559963957964,7.9075875861965,0.8986499416346135,,0.7209463320293613,0.307155022293664,4.268792998253771,,0.1642455276691135,0.12848517901907877,0.28568899860305796,0.3542590534458664,0.5647110046805268,0.8793223874313489
40108,八幡東区,40,64792.0,9.427447201477555,4.461575523970128,4.965871677507428,-0.5042961535373003,8.117279124708586,1.0713822694159774,,0.7146053628784871,0.48796147672552165,4.55704050702673,,0.1808076798152225,0.10785282133596741,0.3593653537473762,0.4141900583830854,0.5496083550913838,0.945054945054945
40109,八幡西区,40,249933.0,7.427892661501661,3.6545542121461985,3.773338449355463,-0.11878423720926436,8.319386632899004,0.9486542393361421,,0.7089066235012893,0.37535259449532477,4.456273490747567,,0.16120198008620523,0.12184065329508308,0.29489503186854077,0.3800567368318082,0.5814491721559552,0.8914669131327195
40130,福岡市,40,1612392.0,13.755083512629499,7.142039872150435,6.613043640479063,0.5289962316713719,8.84309258905662,1.087736108837057,4.042091022241463,0.8300236980456479,0.572764563456033,4.680660412055396,0.1810670109998065,0.17228156477255352,0.12712355308138468,0.21020322601451757,0.5195234991584854,0.37400747314339094,0.9700810969044749
40131,東区,40,322503.0,11.929037705528268,6.427401953218393,5.501635752309876,0.9257662009085159,8.581389655381455,0.9662111670279037,,0.820509399380631,0.38425999137992517,4.631055867343522,,0.14742666938196525,0.13836770510661917,0.21592667355032355,0.46617913563565805,0.42672969488611945,0.9843164249634887
40132,博多区,40,252034.0,20.54606758938776,10.370647545217535,10.175420044170222,0.1952275010473142,9.051235534175403,1.5940547703881223,,0.819322655496363,1.3368236031646523,5.075895066820657,,0.14741846054907137,0.09569740590555242,0.1655728988945936,0.6606577439344199,0.2150400814352971,0.9724680003491593
40133,中央区,40,205501.0,18.13627155001192,9.445260983554462,8.691010566457456,0.7542504170970048,9.500788621536131,1.492250645982258,,0.8808416317260657,1.1227536605661286,4.7151358774813765,,0.21290836827393433,0.09942530693281298,0.17019868516454909,0.652904706150449,0.3055177626606198,1.0
40134,南区,40,265583.0,11.630435988770154,6.044734437823422,5.585701550946733,0.4590328868766899,9.228897460566436,0.8559056867344672,,0.8163382761188976,0.28687077109604153,4.640764475149715,,0.18427110840273542,0.13593867077335522,0.22621553337374756,0.4625353074463792,0.42239492944993584,0.9986557874562755
40135,西区,40,212579.0,10.7656417316812,5.4746060884197645,5.291035643261434,0.18357044515832951,8.278455355375256,0.8950084439196723,,0.8120877932749486,0.2962710333570108,4.376415123600384,,0.16507730565466538,0.1426951862601668,0.2319937529106826,0.40957992339410176,0.46447157726180943,0.8712431613658922
40136,城南区,40,132864.0,12.445344574492303,6.653635714229643,5.79170886026266,0.8619268539669831,9.21838079857109,0.8977149566473989,,0.8486940697923356,0.22869249759152216,4.936994386310059,,0.1760686505387854,0.12576017581888246,0.23460079479768786,0.5075807122896724,0.3976487876561352,0.995461524566474
40137,早良区,40,221328.0,11.151175691635947,5.737983608317526,5.413192083318421,0.32479152499910524,8.776638457097798,0.8900274705414588,,0.8316884777609339,0.28188932263428035,4.438619140066816,,0.189988553042725,0.14752765126870526,0.23504030217595603,0.40223491482248047,0.4549140760764626,0.9642476324730717
40202,大牟田市,40,111281.0,5.329168577105303,2.360346935656427,2.9688216414488764,-0.6084747057924499,7.482569416360388,1.0510419568479794,3.1180790820742352,0.7020488713468447,0.44147698169498834,5.108782561124437,0.1958375643640873,0.19344538560468316,0.10957845454300374,0.37104267574878014,0.3756419662509171,0.65260439087387,0.8255497344560168
40203,久留米市,40,303316.0,7.361450238008787,3.613936089060923,3.747514148947865,-0.13357805988694166,7.355084742454116,0.9898455735932163,3.5903732107557103,0.7222750052581574,0.42779477508604885,4.142131132724783,0.1917768927455195,0.20798369608575507,0.12487636656160572,0.2639194767173509,0.3609663777191056,0.5665772326561901,0.6226905273707948
40204,直方市,40,56212.0,7.542215252197382,3.887815018782596,3.6544002334147856,0.23341478536781066,7.236077511241426,1.0716039279869067,3.117351784018451,0.6807469777505998,0.43963922294172064,4.868662460285497,0.18115349035793069,0.18208758643398093,0.13050594179178823,0.33809506866861166,0.33892631668149653,0.6392595781317262,0.3995232334732797
40205,飯塚市,40,126364.0,7.027183808955993,3.5611273143299123,3.466056494626082,0.09507081970383022,7.081315355210283,1.01078629989554,3.209353853524163,0.7307608419062852,0.4425152733373429,5.1233854696580385,0.18828147257130196,0.18621178523392345,0.12831977461935362,0.3143854262289893,0.3872250818905007,0.5738758029978587,0.37729891424772877
40206,田川市,40,46203.0,8.001962577220723,3.9206940386716918,4.081268538549031,-0.1605744998773389,7.087029733026207,1.082592039477956,2.991813416573414,0.7351624323198668,0.5190572040776573,6.307009414174919,0.19544185442503734,0.19096209912536444,0.1236066922061338,0.34497759885721707,0.4031314018144571,0.5541275333662877,0.2600264052117828
40207,柳川市,40,64475.0,5.348088923556942,2.531851274050962,2.81623764950598,-0.2843863754550182,6.728281251940375,0.935696006203955,3.1811142974190907,0.632139603335903,0.34497091896083754,4.828920162742613,0.2223032183016673,0.26897470039946736,0.1183714618069019,0.33470337340054285,0.2753846153846154,0.7348420153714774,0.14518805738658394
40210,八女市,40,60608.0,6.8268843208383725,2.7895337901383854,4.037350530699987,-1.2478167405616014,5.892154505678297,1.0326524551214362,2.978274953569732,0.572412448833734,0.4126847940865892,3.4381077859338727,0.24901003167898628,0.34549411994022483,0.1158922914466737,0.36359886483632525,0.25838850605773994,0.763882618510158,0.12372954065469904
40211,筑後市,40,48827.0,7.805185818374241,3.848658769894574,3.956527048479668,-0.10786827858509382,7.065297809318689,0.9596534704159584,3.175392918007953,0.65710342520179,0.4132754418661806,3.475698369126433,0.19452352182194277,0.21442014135753418,0.1454727916931206,0.2729842095561882,0.2774331550802139,0.6582081822889695,0.27173490077211376
40212,大川市,40,32988.0,6.32163611262722,2.802838154557421,3.5187979580697983,-0.7159598035123769,6.888778009972777,1.0177640354068147,2.9992752456112095,0.619894099848714,0.4929368255123075,4.422219544523436,0.21183460652358432,0.28101361573373673,0.10461379895719655,0.3574330059415545,0.30317128014266886,0.6763779527559055,0.22929550139444646
40213,行橋市,40,71426.0,8.540703628864838,4.330556093780276,4.2101475350845625,0.12040855869571235,7.130562874639334,0.9186290706465433,3.3385824256556043,0.6397947252176173,0.35608881919749114,4.298902738491188,0.17797440707865483,0.15291672080031182,0.1318427463388682,0.30309691148881357,0.3275119223811873,0.6883674818241904,0.41475093103351723
40214,豊前市,40,24391.0,6.157276391390104,2.7013120658605607,3.455964325529543,-0.7546522596689821,6.36525270725138,1.0375548358000901,3.011517328825021,0.6118027178561247,0.4242958468287483,4.501315908884654,0.19322700996269115,0.19804238335075552,0.11553441843302857,0.37419539994260176,0.3078015623414832,0.7778884462151394,
40215,中間市,40,40362.0,7.922796944686524,3.7935100220433693,4.1292869226431534,-0.33577690059978466,7.887643495298283,0.8774094445270304,2.969388438609418,0.6641368664780036,0.27072493929934094,6.66906777117474,0.21235320350825032,0.17314124003087217,0.10913730736831673,0.3742629205688519,0.32623622410709135,0.6435294117647059,0.7785045339675932
40216,小郡市,40,59360.0,8.563410576551446,4.011157976104455,4.552252600446991,-0.5410946243425364,7.200165492629864,0.8337769541778975,3.481173994387278,0.7769512559808612,0.25496967654986524,4.073436603557085,0.16859838274932615,0.14126046650717705,0.13670822102425875,0.2835916442048518,0.2656105202771281,0.6975775927327782,0.7092318059299192
40217,筑紫野市,40,103311.0,8.779318448883666,4.446533490011751,4.332784958871915,0.11374853113983549,7.752259665963537,0.9015206512375256,3.608611618168152,0.7949387608069164,0.3225406781465672,4.461174446117445,0.17544114373106445,0.1558897694524496,0.1433826020462487,0.255703652079643,0.2921192401550313,0.6408153701968134,0.741963585678195
40218,春日市,40,111023.0,10.73008157685469,5.235036052859657,5.4950455239950315,-0.2600094711353747,9.013322595422412,0.8184340181764139,3.867496983455018,0.813857557202707,0.22394458805833026,4.405422057917437,0.1739819677003864,0.16001718766784834,0.15226574673716256,0.21956711672356177,0.32021999352960206,0.5557439593047901,0.9999909928573358
40219,大野城市,40,102085.0,10.750746110086249,5.375855974192801,5.374890135893449,0.0009658382993519225,8.715162820299225,0.8800803252191801,3.8969656480324124,0.7999760335530257,0.33124357153352596,3.959028656922546,0.15965127099965715,0.15887357699221094,0.15334280256648872,0.21917029926042023,0.32848986850109974,0.5415342714480255,0.9796150266934417
40220,宗像市,40,97095.0,7.6938958800028905,3.9558579111996615,3.738037968803229,0.2178199423964323,7.245433247613207,0.8573355991554663,3.432860923548762,0.7247973907886934,0.2538647716154282,3.910349248557658,0.18528245532725682,0.16349575014825068,0.13737061640661208,0.2912199392347701,0.3298654358072631,0.6642022418316241,0.6294247901539729
40221,太宰府市,40,73164.0,9.271162283766033,4.883603946007881,4.387558337758153,0.4960456082497275,8.319015648543953,0.9220654966923624,3.621714210422294,0.8010060157020018,0.26391394674976765,4.863064636078508,0.16948225903449785,0.17231417598477383,0.14153135421792137,0.27789623312011374,0.3320161943319838,0.5966655979480603,0.8890984637253294
40223,古賀市,40,58786.0,8.750675858340092,4.46573398215734,4.284941876182752,0.18079210597458772,7.638443911175644,0.9748579593780832,3.4692006269592475,0.7046934004675418,0.4432517946449835,3.8222068488412315,0.1735106998264893,0.1589282503146916,0.14227877385772122,0.2763753274589188,0.2822525886946189,0.6492036881810561,0.7520838294832103
40224,福津市,40,67033.0,8.151616306122744,4.469588589760264,3.68202771636248,0.7875608733977832,7.444773901913453,0.8436740113078632,3.5678847034779237,0.757035955466326,0.2504736473080423,3.7623831939858077,0.17749466680590156,0.16346048549005288,0.16385959154446317,0.28175674667700984,0.2669160149608977,0.7113997113997114,0.8065281279369862
40225,うきは市,40,27981.0,5.372142283251772,2.508947483748448,2.8631947995033236,-0.3542473157548755,6.175911229472303,0.9387798863514528,2.9011633317822243,0.5597434419140963,0.35724241449555055,4.105044920525225,0.22651084664593832,0.2899250504468146,0.12068903899074372,0.3529537900718345,0.2525002475492623,0.7747474747474747,
40226,宮若市,40,26298.0,7.546374367622259,3.5758086769891153,3.970565690633144,-0.3947570136440288,6.141592603773443,1.3347402844322762,2.913981644210115,0.6141933287950987,0.8096813445889421,4.563910995614748,0.19708723096813446,0.20481620149761748,0.11943874058863792,0.36671990265419424,0.31922600324087314,0.635576923076923,
40227,嘉麻市,40,35473.0,5.725917464780482,2.5041736227045077,3.2217438420759748,-0.7175702193714671,6.436286819479263,0.9293829109463536,2.756452167928424,0.6743148057744612,0.2853719730499253,6.513235102360151,0.2267076367941815,0.21124206708975524,0.10974544019395033,0.40425112057057483,0.3475495447241564,0.654627539503386,
40228,朝倉市,40,50273.0,6.638813369582601,3.3363985287062214,3.30241484087638,0.03398368782984167,6.107617817328299,1.0814751457044536,3.0169226254524113,0.5874813339970134,0.47128677421279813,3.7105084474977033,0.2203767429833111,0.2776671644267463,0.12076064686810017,0.3485568794382671,0.2975534380633531,0.7325761486835313,0.2567183179838084
40229,みやま市,40,35861.0,4.899244699775451,2.245487154063748,2.653757545711703,-0.40827039164795426,6.037253169273034,0.8906053930453697,3.0059064061790095,0.5794512551079977,0.30071665597724545,4.012103552616833,0.23317810434734113,0.2997081144191477,0.11131870276902485,0.3833970051030367,0.2320043020665284,0.8346456692913385,
40230,糸島市,40,98877.0,7.408687305015599,4.066234701223903,3.3424526037916964,0.7237820974322055,6.735789521048441,0.8333586172719641,3.366880415096187,0.7200813965941951,0.2675849793177382,4.6330153412456845,0.2425538800732223,0.2292385134411481,0.13824246285789416,0.2991393347290067,0.24975477850534186,0.7444642402646984,0.5384872113838405
40231,那珂川市,40,50112.0,8.2937190249823,3.9344593911196517,4.3592596338626475,-0.4248002427429958,7.786582138944932,0.8365261813537676,3.4988188786578607,0.7435975609756098,0.30595466155810985,4.4567433731430235,0.19187021072796934,0.20505226480836236,0.16235632183908047,0.23355683269476374,0.22834356472007974,0.575207468879668,0.8566012132822478
40341,宇美町,40,37671.0,7.980367698899073,3.907478713596182,4.072888985302891,-0.1654102717067086,8.042614289092073,0.8876323962729952,3.181212041193557,0.7443996022694039,0.35693238830930957,4.057239057239057,0.17708582198508135,0.16926946247879748,0.14151469299992037,0.27628679886384755,0.24656559185707166,0.6948288419519301,0.5908258341960659
40342,篠栗町,40,31209.0,9.075205527654266,4.775918876555452,4.2992866510988135,0.4766322254566393,7.798235677830362,0.8124579448236086,3.364144011756062,0.8150503074343208,0.3023166394309334,5.218543046357616,0.15245602230125926,0.13953325880380096,0.14912365022910057,0.2558556826556442,0.2711642377599476,0.5940671350507416,0.6912429106988369
40343,志免町,40,46377.0,9.909657388042001,4.829772095129261,5.07988529291274,-0.2501131977834796,8.611576617056578,0.8776979968518878,3.5642402545743836,0.7644251216861206,0.3503460767190633,3.962058636652446,0.16958837354723247,0.17863049950380416,0.16143778165901201,0.23791965845138754,0.3071898867526995,0.5903925619834711,0.8903982577570778
40344,須恵町,40,28628.0,9.294707749001944,4.841846657795066,4.452861091206879,0.3889855665881871,7.955563424594905,0.917213916445438,3.3315512488513908,0.7295910184442662,0.36701830375855804,4.319803575539016,0.17294257370406596,0.159663191659984,0.1668646080760095,0.27410227749056865,0.26980492719113475,0.6842105263157895,0.7007824507475199
40345,新宮町,40,32927.0,10.015464386427727,4.8182176536583885,5.197246732769338,-0.3790290791109494,7.7622769085331305,0.9870926595195433,4.080798213787329,0.7810114192495922,0.5151395511282534,3.06154721993801,0.13548151972545328,0.14838499184339315,0.20712485194521213,0.182950162480639,0.2559222677266522,0.6735833998403831,0.8765147143681478
40348,久山町,40,9068.0,7.715196599362381,4.293304994686504,3.4218916046758765,0.871413390010627,6.635968611509936,1.3247684164093516,3.576328881906258,0.7179366940211019,0.9540141155712395,3.0681818181818183,0.15990295544772828,0.18898007033997655,0.16662990736656375,0.27249669166299073,0.2494649954142464,,
40349,粕屋町,40,48190.0,11.920448248260575,5.818607228618927,6.101841019641648,-0.2832337910227203,8.186906112340791,0.943369993774642,3.5992168805742875,0.7877638448837521,0.4763643909524798,3.708319009969061,0.1339282008715501,0.14659288678655902,0.17881303174932558,0.1766756588503839,0.31972241778135374,0.3968795709410044,0.8909109773811994
40381,芦屋町,40,13545.0,13.599937146448774,6.607479572595852,6.992457573852922,-0.38497800125707105,7.289149202994862,0.8922111480251015,3.1683797421042796,0.7246130030959752,0.20657069029162053,5.0,0.1888519748984865,0.1639318885448916,0.12144702842377261,0.32211148025101516,0.3354293927416457,,0.5354005167958656
40382,水巻町,40,28114.0,8.281573498964804,4.286077512622135,3.9954959863426684,0.2905815262794668,7.94645040072121,0.8328590737710749,3.12533041655273,0.677943393066488,0.2896777406274454,9.379268477765972,0.19965141922174007,0.15089599732038184,0.12449313509283631,0.33097389201109767,0.33981451350471853,0.5700518902891031,0.8309027530767589
40383,岡垣町,40,31007.0,6.745073108709472,3.6268277177368087,3.1182453909726635,0.5085823267641449,7.275777527225904,0.7999806495307511,3.301942132382085,0.7013377423718623,0.2450091914728932,4.47954055994257,0.1878608056245364,0.1773635953705095,0.13142193698197183,0.3324733124778276,0.25320857828931026,0.8103585657370518,0.3665623891379366
40384,遠賀町,40,18723.0,6.746031746031746,3.4973544973544977,3.248677248677249,0.2486772486772487,6.923528221920421,0.9086684826149656,3.172894154406978,0.6832638475282906,0.3940073706136837,4.428506375227687,0.19964749238904023,0.17974985110184638,0.12749025263045452,0.3470063558190461,0.26107133386369663,0.7808599167822469,
40401,小竹町,40,7151.0,7.851959361393323,3.97677793904209,3.8751814223512335,0.10159651669085631,6.511327293694539,0.9630820864214795,2.875625721986908,0.6635148353439844,0.4126695567053559,7.620481927710844,0.20151027828275767,0.16856863384414733,0.08460355195077611,0.4224583974269333,0.3729238483234096,,
40402,鞍手町,40,15080.0,6.166237985650467,2.9105184784080143,3.255719507242453,-0.34520102883443887,6.483025126721034,0.996816976127321,3.00322407307899,0.6136908328340324,0.47659151193633953,6.433076384022425,0.2156498673740053,0.19068304373876577,0.10961538461538461,0.3922413793103448,0.31018444266238976,0.7869918699186992,
40421,桂川町,40,12878.0,6.845658659130162,3.360025121683153,3.485633537447009,-0.12560841576385617,6.841509875592931,0.7931355800590154,2.8717065261451156,0.7055649241146712,0.22961640006212145,5.603311047437122,0.2131542164932443,0.17925801011804388,0.12564062742661905,0.35121913340580835,0.28468010174134223,,
40447,筑前町,40,29591.0,9.056971270897582,5.180977114104853,3.875994156792729,1.3049829573121248,6.499062420690681,0.8298807069717143,3.0491074970249903,0.6525198938992043,0.2930958737453956,4.071246819338422,0.20066912236828766,0.21212990178507418,0.13950187557027474,0.31218951708289683,0.22864961781636312,0.7674841053587648,
40448,東峰村,40,1899.0,5.618615209988649,1.70261066969353,3.916004540295119,-2.213393870601589,5.401982520658635,0.9620853080568721,2.7271095152603233,0.5131048387096774,0.4265402843601896,3.2195121951219514,0.2812006319115324,0.3911290322580645,0.09689310163243813,0.4576092680358083,0.27089337175792505,,
40503,大刀洗町,40,15521.0,8.684324793747287,4.447614912226289,4.236709881520998,0.21090503070529126,6.521873764109481,0.8777140648154114,2.9848983253588517,0.6027788598883262,0.32897364860511563,3.290217254803466,0.20494813478512983,0.23399558498896245,0.1506990528960763,0.28032987565234196,0.2404791703915609,0.7775831873905429,
40522,大木町,40,13820.0,6.372225884421007,3.2520325203252036,3.1201933640958033,0.13183915622940012,6.619349879193213,0.825108538350217,3.0060953746862675,0.6166996326645945,0.3332850940665702,3.2134554902228905,0.20274963820549927,0.23495337666007343,0.15173661360347324,0.29204052098408106,0.20453590928181437,,
40544,広川町,40,19969.0,7.439527715375373,3.6675199832819603,3.7720077320934116,-0.10448774881145184,6.704897219784365,0.9898843206970804,3.021116325018523,0.6169159469138403,0.46582202413741297,3.4082816156272253,0.20066102458811158,0.26153360016852745,0.13375732385197056,0.30056587710951976,0.307981220657277,0.690694626474443,
40601,香春町,40,10191.0,6.4143746235695644,3.001405340293114,3.4129692832764507,-0.41156394298333665,6.498144782795488,0.9080561279560396,2.8215411057003723,0.7101204819277108,0.25895397900107936,8.327810912303955,0.2102835835541164,0.19951807228915663,0.11137277990383672,0.4158571288391718,0.33418249189439553,,
40602,添田町,40,8801.0,5.27012393213813,2.406449284081338,2.8636746480567923,-0.4572253639754542,6.015964018483122,0.8352459947733212,2.737486496218941,0.7115953726123218,0.22815589137598,6.3963737093930995,0.2192932621293035,0.2311003497444175,0.09726167480968072,0.4460856720827179,0.3310810810810811,,
40604,糸田町,40,8407.0,7.739750876768654,3.6038215019954043,4.135929374773249,-0.532107872777845,7.280687679550393,0.7837516355418104,2.8778366111951588,0.698589012308616,0.14392767931485667,7.70296481019673,0.22398001665278935,0.1630141098769139,0.1350065421672416,0.3824194123944332,0.3824175824175824,,
40605,川崎町,40,15176.0,6.153742231829235,2.5668738178870574,3.586868413942178,-1.0199945960551202,6.734324826835961,0.8871244069583553,2.660485651214128,0.697504159733777,0.27938850817079597,9.241920869827847,0.2239061676331049,0.19317803660565724,0.11775171323141803,0.3908803373748023,0.40418422199622256,0.5791090629800307,
40608,大任町,40,5008.0,7.583879293230098,4.268413738336312,3.3154655548937857,0.9529481834425254,6.232336201715772,0.884185303514377,2.86977886977887,0.7199597787833082,0.28913738019169327,8.97025171624714,0.21405750798722045,0.18401206636500755,0.1459664536741214,0.3889776357827476,0.33827160493827163,,
40609,赤村,40,2774.0,6.2609919099542735,3.165670066830813,3.095321843123461,0.07034822370735139,5.7330457185606685,0.8258832011535688,2.7257142857142855,0.6596736596736597,0.2465753424657534,4.026845637583892,0.23900504686373467,0.28205128205128205,0.12689257390050468,0.4033886085075703,0.2704225352112676,,
40610,福智町,40,21398.0,6.419954040597473,3.2219456147070087,3.198008425890463,0.023937188816545385,6.731982206544831,0.8762033834937845,2.8095238095238093,0.6755941609361805,0.25974390129918684,9.567968579533057,0.22726423030189738,0.1913379177222826,0.12575941676792224,0.3769511169268156,0.33266295989589495,0.6571100917431193,
40621,苅田町,40,37684.0,13.263920325939338,6.324394855271216,6.939525470668122,-0.6151306153969057,7.053599260880416,1.2083377560768496,3.426644279759148,0.5509606373008434,0.6819074408236917,3.6949286399277934,0.15919223012419065,0.13694939081537016,0.13759155079078655,0.23561723808512897,0.4490499886903416,0.5022522522522522,0.69891731238722
40625,みやこ町,40,18825.0,6.324110671936759,3.0039525691699605,3.320158102766799,-0.31620553359683795,5.841260175309413,0.9287118193891102,2.9001612666764403,0.5999047959062239,0.3238247011952191,5.072300045187529,0.21296148738379814,0.2026657146257289,0.10130146082337317,0.4204515272244356,0.26388508891928864,0.8748335552596538,
40642,吉富町,40,6536.0,7.294226044226044,3.3169533169533167,3.977272727272727,-0.6603194103194103,7.041111831148132,0.8915238678090576,3.0979880774962743,0.5807412309728657,0.36765605875153,4.578465424692137,0.1840575275397797,0.16843150231634674,0.1305079559363525,0.3235924112607099,0.28480060195635815,,
40646,上毛町,40,7251.0,4.9005880705684675,2.43629235508261,2.4642957154858585,-0.02800336040324839,5.7246862458457,0.886222589987588,2.9852993904625316,0.5950653120464441,0.34298717418287133,4.305555555555555,0.21224658667769963,0.19912917271407837,0.13570541994207697,0.3606399117363122,0.24748923959827834,,
40647,築上町,40,17189.0,12.577583059510768,3.5779481562614097,8.99963490324936,-5.421686746987952,5.910853658871962,0.9161091395660015,2.9673599514194624,0.6391503434240651,0.2496945721100704,4.366865344848558,0.1997789283844319,0.2077079623505469,0.11117575193437663,0.3819884810052941,0.31184971098265896,0.7544642857142857,
41201,佐賀市,41,233301.0,6.521518361363646,3.162737713097346,3.3587806482663005,-0.19604293516895457,6.817958826021123,1.0637331173033977,3.5008809690659723,0.7361008219564681,0.5013437576349865,3.5036806944385344,0.17813039806944678,0.20424559918157126,0.12886357109485172,0.2777613469295031,0.3586539856198587,0.5909372419488026,0.5960540246291272
41202,唐津市,41,117373.0,4.722100272192466,2.1871981736763546,2.534902098516112,-0.34770392483975765,6.225082537185408,0.9678801768720233,3.079023646071701,0.6500549002939823,0.37983181822054474,3.918732665180622,0.20609509853203037,0.23690362341940285,0.13645386928850758,0.32684688982985866,0.29269955238463113,0.700432506259959,0.35820844657629947
41203,鳥栖市,41,74196.0,9.361456614203867,4.700183821062942,4.661272793140925,0.03891102792201693,7.331047770928757,1.1019731521914928,3.383961261367663,0.7188648427929767,0.5596932449188635,3.463227840973083,0.1548466224594318,0.1350113749052091,0.15099196722195266,0.24176505471993098,0.33303039482984953,0.5621657754010695,0.6789314787859184
41204,多久市,41,18295.0,7.475573733242445,2.3517382413087935,5.123835491933652,-2.7720972506248582,5.950290605782711,0.9725061492210987,2.818403325211409,0.6302614089499335,0.4058485925116152,4.556507030341474,0.19972670128450395,0.21267168808152415,0.11533205793932769,0.3691172451489478,0.26966458889878303,0.8033282904689864,
41205,伊万里市,41,52629.0,5.814493651285227,2.6807835243109324,3.1337101269742957,-0.45292660266336326,6.145849599214507,1.0545706739630243,3.065645415634152,0.5981973257849454,0.4893879800110205,4.025022341376229,0.19038932907712477,0.20928153748742973,0.13857379011571566,0.3214767523608657,0.29640974140095405,0.7172275238573581,0.24305990993558685
41206,武雄市,41,47914.0,6.388912543643022,3.0720429191858982,3.3168696244571234,-0.24482670527122538,6.258204527099909,0.9840338940601911,3.0820290876151173,0.6478704506960796,0.4251784447134449,3.2996444693005236,0.18975664732645992,0.21014582558763995,0.13664064782735735,0.3143966272905623,0.2758345676199157,0.7123365548607163,0.15396335100388195
41207,鹿島市,41,27892.0,5.24924748550033,2.352984362381617,2.8962631231187137,-0.5432787607370971,6.15923594045982,0.9675892729097949,2.9343394228223456,0.6069344779022199,0.42442277355514124,3.294636487450548,0.21339452172665999,0.26879484944001075,0.1356661408289115,0.3277283808977485,0.24785128922646413,0.7569803516028956,0.3435393661264879
41208,小城市,41,43952.0,7.0807707146585575,3.6062002133309123,3.4745705013276442,0.13162971200326806,6.414465105684171,0.8360029122679287,3.0888934722078996,0.672796106003245,0.3033309064433928,4.076780078682288,0.17507735711685474,0.1942491436812691,0.13933381871132144,0.28665362213323625,0.22538141470180306,0.7725060827250608,0.15655715325809974
41209,嬉野市,41,25848.0,5.796449316861654,2.7980037633968746,2.9984455534647796,-0.20044179006790475,6.175272816682748,0.9539616217889199,2.9086817363472695,0.6680355409542298,0.41097957288765086,3.243750903048692,0.1884478489631693,0.24408272978421564,0.12476787372330547,0.3566620241411328,0.27507699076110864,0.751101321585903,
41210,神埼市,41,31022.0,7.311578598641709,3.498426370713931,3.813152227927779,-0.31472585721384794,6.143447076419163,0.9478112307394753,3.020331888174615,0.6180851761926636,0.36467668106505063,3.281289667428281,0.1802591709109664,0.22120874073101915,0.12681322932112693,0.3146799045838437,0.2659248225707527,0.7290209790209791,0.22084327251627878
41327,吉野ヶ里町,41,16323.0,10.45662665511694,5.290186858062121,5.16643979705482,0.12374706100730108,6.527289146629633,0.9897690375543712,3.264076346284935,0.6699987658891768,0.4717270109661214,4.219858156028368,0.1497273785456105,0.1452548438849809,0.14886969307112663,0.24321509526435092,0.28007889546351084,0.66721044045677,
41341,基山町,41,17250.0,8.095644748078564,4.34955878166809,3.7460859664104755,0.6034728152576145,7.219492486097106,0.964,3.1847954754702092,0.7051541483156767,0.4697971014492754,3.9336763865065754,0.1855072463768116,0.1534341149863111,0.1257391304347826,0.30979710144927536,0.26080499034605675,0.7023977433004231,0.45895652173913043
41345,上峰町,41,9286.0,10.66869300911854,5.612968591691996,5.055724417426545,0.5572441742654508,6.741098894292728,0.947124703855266,3.103156450137237,0.6484988452655889,0.44723239284945077,3.4774855104770395,0.16454878311436572,0.1355658198614319,0.1497953909110489,0.2608227439155718,0.2854757929883139,,
41346,みやき町,41,25511.0,6.82497186978621,3.8373491638536454,2.987622705932565,0.8497264579210801,6.389626219053868,0.9393986907608483,3.062889571122895,0.6364959753382429,0.39210536631257104,3.8689496213368457,0.18149033750146995,0.189672889193355,0.1308063188428521,0.34659558621771,0.23610657966286025,0.8002114164904862,
41387,玄海町,41,5609.0,5.927461139896373,2.2590673575129534,3.6683937823834194,-1.4093264248704664,5.373262256423978,1.2337315029417009,2.939593908629442,0.5362903225806451,0.6195400249598859,3.0667468430547205,0.24496345159564986,0.29993796526054595,0.10875378855410947,0.3162774113032626,0.37487019730010385,,
41401,有田町,41,19010.0,5.550461189923944,2.4812557311613355,3.0692054587626085,-0.587949727601273,6.544369604186671,0.9468174644923725,2.836673607496096,0.6234190126478988,0.4106259863229879,3.007518796992481,0.18958442924776434,0.2514279885760914,0.12798527091004736,0.35334034718569174,0.24723300273106225,0.8111111111111111,
41423,大町町,41,6293.0,5.807103181282612,2.76047803400101,3.0466251472816026,-0.2861471132805925,6.649175256274162,1.0084220562529795,2.8550401427297056,0.6603575184016824,0.4039408866995074,4.709418837675351,0.2076910853329096,0.19733613739922884,0.10217702208803432,0.4077546480216113,0.2984036021285305,,
41424,江北町,41,9566.0,7.122803369034002,3.743371113652906,3.379432255381096,0.36393885827181033,6.116697383758221,0.8562617604014217,3.123620309050773,0.6176242236024845,0.38427765001045366,3.592814371257485,0.18450763119381142,0.21855590062111796,0.1499059167886264,0.2846539828559482,0.24378836597486114,,
41425,白石町,41,22051.0,5.544978581627796,2.4274155164207523,3.1175630652070443,-0.6901475487862923,5.513488609187521,0.919232687859961,3.0104048857724495,0.536267519055815,0.3253367194231554,2.6334689968877183,0.2511450727858147,0.36226538808294406,0.11813523196226929,0.36206974740374587,0.19997230300512395,0.8962131837307152,
41441,太良町,41,8121.0,4.648209296418592,1.8161036322072646,2.8321056642113285,-1.0160020320040641,5.501769361970606,0.8974264253170792,2.9127781765972722,0.46394915625684857,0.29442186922792757,2.7907967618236045,0.27053318556827977,0.39360070129300895,0.10946927718261298,0.38899150350942,0.22578321930140438,,
42201,長崎市,42,409118.0,5.879897887855876,2.7102734341993746,3.1696244536565006,-0.459351019457126,7.686594350429037,1.0253643203183433,3.3707903188099078,0.7870678957151296,0.441882293128144,4.220300626998298,0.19892060481328125,0.17612026033284023,0.11432154048465235,0.3241216470553728,0.38866665240550197,0.5915001407261469,0.7109269208394644
42202,佐世保市,42,243223.0,7.041330666746608,3.1579353081492205,3.883395358597387,-0.7254600504481665,7.062850668676187,1.0147724516184735,3.1966407503141636,0.7573472087176657,0.3863450413817772,4.035810356422327,0.1872438050677773,0.17985441358105803,0.12953955834768915,0.31729318362161474,0.36050528835018913,0.6053130929791272,0.5999021474120457
42203,島原市,42,43338.0,6.340976120254971,2.8969650841975074,3.4440110360574634,-0.5470459518599562,6.7829260924784265,1.0429646038118972,2.9267411088878847,0.6601260383844171,0.4130093682218838,3.7319606581487266,0.2567723475933361,0.28688054998567747,0.12603258110665005,0.3581845032073469,0.3174584463043735,0.6739265712507778,0.3963265494485209
42204,諫早市,42,133852.0,7.435626577963575,3.8125847511593585,3.6230418268042164,0.189542924355142,6.522352820617233,1.028486686788393,3.213038831492697,0.6910599538336765,0.4578564384544123,3.671875,0.19398290649373937,0.2018372949029883,0.13390909362579564,0.30556136628515074,0.2933459000942507,0.6265037593984962,0.46921973522995547
42205,大村市,42,95397.0,9.160029690854014,5.144742913314744,4.01528677753927,1.129456135775473,7.264848113120686,0.9579232051322368,3.394819168602171,0.7460742326909351,0.3578099940249693,3.645116918844567,0.17548769877459458,0.15740988579586013,0.156860278625114,0.25193664370996993,0.31841116202440406,0.616757560733763,0.7019612776083105
42207,平戸市,42,29365.0,5.349720510247957,2.303998853375376,3.045721656872581,-0.7417228034972051,5.652344460620152,0.9756172313979227,2.9577092511013214,0.616195698017714,0.3563085305635961,3.250816104461371,0.24937851183381576,0.3018416982988894,0.11517112208411374,0.4137919291673761,0.3292927604079585,0.7790492957746479,
42208,松浦市,42,21271.0,6.086403444395518,2.4756592788296885,3.6107441655658303,-1.1350848867361418,5.733605521294316,1.0031028160406186,2.7618166111316795,0.565849643314432,0.40924263081190354,3.5972491624052196,0.2196417657844013,0.24903969270166448,0.12105683794838043,0.3687179728268535,0.34113216160693904,0.7440191387559809,
42209,対馬市,42,28502.0,9.445797358128551,4.110397756623128,5.335399601505424,-1.2250018448822964,5.947736107459107,1.0008771314293734,3.287182752660784,0.6674727932285369,0.3264332327555961,3.63287408321338,0.2658059083573083,0.2899210470161463,0.1161672865062101,0.38555189109536175,0.3652112007593735,0.6564364876385337,
42210,壱岐市,42,24948.0,6.176272328951804,2.62891809908999,3.5473542298618135,-0.9184361307718233,5.741273083571699,0.9953102453102453,2.7965832824893226,0.6729548813353038,0.3688472021805355,4.005674705833264,0.240981240981241,0.3085282100321656,0.12878787878787878,0.38640371973705306,0.30898413352565424,0.8533755274261603,
42211,五島市,42,34391.0,7.178635999881442,3.2366104508135987,3.942025549067844,-0.7054150982542459,5.468471670656548,0.9979645837573784,3.012285209571222,0.7052617697481208,0.3579424849524585,3.4934775692013997,0.2883603268296938,0.2936832388236845,0.1049984007443808,0.4071414032741124,0.3896381277842192,0.7539975399753998,0.26940187839841817
42212,西海市,42,26275.0,6.214711888839948,2.490689945140752,3.7240219436991953,-1.233331998558443,5.519464814352646,1.0226450999048524,2.7593907584645465,0.5353869271224643,0.38169362511893434,3.1083933901142897,0.2340627973358706,0.2500375657400451,0.10793529971455756,0.3875166508087536,0.3612433743598958,0.7372262773722628,
42213,雲仙市,42,41096.0,6.291130537275317,3.010509773106768,3.280620764168549,-0.2701109910617817,5.924823410296377,0.9395804944520147,2.7518146101085437,0.563936714751047,0.34959606774381935,2.988443481401228,0.29336188436830835,0.34862726849697534,0.1195736811368503,0.35713938096165077,0.27425373134328357,0.7903757415952538,
42214,南島原市,42,42330.0,4.320866141732283,1.7249015748031498,2.595964566929134,-0.8710629921259841,5.956140273828521,0.940396881644224,2.666274625110262,0.5916782512822971,0.3312780533900307,3.470454860950442,0.32135601228443184,0.38075835290733906,0.11185920151193007,0.4041814316087881,0.25945233010928276,0.8723118279569892,
42307,長与町,42,40780.0,8.146102991463817,3.872945110058512,4.273157881405304,-0.40021277134679195,7.681026909971212,0.7655223148602256,3.6915958123662445,0.7816179071295033,0.23938205002452181,3.217761259719302,0.17035311427170183,0.16083068061239958,0.14546346248160863,0.2723148602256008,0.2320881046242413,0.7196625567813109,0.4650809220205983
42308,時津町,42,29339.0,9.021887824897401,4.090287277701778,4.931600547195623,-0.841313269493844,7.76254560501193,1.0105320563073044,3.33797478783884,0.7477227440933675,0.5089471352125158,3.508892398544256,0.18095367940284263,0.15463990890976376,0.15447015917379597,0.2678687071815672,0.26229508196721313,0.6273344651952462,0.661269981935308
42321,東彼杵町,42,7721.0,7.934131736526946,4.001088731627654,3.933043004899292,0.06804572672836146,5.563587026195316,0.9576479730604844,2.7286378262424025,0.5806130077248941,0.3636834606916203,2.6207231254549868,0.230669602383111,0.31397956640917024,0.11047791736821655,0.3873850537495143,0.23334573874209155,,
42322,川棚町,42,13377.0,6.8968180413963545,3.1278962001853565,3.7689218412109984,-0.641025641025641,6.724337913546165,0.9051356806458847,2.925333333333333,0.6845329249617151,0.3201016670404426,3.287914691943128,0.19757793227180984,0.1852986217457887,0.12880316961949614,0.32974508484712567,0.2798918292447363,,
42323,波佐見町,42,14291.0,6.505563035929416,3.4370349372829705,3.0685280986464463,0.36850683863652467,6.503060182462192,0.9235882723392345,2.6985370950888194,0.6077677624602333,0.4548317122664614,2.79603143924752,0.18333216709817368,0.25689289501590673,0.13770904765236863,0.32174095584633683,0.20930232558139536,,
42383,小値賀町,42,2288.0,8.55791962174941,3.9716312056737593,4.58628841607565,-0.6146572104018913,5.3348145192342775,1.0013111888111887,2.729357798165138,0.6214285714285714,0.24475524475524477,2.4390243902439024,0.34571678321678323,0.44553571428571426,0.08566433566433566,0.5078671328671329,0.42653606411398043,,
42391,佐々町,42,13912.0,8.424381828637149,4.039677975848189,4.3847038527889595,-0.3450258769407705,6.864291578451928,0.8898792409430707,3.1272138964577656,0.6794947121034077,0.3698964922369178,3.1716683259849243,0.17790396779758483,0.1833137485311398,0.16683438757906843,0.28191489361702127,0.2727104532839963,,
42411,新上五島町,42,17503.0,7.037525476561564,3.0152259920872795,4.022299484474283,-1.007073492387004,6.098139987347118,0.9822887504999143,3.1339598598279705,0.7429349235156858,0.31560303947894647,4.0785874160656554,0.26492601268354,0.20495203526056516,0.08987030794720904,0.42724104439238986,0.37631453154875716,0.8217562254259502,
43101,中央区,43,187502.0,13.821322384255982,7.028174996460428,6.793147387795555,0.2350276086648733,8.983693667971954,1.2519546458171114,,0.8547238021219722,0.6584356433531375,4.248553935662821,,0.19043581681798383,0.11079348486949472,0.22832823116553425,0.5491611764587908,0.39577810505645555,0.9960693752599973
43102,東区,43,189524.0,9.838004763026353,4.883933945722436,4.954070817303918,-0.07013687158148177,8.286082475477471,0.9367731791224331,,0.7801706669068312,0.37877524746206287,3.7397457709771453,,0.17476471382897285,0.14799181106350648,0.2414892045334628,0.34443364728160664,0.5136442570081865,0.8979812583102932
43103,西区,43,91177.0,10.251034421555904,5.5842124529934445,4.666821968562459,0.9173904844309849,7.228179648780503,0.9578292771203264,,0.7427133770056015,0.34470315978810445,4.084141510722579,,0.2335042248172411,0.11869221404520877,0.30187437621329943,0.3786515437933207,0.5615824832047773,0.7372473321122651
43104,南区,43,130829.0,8.623536531607929,4.528440037954917,4.095096493653012,0.43334354430190597,7.171389180932221,0.9538099351061309,,0.7343622806160659,0.4128136728095453,3.482196172098432,,0.20995734427403867,0.15907788028648082,0.2644673581545376,0.26986931122397767,0.6241010689990282,0.5938668032316994
43105,北区,43,139833.0,8.754500361460444,4.254496782644172,4.500003578816271,-0.2455067961720981,7.358557037695668,0.9040140739310463,,0.6991700927723181,0.3236217488003547,3.8190718391227017,,0.20501612434853045,0.13403846016319468,0.2886443114286327,0.3023596477294788,0.6204840406874781,0.6802328491843842
43202,八代市,43,123067.0,6.048840638877548,2.7028152937353673,3.346025345142181,-0.6432100514068136,6.510451749817638,0.9984479998699896,3.0862441783100465,0.6407255088052304,0.40102545767752523,4.28141244553606,0.23223122364240617,0.2394108756019544,0.11927649166714066,0.34234197632184094,0.32229161564209324,0.6736341059602649,0.44359576490854574
43203,人吉市,43,31108.0,8.099657050635466,3.7758052585569226,4.323851792078543,-0.5480465335216193,6.380035746272456,1.0877587758775877,3.0322553263729732,0.7306147881473276,0.4937958081522438,4.835946765054684,0.19885559984569887,0.21635281085571867,0.11922978012086922,0.3744695898161245,0.3553188274403143,0.6428571428571429,0.3702263083451202
43204,荒尾市,43,50832.0,5.622399869483645,2.7163716453218045,2.9060282241618403,-0.1896565788400359,6.959885528724302,0.8840494176896443,3.076050914536314,0.6745665004346434,0.2953454516839786,5.372759546281063,0.20239219389361032,0.16319714507937966,0.12557050676739062,0.3589864652187598,0.3032058709926613,0.7304305283757339,0.5086362920994649
43205,水俣市,43,23557.0,5.208188918157031,2.195110679791118,3.0130782383659134,-0.8179675585747954,6.314385515335017,1.048265908222609,2.9043937162493862,0.709456196271612,0.41308315999490597,4.5894387614044785,0.20554399966039819,0.19675456389452328,0.11346945706159528,0.40854098569427344,0.3415650104135674,0.7508021390374332,0.45646729210001274
43206,玉名市,43,64292.0,6.024096385542169,2.7292192643252053,3.294877121216963,-0.5656578568917581,6.2285794436859065,0.9704162259690163,3.0361291867938838,0.5788577669279198,0.3401822932868786,3.9372994322389534,0.23598581472033844,0.250353334189901,0.12381011634417968,0.3419243451751384,0.3053141246973846,0.7241650294695481,0.1907546817644497
43208,山鹿市,43,49025.0,5.297695929336277,2.5707262197408443,2.7269697095954335,-0.15624348985458938,5.8213539059813,0.9678123406425293,2.8161565913269166,0.5776392420638176,0.3633656297807241,3.9322301024428685,0.23465578786333505,0.2765974899516036,0.11967363590005099,0.37941866394696583,0.28233314048282754,0.7488250652741515,0.25146353901070884
43210,菊池市,43,46416.0,7.178265628017769,3.7232558638597397,3.455009764158029,0.2682460997017103,5.909276342167402,1.0621337469837986,2.8902519893899203,0.5494963529003126,0.5078421234057222,4.403768729506496,0.2352852464667356,0.25933483848558525,0.13142019993105825,0.3405506721820062,0.28006853226727585,0.7220678154530294,0.13514736297828336
43211,宇土市,43,36122.0,7.373488642337382,3.5110533159947983,3.8624353263425837,-0.35138201034778516,6.66906409955385,0.9225402801616743,3.0370244565217392,0.6651116501834919,0.34114943801561376,4.303571428571429,0.20998283594485356,0.21676929775455622,0.13462709705996345,0.3013399036598195,0.256299710101836,0.6887272727272727,0.281462820441836
43212,上天草市,43,24563.0,5.442522889114954,2.1490335707019326,3.293489318413021,-1.1444557477110884,6.184649769521551,0.9641330456377478,2.983616149795202,0.6676449662041978,0.35358058869030656,4.020486555697824,0.2500916011887799,0.2784596229099965,0.10344827586206896,0.42018483084313807,0.3000699930006999,0.8183716075156576,
43213,宇城市,43,57032.0,6.572503371424515,3.1744623465114628,3.3980410249130526,-0.2235786784015899,6.090161012193137,0.9746458128769814,2.9443331998398077,0.6206506674447443,0.39754874456445505,4.460241131786187,0.23085285453780333,0.26121526004814355,0.12605204095946135,0.3492600645251788,0.2742854474126658,0.7063162747810051,0.13965843736849487
43214,阿蘇市,43,24930.0,7.099710384774514,3.2974762101779063,3.8022341745966073,-0.5047579644187008,5.211172290781551,1.0504612916165263,2.8294273486855515,0.5798662996460873,0.4415964701163257,2.678913126674321,0.22515042117930203,0.28415257569799446,0.11143200962695547,0.4031688728439631,0.333467417538214,0.753,
43215,天草市,43,75783.0,4.959677419354839,2.216351501668521,2.743325917686318,-0.5269744160177976,5.833853197154598,0.9915152474829447,2.92093376352249,0.7074637929068309,0.3714553395880343,3.8275937705637206,0.24395972711558,0.273605884365378,0.11131784173231464,0.4092078698388821,0.32795359979826,0.7555926544240401,0.18690207566340736
43216,合志市,43,61772.0,7.57366482504604,4.097605893186004,3.476058931860037,0.6215469613259669,7.2008264499552554,0.896943599041637,3.4796516990739033,0.6723721590909091,0.3182347989380302,3.962894754791624,0.16802110988797514,0.15479403409090908,0.18624943340024608,0.24218092339571326,0.21427285006753716,0.7407729049066435,0.6607524444732241
43348,美里町,43,9392.0,4.506487488415199,2.015755329008341,2.4907321594068583,-0.4749768303985172,5.459234212995624,0.893313458262351,2.6662220740246747,0.5664662658650634,0.2921635434412266,3.2945736434108532,0.22764054514480409,0.2865731462925851,0.08283645655877342,0.47018739352640543,0.26255506607929513,,
43364,玉東町,43,5045.0,4.652966265994571,2.44280728964715,2.2101589763474214,0.23264831329972857,5.709547325131154,0.7982160555004956,2.842626367899948,0.5467235362543622,0.20792864222001983,3.588785046728972,0.24202180376610505,0.3012795657231485,0.13954410307234885,0.3633300297324083,0.23174778761061948,,
43367,南関町,43,8979.0,5.533094605521543,2.5297447152593278,3.0033498902622155,-0.47360517500288785,5.5444426660489885,1.0790733934736607,2.794524959742351,0.5124832813196611,0.47232431228421873,3.9194688370100663,0.22196235660986746,0.28065091395452524,0.10591379886401604,0.39302817685711106,0.2748135398737808,,
43368,長洲町,43,15372.0,6.195795006570302,2.7135348226018396,3.4822601839684624,-0.7687253613666228,6.69061461663215,1.055230288836846,2.8508306216817947,0.5515927035121154,0.491608118657299,4.622176058166709,0.22092115534738485,0.1490607133133678,0.11989331251626334,0.3572729638303409,0.3171339563862928,0.7996688741721855,
43369,和水町,43,9342.0,4.92949927833907,2.597979349394915,2.3315199289441546,0.2664594204507605,5.288305567082524,0.9521515735388568,2.7835773392743475,0.5450792961112318,0.36394776279169344,3.7432036804684232,0.23924213230571612,0.30827721051488155,0.10169128666238493,0.42399914365232283,0.23822143698468787,,
43403,大津町,43,35187.0,11.545552100817213,5.95162754863385,5.593924552183363,0.35770299645048564,6.552815434251339,1.0829283542217296,3.61050107282595,0.561880487114132,0.5133429959928383,3.582546010594725,0.1594623014181374,0.15819881053525908,0.1699491289396652,0.21689828629891722,0.3230986911920764,0.6023351648351648,0.24699462869809874
43404,菊陽町,43,43337.0,11.528529969607641,5.591736934713558,5.936793034894084,-0.345056100180526,7.176322836262741,0.9805939497427141,3.8739495798319328,0.6296987087517933,0.5243787064171493,3.1854801370497268,0.14548768950319588,0.1469153515064563,0.17142395643445554,0.20866695894962733,0.34665840887337424,0.46178176067474963,0.742067978863327
43423,南小国町,43,3750.0,12.381703470031544,5.993690851735016,6.38801261829653,-0.3943217665615142,5.139378169988981,1.0077333333333334,2.82722143864598,0.6750687442713107,0.4896,2.064631956912029,0.2864,0.3556370302474794,0.11493333333333333,0.4029333333333333,0.39612015018773467,,
43424,小国町,43,6590.0,11.628276409849086,3.431294678316124,8.196981731532963,-4.765687053216839,5.517296611257543,0.9919575113808802,2.8101637967240656,0.6694074284094131,0.33763277693474963,2.515201768933112,0.26737481031866467,0.33683016728097537,0.10606980273141123,0.421092564491654,0.3254058135145338,,
43425,産山村,43,1382.0,9.110947832476121,3.9676708302718593,5.143277002204261,-1.1756061719324025,4.542079891026885,0.9544138929088278,2.7211328976034856,0.446229913473424,0.25253256150506515,1.820388349514563,0.3342981186685962,0.519159456118665,0.1049204052098408,0.4283646888567294,0.3088803088803089,,
43428,高森町,43,5789.0,8.706852138073158,4.15593336767989,4.5509187703932685,-0.39498540271337795,4.854167630240095,1.007946104681292,2.696558410082404,0.5811820652173914,0.3800310934531007,2.3872679045092835,0.2701675591639316,0.3559782608695652,0.10848160304024874,0.4323717395059596,0.31998331247392575,,
43432,西原村,43,6426.0,8.679672038450665,5.357647724059937,3.3220243143907267,2.035623409669211,5.324170004337489,1.0656707127295362,3.1045634207689545,0.5554292211483798,0.4954870837223778,2.548476454293629,0.23669467787114845,0.3081296191017624,0.1400560224089636,0.3152816682228447,0.23452078032230703,,
43433,南阿蘇村,43,9836.0,7.39078396169958,3.7901456213844007,3.6006383403151805,0.18950728106922002,5.265514425444065,0.9540463603090688,2.945369558866491,0.57222554293684,0.3289955266368442,2.7702440914374273,0.2979869865799105,0.3401075911536162,0.1021756811712078,0.42710451403009353,0.29917313956401903,,
43441,御船町,43,16303.0,7.429067747539085,4.1980312680949625,3.231036479444123,0.9669947886508397,5.926803356686646,0.9238177022633871,2.960651289009498,0.65913992134974,0.34962890265595287,3.795460092750793,0.22799484757406613,0.22884688570341238,0.1373366864994173,0.3473593817088879,0.24421427415439392,0.8052959501557633,
43442,嘉島町,43,9547.0,8.513750731421885,4.837136727130876,3.6766140042910083,1.1605227228398673,6.351572031571581,1.2630145595475017,3.301391740816792,0.6952422714317036,0.8376453336126531,3.715431707831961,0.17639048915889807,0.1925016443762333,0.1787996229181942,0.2651094584686289,0.2580275229357798,,
43443,益城町,43,32510.0,7.640660275016859,4.049022194857361,3.5916380801594983,0.45738411469786255,6.575775254618904,0.976161181175023,3.090689326789246,0.6835840418574232,0.40203014457090125,4.245991983967936,0.19569363272839127,0.19973839110529756,0.15822823746539527,0.29966164257151645,0.2012992563466963,0.7420965058236273,0.6556136573362042
43444,甲佐町,43,10132.0,5.689585846401287,2.744270205066345,2.945315641334942,-0.2010454362685967,5.7446784948140355,0.9407816818002369,2.6790878754171303,0.6140350877192983,0.363995262534544,3.555133079847909,0.22404263718910383,0.2897693672383205,0.12603632056849584,0.393505724437426,0.24425601750547046,,
43447,山都町,43,13503.0,4.83432916892993,2.0563358423217193,2.7779933266082097,-0.7216574842864902,4.571527869569857,1.0044434570095535,2.7821376986037554,0.45799785292538914,0.3148189291268607,2.447964393245189,0.2905280308079686,0.4504830917874396,0.09190550248093016,0.5014441235281049,0.2819628138777075,,
43468,氷川町,43,11094.0,5.632098305715882,2.6903742319865946,2.941724073729287,-0.25134984174269226,5.911962818619941,0.8556877591490896,2.797357926221336,0.52367941712204,0.24725076617991706,3.4130893736805064,0.2994411393546061,0.37905282331511836,0.10870740941049216,0.38741662159725976,0.25255623721881393,,
43482,芦北町,43,15681.0,4.651475431874706,1.9157088122605364,2.7357666196141697,-0.8200578073536332,5.721929690808819,0.9615458197819017,2.791518034086405,0.6168131556563652,0.32300235954339646,3.462433283153141,0.23863274025891207,0.25871845761270207,0.1032459664562209,0.447994388113003,0.2710641154749916,0.7662565905096661,
43484,津奈木町,43,4254.0,4.528853177501826,1.996591185780375,2.532261991721451,-0.5356708059410762,5.8484577370373625,0.8218147625763987,2.624103299856528,0.6273512963904423,0.21391631405735778,4.65341735336888,0.24141984015044665,0.24555160142348753,0.1081335213916314,0.4207804419370005,0.2714285714285714,,
43501,錦町,43,10288.0,6.528456094886874,2.8007575002491776,3.7276985946376953,-0.9269410943885179,5.627815533833176,0.9604393468118196,2.743853487205218,0.5816608359418155,0.3930793157076205,3.311376179455225,0.21160575427682737,0.249861903885104,0.14861975116640747,0.3324261275272162,0.24986522911051212,,
43505,多良木町,43,9076.0,5.408003845691624,2.0310058887152986,3.376997956976325,-1.3459920682610265,5.575913845945029,0.99724548259145,2.9575089198832307,0.5319239803544736,0.34001762891141474,2.721229746572497,0.2244380784486558,0.33482810164424515,0.1130453944468929,0.42739092111062144,0.2705677867902665,,
43506,湯前町,43,3627.0,5.747460087082729,2.5544267053701013,3.1930333817126266,-0.6386066763425253,5.637384640928446,0.8706920319823546,2.674493927125506,0.5384615384615384,0.26523297491039427,2.7027027027027026,0.21836228287841192,0.3290598290598291,0.10780259167355942,0.44141163496002206,0.27519656897784134,,
43507,水上村,43,2033.0,4.70770822555613,1.9658561821003622,2.7418520434557685,-0.7759958613554061,4.857257873595426,0.9355632070831283,2.736,0.5316831683168317,0.22970978848991638,2.131782945736434,0.22528283325135268,0.3504950495049505,0.12985735366453516,0.4436792916871618,0.2928388746803069,,
43510,相良村,43,4070.0,5.074476142388286,2.221661196667508,2.8528149457207777,-0.6311537490532694,5.082176161514296,0.9565110565110565,2.739193083573487,0.5107769423558898,0.3471744471744472,4.545454545454546,0.22358722358722358,0.31378446115288217,0.10737100737100737,0.43095823095823094,0.22313483915126625,,
43511,五木村,43,931.0,12.16361679224973,3.013993541442411,9.14962325080732,-6.135629709364909,4.155922914742373,1.117078410311493,2.7581521739130435,0.5477707006369427,0.39097744360902253,1.257861635220126,0.21267454350161116,0.3014861995753716,0.07733619763694952,0.4790547798066595,0.3492822966507177,,
43512,山江村,43,3238.0,5.88235294117647,2.5616698292220113,3.320683111954459,-0.7590132827324478,5.2903197847016195,0.7708462013588635,2.6538461538461537,0.5821078431372549,0.18097591105620753,2.972651605231867,0.20537368746139592,0.24019607843137258,0.15843113032736256,0.3607164916615195,0.21346324180690876,,
43513,球磨村,43,2433.0,6.646525679758309,1.6616314199395772,4.984894259818732,-3.3232628398791544,4.52997654890474,0.898479243732018,2.678486997635934,0.5572597137014315,0.23510069872585285,3.2640949554896146,0.3033292231812577,0.21676891615541927,0.10069872585285655,0.44677353062063296,0.28,,
43514,あさぎり町,43,14676.0,5.078958600085361,2.2905107412149666,2.788447858870394,-0.49793711765542753,5.607766381872775,0.9454892341237394,2.708829646435999,0.5425154422394532,0.3286317797765059,3.119429590017825,0.22567457072771874,0.31002759889604414,0.13191605342055057,0.3838239302262197,0.2625845229151014,,
43531,苓北町,43,7114.0,5.753776920604308,2.5875924140147863,3.1661845065895213,-0.5785920925747349,5.61133887304784,1.035141973573236,2.9664723032069973,0.6489593041317179,0.3949957829631712,2.484095728567101,0.22757942086027552,0.2910841876359118,0.10331740230531347,0.43168400337362944,0.3245997088791849,,
44201,大分市,44,475614.0,5.562087384594563,2.7517561926673406,2.810331191927223,-0.05857499925988268,7.567558938900676,1.0123945047874958,3.521631833181883,0.7440870985498614,0.450642748110863,4.154954549779019,0.16281059851055688,0.15734950413745186,0.13234261396847022,0.27183598464300884,0.36433949087847856,0.5444022681475233,0.7384706926204864
44202,別府市,44,115321.0,7.682290505284753,3.821968514471748,3.8603219908130044,-0.03835347634125675,7.874472080247719,0.9902619644297223,3.177067205205879,0.8242155511614436,0.4091102227694869,4.830063868613139,0.19494281180357437,0.2000119839415183,0.102669938692866,0.3383425395201221,0.4451261202993625,0.5128301179996254,0.8758855715784636
44203,中津市,44,82863.0,8.710318433835434,4.445316716549728,4.265001717285707,0.18031499926402042,6.605374194327478,1.0200451347404753,3.169677903486493,0.6055687516495117,0.4588658387941542,3.9446331693961363,0.17585653427947334,0.1752177355502771,0.1322906484196807,0.29962709532602005,0.3951828485885372,0.6338138925294888,0.31101939345666946
44204,日田市,44,62657.0,5.41963559054595,2.4963874632517813,2.9232481272941686,-0.42686066404238715,6.294430051726621,1.0034473402812136,2.9492578811792125,0.6493407707910751,0.4470051231306957,3.995131598965465,0.205627463810907,0.24822515212981744,0.12397657085401471,0.35716679700592113,0.3121085178535807,0.663290113452188,0.4446270967330067
44205,佐伯市,44,66851.0,4.570985259891389,2.0558572536850273,2.5151280062063615,-0.45927075252133437,6.318239893226435,0.9944054688785509,3.0348054506649156,0.645208977287999,0.3965236122122332,4.669784126577413,0.2158980419141075,0.2302109931460825,0.10409717132129662,0.4090888692764506,0.32338551859099807,0.7725800647715005,0.3357765777624867
44206,臼杵市,44,36158.0,5.129674738501218,2.295457801977361,2.834216936523857,-0.5387591345464966,6.055240042868351,0.9563582056529676,2.9342568161829377,0.6364480198019802,0.35980972398915867,4.395669407797433,0.20360639415896897,0.2206683168316832,0.103462580894961,0.4100890535980972,0.29210042865891,0.7764705882352941,0.3552187620996737
44207,津久見市,44,16100.0,4.826435246995995,1.9826435246995993,2.843791722296395,-0.8611481975967956,6.286044058298103,1.0248447204968945,3.2503536067892504,0.6370256266629324,0.42453416149068324,4.672273394740356,0.1891304347826087,0.20389301218316758,0.08819875776397515,0.44956521739130434,0.3089944053937742,0.8191823899371069,0.412111801242236
44208,竹田市,44,20332.0,6.385790558756674,2.949727758101179,3.436062800655495,-0.4863350425543162,4.95487138613004,1.0554790478064136,2.8262319939347993,0.5601561012754617,0.3831398780247885,2.58692628650904,0.24036002360810546,0.4019607843137255,0.08902223096596498,0.4823922880188865,0.3548125867653864,0.8409090909090909,
44209,豊後高田市,44,22112.0,7.628287658635277,3.9819753540555456,3.6463123045797317,0.3356630494758139,5.523022375086685,1.0065123010130246,2.876310772163966,0.5449072246348203,0.40557163531114326,3.3021569001717883,0.21472503617945007,0.2608566916699566,0.10998552821997105,0.3867130969609262,0.36054421768707484,0.8376844494892168,
44210,杵築市,44,27999.0,6.6378618131763085,2.9671548197147555,3.670706993461553,-0.7035521737467977,5.4925601225425895,0.959069966784528,2.781417568489812,0.5573744932959152,0.3310118218507804,3.9820359281437123,0.20986463802278651,0.2673058933582788,0.1051108968177435,0.37065609486053075,0.35703567855951984,0.7232142857142857,
44211,宇佐市,44,52771.0,5.958977911182944,2.895790040791195,3.0631878703917494,-0.16739782960055416,5.705622296883175,0.9730533815921624,3.08323269407275,0.5944635795382064,0.40946732106649486,4.480097481722177,0.1951640105360899,0.2139303482587065,0.11680657937124557,0.3655795796933922,0.3186055012336654,0.7329572167371885,
44212,豊後大野市,44,33695.0,5.8909931870741925,2.5157822363897746,3.375210950684418,-0.8594287142946435,5.363522875665957,0.9775634367116783,2.950641241984475,0.6219356486210419,0.33266063214126723,4.580896686159844,0.20744917643567296,0.2813457609805925,0.09983677103427809,0.4420537171687194,0.31676384839650146,0.7713643178410795,
44213,由布市,44,32772.0,9.540288177560335,4.931237134930342,4.609051042629994,0.32218609230034906,5.898520601265024,0.9839802270230684,3.0049838756962766,0.7585474212864594,0.4262480165995362,3.927997030805394,0.18766019772976933,0.2202691391410727,0.12696814353716587,0.3416025875747589,0.31550842932336565,0.7257939581719597,
44214,国東市,44,26232.0,10.329424902289224,2.9672170375687963,7.3622078647204265,-4.394990827151632,5.37375166889414,1.0430009149130832,2.7576165803108807,0.5367060325566549,0.4110247026532479,3.5183616906613286,0.22327691369319916,0.27641238429620174,0.08863220494053065,0.43111466910643487,0.371000336813742,0.6954697986577181,
44322,姫島村,44,1725.0,3.5067212156633545,1.5195791934541203,1.9871420222092344,-0.46756282875511396,5.9600782332873115,0.9547826086956521,2.699463327370304,0.654639175257732,0.22318840579710145,2.0202020202020203,0.32,0.30541237113402064,0.07710144927536232,0.5460869565217391,0.32971014492753625,,
44341,日出町,44,27723.0,7.2083078802687846,3.5825936972223222,3.625714183046462,-0.043120485824140284,6.493777647082376,0.8663564549291203,3.1211635750421585,0.6864515098258508,0.31807524438192114,4.501068050045774,0.18021137683511884,0.17566703946317308,0.1371785160336183,0.3069653356418858,0.28213024182592156,0.7262222222222222,
44461,九重町,44,8541.0,6.263550951577932,2.6860997350036135,3.5774512165743193,-0.8913514815707059,4.977301752905977,0.9692073527689966,2.7442019099590724,0.5484957341715312,0.39620653319283455,2.7086063783311487,0.2528977871443625,0.3702290076335878,0.1050228310502283,0.45158646528509544,0.28653381642512077,,
44462,玖珠町,44,14386.0,7.488412514484357,3.403823870220162,4.084588644264195,-0.6807647740440325,5.766459806595867,0.9795634644793549,2.8852790014684286,0.6338819226750261,0.3446406228277492,2.8426395939086295,0.2158348394272209,0.29245036572622785,0.11163631308216321,0.3841929653830113,0.3065465881537929,,
45201,宮崎市,45,401339.0,6.260519538458419,3.0334293188408736,3.2270902196175446,-0.19366090077667147,7.207214739849342,1.0131559604224858,3.3880521108686525,0.7715246090462057,0.4414347970169856,4.072753929594,0.19205708889492423,0.1979189739954813,0.1340487717366117,0.2756223541694179,0.3958439890740116,0.5682249065597746,0.691049212760285
45202,都城市,45,160640.0,7.770615227527157,4.562845227404136,3.207770000123021,1.355075227281115,6.313941549984346,1.0357569721115538,3.038339351299416,0.6633447026220423,0.4686254980079681,4.11119912103636,0.20736429282868526,0.2112955659774035,0.13806648406374503,0.315394671314741,0.3590601185436071,0.6884664491417223,0.42976220119521913
45203,延岡市,45,118394.0,5.365292795955624,2.4434770397416097,2.921815756214015,-0.47833871647240556,6.795492611415478,1.0130243086642905,3.081970351149584,0.6533367669781474,0.43014004088045005,4.070865169134126,0.19591364427251381,0.20038996394672948,0.12232883423146443,0.3438687771339764,0.3564094586185439,0.6462411902897416,0.6658952311772556
45204,日南市,45,50848.0,5.51682642433296,2.607992032864434,2.9088343914685257,-0.3008423586040915,6.140215003294967,0.9901471050975457,2.9659694375203207,0.6786323291504526,0.37519666456891126,4.676363939482349,0.20008653241032096,0.21284596213545537,0.11748741346758967,0.3854625550660793,0.33679417122040073,0.7329462989840348,0.2415434235368156
45205,小林市,45,43670.0,6.519310754604872,2.9209744503862147,3.598336304218657,-0.6773618538324421,5.69514119150476,1.0021296084268376,3.268476714700971,0.6051272419945535,0.4013739409205404,3.9635658565180143,0.22640256468971834,0.28946379941778566,0.12386077398671858,0.37160522097549803,0.3473314459473629,0.743956043956044,0.1668651247996336
45206,日向市,45,59629.0,6.18528186422805,2.8246927239096236,3.3605891403184263,-0.5358964164088025,6.613995685033628,0.995975112780694,3.061020493517357,0.6348552029929333,0.45732781029364905,3.7893684385935678,0.1938318603364135,0.21231120964389638,0.1350349662077177,0.32308105116637875,0.32648246631212763,0.6420106252554147,0.6668231900585285
45207,串間市,45,16822.0,6.013585093787001,2.3119586215491994,3.701626472237801,-1.3896678506886022,5.5272438653882,0.9726548567352277,2.768232819074334,0.5767209668943774,0.30150992747592437,3.229087210780575,0.2551420758530496,0.33565423016290064,0.1149684936392819,0.42759481631197244,0.33671484157865483,0.7996918335901386,
45208,西都市,45,28610.0,5.979770638934397,2.7708526248308285,3.2089180141035687,-0.43806538927274025,5.626394323688112,0.9906675987416987,2.7206111060287257,0.5369644257503386,0.3751485494582314,3.215345339129235,0.270604683677036,0.35274827119127394,0.11488989863684027,0.3783991611324712,0.3081573569482289,0.7372013651877133,0.23009437259699406
45209,えびの市,45,17638.0,7.904142497216851,3.2518896115310247,4.652252885685827,-1.4003632741548016,5.460722910933155,1.0117927202630683,2.808633582596873,0.5746548092674936,0.37611974146728655,3.858701766227922,0.25263635332804174,0.3169904048677744,0.10908266243338247,0.42357410137203766,0.35218637099788214,0.8175765645805593,
45341,三股町,45,25591.0,7.284690858121788,3.5313814047656127,3.7533094533561755,-0.22192804859056223,6.705100769227196,0.8137626509319683,2.9745704467353953,0.6776058493453494,0.26216247899652223,3.8816703440385716,0.19026220155523427,0.18109165107974834,0.17232620843265212,0.2832245711382908,0.26596580860679897,0.8013833992094862,
45361,高原町,45,8639.0,5.397354938639342,2.2637912546169425,3.1335636840223993,-0.869772429405457,5.272831729147486,0.9025350156268087,2.7168081494057725,0.5617831074035453,0.2671605509896979,5.7956777996070725,0.24875564301423775,0.29614181438998954,0.10788285681213103,0.41775668480148165,0.30906666666666666,,
45382,国富町,45,18398.0,6.276379981362715,3.349229841583073,2.927150139779642,0.42207970180343146,5.839568203944896,0.9340145668007392,2.6719773674806433,0.5808925338161679,0.3928687900858789,3.6729250025648916,0.2574192847048592,0.29374800298221326,0.11446896401782802,0.37254049353190566,0.2746308724832215,0.827027027027027,
45383,綾町,45,6934.0,6.484893146647015,3.0213706705969052,3.4635224760501107,-0.4421518054532056,5.86306600508034,0.9068358811652726,2.7566899958830793,0.5505978419364246,0.2910297086818575,4.987531172069826,0.27891548889529855,0.32020997375328086,0.14046726276319585,0.36832996827228154,0.26096106629252896,,
45401,高鍋町,45,19922.0,8.90272373540856,4.357976653696498,4.544747081712062,-0.1867704280155642,6.307211373972018,1.015259512097179,2.89106834443622,0.6746759405627569,0.4133119164742496,4.575623491552696,0.21564099989960847,0.2126672989777637,0.13121172573034837,0.3262724626041562,0.3492430370969606,0.6532258064516129,0.48453970484891074
45402,新富町,45,16564.0,9.726941747572816,4.690533980582525,5.036407766990291,-0.345873786407767,5.8186868997025485,0.9136078241970539,2.8886795187708363,0.6124547920433996,0.2784955324800773,3.385018563005023,0.2282057474040087,0.2596066907775768,0.13354262255493843,0.3172542864042502,0.2700125078173859,0.7868852459016393,
45403,西米良村,45,1000.0,8.173562058526741,2.9263370332996974,5.247225025227043,-2.320887991927346,4.2460981174496375,1.072,3.203562340966921,0.6133567662565905,0.398,1.0434782608695654,0.224,0.29525483304042177,0.136,0.437,0.4351297405189621,,
45404,木城町,45,4895.0,5.414012738853503,2.208067940552017,3.2059447983014864,-0.9978768577494692,5.248311928670958,0.8596527068437181,2.636904761904762,0.578239608801956,0.28580183861082736,2.5416997617156474,0.23575076608784473,0.2819885900570497,0.15546475995914197,0.37221654749744637,0.26680896478121663,,
45405,川南町,45,15194.0,6.164055551754806,2.6749675035917084,3.4890880481630977,-0.8141205445713895,5.564770537325775,1.0084901934974333,2.893008474576271,0.47839349262836806,0.4268790311965249,3.388998035363458,0.26675003290772675,0.32028469750889677,0.12807687244965119,0.35724628142687903,0.3038269550748752,0.8121739130434783,
45406,都農町,45,9906.0,5.949291275703733,2.9247354761429425,3.0245557995607903,-0.09982032341784787,5.68726310215624,0.9165152432868968,2.7042173789980186,0.5074565883554648,0.26711084191399154,4.132393262828046,0.29396325459317585,0.3327885597548519,0.1257823541288108,0.38744195437108825,0.27808704453441296,,
45421,門川町,45,17379.0,6.033315674848431,2.872446877391253,3.1608687974571783,-0.288421920065925,6.721356654322343,0.8815236780021866,2.8152173913043477,0.6015228426395939,0.3364405316761609,4.258273547789863,0.2120950572530065,0.18733381677544114,0.13619886069394097,0.34213706197134475,0.269674405022631,0.785007072135785,0.5080844697623569
45429,諸塚村,45,1486.0,7.32574679943101,2.844950213371266,4.480796586059744,-1.6358463726884778,4.624878605070591,1.0296096904441454,3.0527426160337554,0.4461538461538462,0.3506056527590848,1.744186046511628,0.2133243606998654,0.35739644970414197,0.1009421265141319,0.45625841184387617,0.2822966507177033,,
45430,椎葉村,45,2503.0,8.229426433915211,3.117206982543641,5.112219451371571,-1.99501246882793,4.36326643750976,1.0275669196963644,3.188861985472155,0.4826021180030257,0.27766679984019177,0.6015037593984963,0.2632840591290451,0.37594553706505296,0.11905713144226927,0.45625249700359566,0.3083491461100569,,
45431,美郷町,45,4826.0,7.341884122069881,3.184431667403804,4.1574524546660765,-0.9730207872622734,4.507338980635434,0.9952341483630336,2.690426275331936,0.4712,0.28118524658101945,1.768172888015717,0.27103191048487363,0.394,0.08744301699129714,0.515748031496063,0.3248826291079812,,
45441,高千穂町,45,11642.0,6.432207311429893,2.878297084683017,3.5539102267468765,-0.6756131420638593,5.668258806922498,1.0067857756399243,2.874521805661821,0.5991450180861558,0.3531180209585982,2.202926515516964,0.23698677203229684,0.3543242354488655,0.1138979556777186,0.43093970108228824,0.2982027956512092,,
45442,日之影町,45,3635.0,4.972214097689383,2.4861070488446915,2.4861070488446915,0.0,4.962041651495698,0.956808803301238,2.7694444444444444,0.4944612286002014,0.2902338376891334,2.263779527559055,0.2451169188445667,0.3655589123867069,0.10398899587345255,0.45584594222833563,0.30624580255204836,,
45443,五ヶ瀬町,45,3472.0,9.365466748017083,4.3624161073825505,5.003050640634534,-0.6406345332519829,5.1345031932914305,0.9346198156682027,2.8892185954500493,0.49284928492849284,0.22811059907834103,3.7076271186440675,0.2485599078341014,0.4174917491749175,0.13076036866359447,0.42943548387096775,0.254071661237785,,
46201,鹿児島市,46,593128.0,6.355209103224792,3.087627671611449,3.267581431613343,-0.17995376000189425,7.777722660752597,1.0104581135943675,3.4707324340968237,0.8163321702413017,0.463105771435508,4.135819039814632,0.17974197812276607,0.17204305037158762,0.12759471817213147,0.267739847048192,0.4227754461293641,0.543882695448413,0.806751662373046
46203,鹿屋市,46,101096.0,8.570762273639811,4.150021292559771,4.42074098108004,-0.2707196885202685,6.153048286161219,1.006350399620163,3.0718816617272395,0.6865854458758941,0.38577193954261296,3.798080969615352,0.21002809211046924,0.2253111397887093,0.14969929571892063,0.29603545145208515,0.3842154495420827,0.6436575526669654,0.2537785866898789
46204,枕崎市,46,20033.0,5.947719335379405,2.5875754048047415,3.360143930574664,-0.7725685257699227,6.189371409886334,0.9918634253481755,2.9199306258129787,0.647196759752718,0.4262466929566216,4.0204603580562654,0.24404732191883394,0.23342570880409297,0.10138271851445116,0.40892527329905654,0.38056851930420027,0.812910284463895,0.40368392152947635
46206,阿久根市,46,19270.0,5.554637130104149,2.6064914310905385,2.9481456990136112,-0.3416542679230727,5.899982982572888,1.0062272963155163,2.78319950586782,0.6095442238267148,0.42952776336274,4.523912106850495,0.225531914893617,0.24763086642599275,0.10207576543850545,0.4177477944992216,0.3438993124344482,0.7581081081081081,
46208,出水市,46,51994.0,6.302888824044353,3.0833576500340434,3.21953117401031,-0.1361735239762669,6.07824865097203,0.9925952994576297,2.8836868686868686,0.6192189521345407,0.38304419740739315,4.320581750667234,0.22600684694387815,0.2195181112548512,0.1312074470131169,0.3341154748624841,0.34723138496723405,0.704162976085031,
46210,指宿市,46,39011.0,6.461149783642862,2.881178272905636,3.5799715107372267,-0.6987932378315909,6.2885642511579185,0.9944374663556432,2.785636244446063,0.6540772532188841,0.389966932403681,3.5596026490066226,0.27161569813642306,0.3096030042918455,0.11673630514470278,0.3950424239317116,0.3697687535250987,0.7461170848267622,0.14044756607110814
46213,西之表市,46,14708.0,11.897836112096488,5.846044696700957,6.051791415395531,-0.20574671869457253,5.14997238792353,0.9924530867555073,3.1599513720041683,0.6624621594349143,0.3535490889311939,2.8788435624157787,0.2563910796845254,0.3240413723511605,0.12374218112591787,0.38060919227631224,0.39589568191534846,0.6661676646706587,
46214,垂水市,46,13819.0,6.421028289524397,2.9908271024435367,3.43020118708086,-0.43937408463732364,5.967087915663756,0.9734423619654099,2.8210433634162446,0.5918651407361584,0.385556118387727,4.518606024808033,0.23221651349591144,0.2547169811320755,0.09190245314422173,0.42680367609812575,0.37922077922077924,0.8260135135135135,
46215,薩摩川内市,46,92403.0,6.964080586727932,3.3301670053901207,3.63391358133781,-0.30374657594768933,6.028897739428092,1.0154215772215187,3.1259718775847807,0.6500292363466261,0.43145785310000756,4.291278653295129,0.18216941008408818,0.17020231551865284,0.13798253303464172,0.3213856692964514,0.3716272464619754,0.6158536585365854,0.22959211281019015
46216,日置市,46,47153.0,7.439198855507868,3.5765379113018603,3.862660944206009,-0.28612303290414876,6.120133073878945,0.9509257099230166,2.8636106714899388,0.6853850708202396,0.36803596801900196,3.6212799578614696,0.1984603312620618,0.19784123514141272,0.13008716306491633,0.35259686552287234,0.3012210264900662,0.768621236133122,0.1097703221428117
46217,曽於市,46,33310.0,6.077365232251049,2.762156283983222,3.3152089482678266,-0.5530526642846046,5.334820670431188,0.9671269888922246,2.7218038451315674,0.574411234698316,0.3701591113779646,3.6405005688282137,0.2546682677874512,0.28975330889206485,0.109696787751426,0.41419993995797055,0.35569238831390015,0.8170028818443804,
46218,霧島市,46,123135.0,8.235963272934102,4.0659787113025105,4.169984561631592,-0.104005850329081,6.430449024964381,1.007877532789215,3.16240749876665,0.657253193747941,0.4239249604093069,3.992268494113513,0.18619401469931376,0.17820930487938802,0.14242092012831445,0.2753481950704511,0.38369827928285416,0.5811785400175902,0.4019165956064482
46219,いちき串木野市,46,27490.0,6.432114073155611,3.115313081215127,3.3168009919404837,-0.2014879107253565,6.461075383372387,0.9876318661331394,2.935737976782753,0.6580812854442344,0.37155329210622046,4.791901012373454,0.18577664605311023,0.19376181474480147,0.11513277555474719,0.37002546380502,0.3347315436241611,0.7642045454545454,0.4160421971626046
46220,南さつま市,46,32887.0,7.220042451919985,3.3993696533093196,3.8206727986106643,-0.42130314530134433,5.772336710596652,1.0143217684799464,2.79562109025916,0.6845807540799099,0.3501687596922796,4.53934998656997,0.21531304162739076,0.21532076533483402,0.11116854684221729,0.3957794873354213,0.3590064704654561,0.7807283763277694,
46221,志布志市,46,29329.0,7.381591328895549,3.269090021956575,4.112501306938975,-0.8434112849823998,5.388940128124854,1.0401650243786014,2.884942517992336,0.5821375026772329,0.4110948208258038,3.685621948703844,0.24978690033754986,0.2786463910901692,0.13692931910395853,0.3584506802141225,0.3641188959660297,0.7497982243744956,
46222,奄美市,46,41390.0,10.373021198339918,4.7988270086234746,5.574194189716445,-0.7753671810929695,6.401627796713232,1.005291133123943,3.1435238460554915,0.8212795898879228,0.3828460980913264,4.6576261440414015,0.22945155834742692,0.212795898879228,0.13735201739550615,0.32474027542884754,0.4205554988256918,0.4752732951587715,0.30591930417975355
46223,南九州市,46,33080.0,5.938264933083256,2.749785421368853,3.188479511714404,-0.43869409034555107,5.270415234543989,1.0077690447400243,2.709180529882933,0.5558210784313725,0.4352781136638452,4.05079663707449,0.25105804111245467,0.31924019607843135,0.11136638452237001,0.400453446191052,0.3378979563464479,0.8357196684250189,
46224,伊佐市,46,24453.0,5.77633198522947,2.4881308246878846,3.2882011605415857,-0.8000703358537014,5.347991248279952,0.9925980452296241,2.7822940537932697,0.583168911383718,0.36874821085347403,3.9785831960461286,0.22598454177401545,0.24843441708844471,0.11262421788737578,0.41573631047315257,0.3813215859030837,0.8046198267564967,
46225,姶良市,46,76348.0,8.02708549338863,4.284269677303739,3.742815816084892,0.5414538612188472,6.8905880327182265,0.9201157856132446,3.0106551289916372,0.757530164057753,0.34489443076439463,4.310869926352511,0.1882564048829046,0.16012268163536936,0.14378896631214963,0.31364279352438834,0.3235105505847864,0.700925925925926,0.5631319746424268
46303,三島村,46,405.0,35.75581395348838,15.69767441860465,20.058139534883722,-4.3604651162790695,4.928884644077563,1.002469135802469,3.802919708029197,0.7169811320754716,0.1308641975308642,0.4694835680751174,0.2839506172839506,0.3679245283018868,0.2345679012345679,0.2641975308641975,0.591743119266055,,
46304,十島村,46,740.0,33.58098068350668,17.236255572065378,16.344725111441306,0.8915304606240713,3.2769488062411303,1.0108108108108107,3.5434782608695654,0.6398104265402843,0.13783783783783785,2.5404157043879905,0.2945945945945946,0.31753554502369663,0.19324324324324324,0.2756756756756757,0.5663956639566395,,
46392,さつま町,46,20243.0,6.34895164741121,2.7599486521181,3.5890029952931104,-0.8290543431750107,5.247419348612097,1.030331472607815,2.960232350312779,0.5269541778975741,0.4468705231438028,2.8614176173555266,0.20293434767573976,0.27040816326530615,0.10863014375339623,0.4172800474238008,0.3793253536452666,0.8297619047619048,
46404,長島町,46,9705.0,4.947334822853495,1.883179061602298,3.0641557612511967,-1.1809766996488988,5.308987173060261,0.9382792375064399,2.92,0.44029275808936824,0.3157135497166409,3.2426388371226236,0.28438948995363217,0.42334360554699535,0.1426069036579083,0.36527563111798045,0.2892749244712991,,
46452,湧水町,46,9119.0,8.054014950566675,3.990836749457439,4.063178201109236,-0.07234145165179648,5.322626238761471,0.976532514530102,2.7110423116615068,0.6050651955867603,0.364623313959864,4.0192539109506615,0.2261212852286435,0.25626880641925776,0.0975984208794824,0.44149577804583834,0.36581782566111654,,
46468,大崎町,46,12385.0,8.359912707738795,3.315427228470707,5.044485479268087,-1.729058250797381,5.252781429483835,0.9593863544610416,2.8762837353713877,0.49880895664602193,0.37182075090835687,3.5829122645842904,0.24109810254339928,0.2985548673971733,0.11441259588211546,0.39313685910375457,0.39311163895486934,,
46482,東串良町,46,6237.0,8.709322433579626,4.51186920295551,4.197453230624116,0.31441597233139446,5.543671444226966,0.9435626102292769,2.953038674033149,0.5145176397127693,0.37437870771204107,3.1741233373639663,0.2877986211319545,0.36403371838901033,0.1407728074394741,0.36668270001603337,0.36126224156692055,,
46490,錦江町,46,6944.0,7.931873479318735,3.276561232765612,4.655312246553123,-1.37875101378751,5.133281446041107,0.9831509216589862,2.7536610878661087,0.5307071960297767,0.32963709677419356,4.530648504589873,0.28182603686635943,0.3839950372208437,0.10066244239631336,0.465581797235023,0.370066308809599,,
46491,南大隅町,46,6481.0,6.123139377537212,2.351150202976996,3.771989174560216,-1.4208389715832206,4.93181584269302,0.9964511649436816,2.616265750286369,0.5257832898172323,0.28899861132541277,3.889585947302384,0.2721802191019904,0.4007832898172323,0.08995525381885512,0.49328807282826725,0.397444089456869,,
46492,肝付町,46,14227.0,7.440936189004195,3.400309119010819,4.040627069993376,-0.6403179509825568,5.4605841147798895,0.9564911787446405,2.82675930076199,0.6121384542437174,0.34040908132424263,4.324814758808407,0.24537850565825542,0.2473526157736684,0.11625781963871512,0.41372039080621353,0.3581081081081081,,
46501,中種子町,46,7539.0,9.546606589693043,4.280484370599831,5.266122219093213,-0.9856378484933821,4.581315843890978,1.001326435866826,2.9628224582701064,0.5711519845111326,0.352566653402308,2.7993413314514233,0.258522350444356,0.39496611810261373,0.12614405093513728,0.3935535216872264,0.378847229994404,,
46502,南種子町,46,5445.0,13.029253271747498,6.601231716705158,6.42802155504234,0.17321016166281755,4.713289324084998,1.0229568411386594,3.0577824049973974,0.6109669046073978,0.402020202020202,2.9902423670129052,0.2528925619834711,0.3841661258922777,0.13314967860422405,0.36051423324150594,0.39842578710644677,,
46505,屋久島町,46,11858.0,11.204308670316086,5.226911530990641,5.977397139325446,-0.7504856083348049,5.343336609444833,1.0034575813796593,2.9479090242112984,0.7247346938775511,0.41668072187552707,3.815954773869347,0.3069657615112161,0.31363265306122445,0.13552032383201215,0.3638893573958509,0.4230637422892392,,
46523,大和村,46,1364.0,11.416184971098266,5.563583815028902,5.852601156069364,-0.2890173410404624,5.042289398455319,0.9112903225806451,2.639308855291577,0.688783570300158,0.18181818181818182,3.211009174311927,0.26099706744868034,0.19747235387045814,0.10337243401759531,0.42961876832844575,0.4248175182481752,,
46524,宇検村,46,1621.0,11.658354114713216,6.172069825436409,5.486284289276807,0.6857855361596009,5.1825241082128715,1.0314620604565083,6.63765541740675,0.6189189189189189,0.3288093769278223,3.014416775884666,0.23997532387415177,0.21351351351351355,0.12523133867982728,0.431832202344232,0.4230287859824781,,
46525,瀬戸内町,46,8546.0,11.677387431964375,5.368629391390401,6.308758040573974,-0.9401286491835725,5.300660385426851,1.012052422185818,3.0099622122981793,0.7692519251925193,0.3344254622045401,5.50935550935551,0.261876901474374,0.2304730473047305,0.12204540135736017,0.38041188860285513,0.47318686510748875,,
46527,龍郷町,46,5817.0,11.772530761556368,6.667775191220486,5.104755570335883,1.5630196208846026,5.955833931272357,0.9671652054323534,2.910309754969949,0.782608695652174,0.3880006876396768,4.233729881035689,0.2518480316314251,0.21921812203142121,0.15781330582774625,0.3276603059996562,0.3731401722787784,,
46529,喜界町,46,6629.0,8.133819565562074,4.058982083399398,4.0748374821626765,-0.015855398763278898,4.931138124342429,0.9995474430532508,2.8634443923040824,0.6452282157676349,0.3303665711268668,2.906474820143885,0.27983104540654696,0.3260225251926496,0.12430230804042842,0.4017197163976467,0.42281672816728166,,
46530,徳之島町,46,10147.0,10.920357578220235,4.703372612759041,6.216984965461195,-1.5136123527021534,5.314311349766565,1.0422785059623534,3.065716057036578,0.7232533889468196,0.4278111757169607,4.634049323786794,0.2966394008081206,0.30239833159541185,0.1510791366906475,0.33192076475805654,0.41247870528109026,,
46531,天城町,46,5517.0,8.752975645486174,4.284929500091558,4.4680461453946165,-0.18311664530305805,4.796120489454893,0.9912996193583469,2.6590761223162005,0.5831229715109989,0.2834874025738626,3.7152777777777777,0.3206452782309226,0.3851424450054093,0.1393873481964836,0.3710349827804966,0.37629276054097055,,
46532,伊仙町,46,6139.0,8.67579908675799,4.240052185257665,4.435746901500326,-0.19569471624266144,4.871418837837125,0.9327251995438997,2.567200986436498,0.5745836350470673,0.2348916761687571,5.2487135506003435,0.3127545202801759,0.3986241853729182,0.16044958462290276,0.37840039094315037,0.37211815561959655,,
46533,和泊町,46,6246.0,11.364016736401673,4.7531380753138075,6.610878661087866,-1.8577405857740585,5.119095924482382,0.9751841178354147,2.9224691358024693,0.5826993519301211,0.361671469740634,1.6897506925207757,0.34598142811399296,0.41251056635672023,0.14473262888248478,0.36295228946525776,0.39047287899860916,,
46534,知名町,46,5750.0,11.963589076723016,5.796024521642207,6.16756455508081,-0.371540033438603,4.804469841079446,1.0262608695652173,2.9681597409606044,0.6063394683026585,0.31930434782608696,2.1347565043362238,0.32017391304347825,0.38582140422631217,0.13878260869565218,0.37617391304347825,0.393275406120136,,
46535,与論町,46,5115.0,9.541683129197946,5.156064796523113,4.385618332674833,0.7704464638482813,5.557285644380391,0.9996089931573803,2.8575832305795315,0.5753813409010288,0.3544477028347996,2.15203054494967,0.3485826001955034,0.4409365023057822,0.14604105571847506,0.3503421309872923,0.3328690807799443,,
47201,那覇市,47,317625.0,9.575208024911941,4.4508397570064835,5.1243682679054565,-0.6735285108989739,8.94873321297936,1.092543093270366,3.606076763122015,0.8551936234970636,0.5094813065722157,6.026570679650802,0.2230271546635183,0.1795417881863045,0.14534750098386462,0.22758598976780794,0.43259195478123197,0.3549412577747063,0.9967099567099567
47205,宜野湾市,47,100125.0,10.28543552064355,5.110361100325558,5.1750744203179915,-0.06471331999243352,8.587792488951463,0.9520299625468165,3.25179422956505,0.8110624618965804,0.3416729088639201,5.627909409487944,0.23946067415730338,0.17655046278335085,0.16630212234706618,0.18901373283395756,0.4100151882664974,0.3262102049716529,0.987625468164794
47207,石垣市,47,47637.0,13.664459161147901,6.534216335540839,7.130242825607064,-0.5960264900662252,6.070248522158907,1.0008396834393434,3.171298783763982,0.7507070499305806,0.402565232907194,4.404463451801602,0.3009635367466465,0.2821514886614902,0.17133740579801415,0.22003904527992946,0.42556575479414704,0.3232056362835755,0.6770577492285409
47208,浦添市,47,115690.0,8.94220944530073,4.271513430199332,4.670696015101398,-0.39918258490206604,8.730145955162394,1.0222404702221455,3.384609073755025,0.817184684183594,0.5323364162848992,5.115051720498206,0.21249891952632033,0.17447215609495625,0.17047281528221972,0.20036303915636616,0.3440496095155453,0.37232917283689443,0.9785115394588988
47209,名護市,47,63554.0,9.91905335681404,5.130225229400316,4.788828127413724,0.3413971019865913,6.779097751477682,1.0434591056424458,2.903557633665379,0.7621168144407777,0.3966705478805425,4.875189107413011,0.2484501368914624,0.20150292234901201,0.16578028133555717,0.21872738143940587,0.4435864889641069,0.38248374957235715,0.5062309217358467
47210,糸満市,47,61007.0,9.54859437751004,4.417670682730924,5.130923694779117,-0.7132530120481928,7.307613827621305,0.9344829281885685,2.865710560625815,0.7323378904758268,0.35082859344009704,5.893768418026307,0.2435458226105201,0.1956770793553807,0.17965151539987215,0.22164669628075467,0.3162680456798104,0.4596774193548387,0.6130935794253118
47211,沖縄市,47,142752.0,8.477553813699828,4.092028305547521,4.385525508152308,-0.2934972026047877,8.162390375413104,0.9684557834566241,3.226442901092423,0.7823941779906667,0.3286959201972652,6.020209045769818,0.26277039901367405,0.18567933721193186,0.16692585743106927,0.20212676529926027,0.3914280515441748,0.3932031125932984,0.9356926698049765
47212,豊見城市,47,64612.0,9.689022446842417,4.607749396712653,5.081273050129764,-0.4735236534171106,8.180796131626446,0.9264842444128025,3.236579854036232,0.8045300113250283,0.3816009410016715,4.838883500377196,0.2080418498111806,0.18255945639864102,0.19386491673373368,0.19700674797251286,0.2913559114806211,0.43094135802469136,0.7071132297406054
47213,うるま市,47,125303.0,7.497558055266723,3.963039984875697,3.534518070391026,0.4285219144846709,7.456007578797956,0.9729136572947176,2.879113064839356,0.723403748600824,0.3023550912587887,5.845815768230334,0.2749974062871599,0.1995760794493796,0.16906219324357757,0.2238573697357605,0.32034451910874406,0.5116598079561042,0.49536722983488024
47214,宮古島市,47,52931.0,12.442503952853242,6.3964352450769,6.046068707776341,0.3503665373005606,5.804261760128615,1.0032684060380495,3.190128970514515,0.6691113205228009,0.3798908012317923,3.640096332267362,0.29878521093499083,0.3192936452657025,0.15873495683059077,0.2659877954317886,0.40816579796475555,0.43091710052062476,0.37261718085809825
47215,南城市,47,44043.0,9.060495642353342,5.146071725372371,3.9144239169809714,1.2316478083913998,7.007548393622922,0.8476488885861544,2.8612136594370097,0.7335076857386849,0.26058624526031376,5.702350395087826,0.26008673341961264,0.19940222032450894,0.17560111709011647,0.25904229957087394,0.25268274207802044,0.6874613959234095,
47301,国頭村,47,4517.0,9.822830230993496,4.978694774613142,4.8441354563803545,0.13455931823278763,5.056965568411245,0.9541731237547044,2.6348600508905853,0.6729222520107239,0.3070622094310383,7.482430756510955,0.29975647553686074,0.26809651474530827,0.12995350896612795,0.34314810715076377,0.37645865043125315,,
47302,大宜味村,47,3092.0,8.65979381443299,3.814432989690722,4.845360824742269,-1.0309278350515463,5.363114653374722,0.9815653298835705,2.6055555555555556,0.6100981767180925,0.26002587322121606,6.491803278688526,0.32244501940491593,0.3316970546984572,0.11351875808538163,0.370633893919793,0.3837837837837838,,
47303,東村,47,1598.0,9.641387419165197,4.409171075837742,5.232216343327455,-0.823045267489712,4.340594063139397,1.002503128911139,2.5628517823639774,0.5254629629629629,0.22215269086357947,4.530386740331491,0.4005006257822278,0.41666666666666663,0.12390488110137672,0.36733416770963706,0.3869625520110957,,
47306,今帰仁村,47,8894.0,7.753457475770445,3.7569421757595554,3.9965153000108895,-0.239573124251334,5.885115089537317,0.9317517427479199,2.5636817695326437,0.6406022340942205,0.25252979536766357,5.852766346593507,0.3515853384304025,0.3445847498785818,0.15010119181470655,0.33944232066561725,0.30321113952827505,,
47308,本部町,47,12530.0,9.38057213737499,4.736801302426544,4.6437708349484454,0.09303046747809908,5.937859481592419,1.0370311252992817,2.6849156849156848,0.7516081147946561,0.45251396648044695,5.619551681195517,0.302633679169992,0.25185551707075704,0.14333599361532323,0.3277733439744613,0.38572769953051644,,
47311,恩納村,47,10869.0,17.05549664192294,7.9975256274301865,9.057971014492754,-1.0604453870625663,6.268378903767651,1.2440886926120158,3.021337439507259,0.7798674930540714,0.6398012696660227,8.110761979575805,0.33213727113809915,0.2357341312246206,0.14582758303431778,0.24114453951605483,0.42615319509098604,,
47313,宜野座村,47,5833.0,10.876923076923077,6.646153846153846,4.230769230769231,2.4153846153846152,5.92980174956519,0.9182238985084862,2.7048903878583475,0.7048150732728542,0.2772158409051946,3.404111897539602,0.2962454997428424,0.23028611304954638,0.19835419166809531,0.25561460654894563,0.3148231079265562,,
47314,金武町,47,10806.0,8.814563191359639,4.781813430885811,4.032749760473826,0.7490636704119851,6.430812060623913,0.985933740514529,2.955317663486153,0.7351742870076958,0.32111789746437164,5.73927885641135,0.3034425319267074,0.19148936170212771,0.1734221728669258,0.2781787895613548,0.42647692971108236,,
47315,伊江村,47,4118.0,7.591377694470477,3.9831302717900656,3.608247422680412,0.37488284910965325,5.476470837047897,0.9927149101505586,2.7772357723577237,0.5175834084761046,0.2858183584264206,2.4197096348438185,0.43467702768334143,0.46483318304779075,0.151287032540068,0.3457989315201554,0.36018957345971564,,
47324,読谷村,47,41206.0,8.361512450046112,4.478706046489631,3.88280640355648,0.5958996429331505,7.3817955841856255,0.870407222249187,3.1672195601425237,0.7746250243490682,0.21392515653060235,5.607992154939937,0.2888414308595836,0.18550743458217,0.17164975974372665,0.21962820948405573,0.2842165824969635,0.5600490196078431,0.4582342377323691
47325,嘉手納町,47,13521.0,8.420481834379116,4.035943915097993,4.384537919281121,-0.348594004183128,6.987070987221272,1.0938540048812957,3.9283702213279676,0.7498001598721024,0.2843724576584572,7.487520798668886,0.2785296945492197,0.20843325339728214,0.17062347459507432,0.24206789438650989,0.32348993288590605,,0.9578433547814511
47326,北谷町,47,28201.0,11.586178611709217,6.039167435660822,5.547011176048396,0.492156259612427,7.677558593442102,1.0454239211375482,3.854637909871997,0.8269211451531894,0.46530264884223965,6.358762110808014,0.30867699726960035,0.19909593169261675,0.16949753554838481,0.2044253749867026,0.35989387196165695,0.49589490968801314,0.7248324527499025
47327,北中城村,47,17969.0,10.289120383265555,5.353462202662804,4.9356581806027515,0.4178040220600524,7.547219013659523,1.0155267404975235,3.6214966367713006,0.7861675126903553,0.4261227669875897,6.482717697670968,0.2700762424174968,0.20669416243654826,0.16545161110801937,0.23896711002281706,0.2752826153376108,0.5672937771345875,
47328,中城村,47,22157.0,11.18017898866993,5.576863730547106,5.603315258122824,-0.026451527575717497,7.469042363916564,0.880895428081419,3.3768928771733036,0.764216827402727,0.32346436791984473,4.972084693985042,0.22209685426727446,0.1708236337434874,0.17443697251432955,0.1856298235320666,0.3607967406066093,0.5189309576837416,0.42013810533917045
47329,西原町,47,34984.0,10.617235480523851,5.325443786982249,5.291791693541603,0.03365209344064612,7.851841276429382,1.1443517036359478,3.0618384804987677,0.7776709695138698,0.5294991996341184,5.33636659083523,0.23170592270752344,0.17062620159296893,0.1611308026526412,0.21478390121198263,0.3164622432392493,0.4322033898305085,0.31317173565058315
47348,与那原町,47,19695.0,10.983935742971887,5.426706827309237,5.557228915662651,-0.13052208835341367,8.384042678628733,0.9108403148007108,3.086472819216182,0.8133300541072307,0.30413810611830416,5.320759110490162,0.2136075145976136,0.15998524348253818,0.19040365575019041,0.19812135059659813,0.33749369641956634,0.3631578947368421,0.8596598121350597
47350,南風原町,47,40440.0,9.944350350834744,5.453665618195016,4.490684732639729,0.9629808855552866,8.300002038629323,0.9371909000989119,3.137967850999466,0.8016916748739934,0.38845202769535114,4.798411560311069,0.2086053412462908,0.16030357453218236,0.20180514342235412,0.19441147378832838,0.2703551912568306,0.3977646285338593,0.7904302670623146
47353,渡嘉敷村,47,718.0,27.368421052631582,12.481203007518797,14.887218045112782,-2.4060150375939853,5.863519761192099,1.0041782729805013,3.148550724637681,0.9186046511627907,0.3997214484679666,2.9345372460496613,0.32729805013927576,0.30000000000000004,0.19220055710306408,0.20334261838440112,0.5475578406169666,,
47354,座間味村,47,892.0,21.878579610538374,10.767468499427263,11.11111111111111,-0.3436426116838488,5.584505786743034,1.0235426008968609,3.2492113564668768,0.9150779896013865,0.5381165919282511,1.0291595197255576,0.507847533632287,0.38128249566724437,0.17937219730941703,0.20964125560538116,0.596,,
47355,粟国村,47,683.0,25.0,13.017751479289942,11.982248520710058,1.0355029585798818,5.127777978452342,0.9985358711566618,2.7264957264957266,0.7363636363636363,0.29282576866764276,6.515580736543909,0.2518301610541728,0.19090909090909092,0.12005856515373353,0.363103953147877,0.5596816976127321,,
47356,渡名喜村,47,346.0,16.83848797250859,8.24742268041237,8.59106529209622,-0.3436426116838488,5.474875218625241,0.9855491329479769,2.7966101694915255,0.640625,0.10404624277456648,3.0303030303030303,0.26878612716763006,0.1875,0.0838150289017341,0.41329479768786126,0.6696428571428571,,
47357,南大東村,47,1285.0,17.033414832925835,8.394458027709861,8.638956805215974,-0.24449877750611246,4.0597739737011,1.0093385214007782,3.574387947269303,0.42289156626506025,0.35252918287937746,1.7751479289940828,0.31284046692607004,0.344578313253012,0.15719844357976653,0.24591439688715952,0.5361890694239291,,
47358,北大東村,47,590.0,20.40441176470588,8.63970588235294,11.76470588235294,-3.125,4.152260990101656,1.0254237288135593,3.296666666666667,0.5,0.45932203389830506,0.2398081534772182,0.2457627118644068,0.21634615384615385,0.16610169491525423,0.21525423728813559,0.6012269938650306,,
47359,伊平屋村,47,1126.0,14.441645675902603,7.304785894206549,7.136859781696053,0.16792611251049538,4.801803257175302,1.002664298401421,2.6856435643564356,0.5835913312693498,0.2841918294849023,3.869047619047619,0.34458259325044405,0.3173374613003096,0.17317939609236235,0.29573712255772644,0.39728682170542634,,
47360,伊是名村,47,1322.0,10.751818916734033,4.284559417946645,6.4672594987873895,-2.1827000808407435,4.756802607118626,1.0045385779122542,2.7973856209150325,0.5892597968069666,0.3161875945537065,9.81675392670157,0.3033282904689864,0.2844702467343977,0.15658093797276854,0.3086232980332829,0.471608832807571,,
47361,久米島町,47,7192.0,11.358543417366947,4.985994397759104,6.372549019607843,-1.3865546218487395,5.310628658027487,1.0016685205784204,2.828086164043082,0.6005805515239477,0.35136262513904337,5.017921146953405,0.33064516129032256,0.360522496371553,0.14947163515016684,0.29824805339265853,0.42016806722689076,,
47362,八重瀬町,47,30941.0,8.816719290332282,4.94361750112765,3.873101789204631,1.070515711923019,7.143207228304432,0.8594098445428396,3.0333769633507854,0.7402934202726734,0.24239681975372482,5.7673509286412505,0.24443295303965612,0.19331653823355066,0.1931741055557351,0.2238130635726059,0.2180246217460765,0.6128472222222222,0.3310170970556866
47375,多良間村,47,1058.0,12.980769230769232,5.769230769230769,7.211538461538461,-1.4423076923076923,4.487597212300761,0.9735349716446124,2.9484848484848483,0.43283582089552236,0.1843100189035917,3.210272873194221,0.32325141776937616,0.48756218905472637,0.14177693761814744,0.3052930056710775,0.37553648068669526,,
47381,竹富町,47,3942.0,31.273764258555133,15.161596958174906,16.11216730038023,-0.9505703422053232,4.325894735456021,1.0268899036022323,2.8564199873497786,0.7507746790615316,0.49340436326737697,1.9956616052060738,0.4726027397260274,0.4223107569721115,0.1793505834601725,0.2295788939624556,0.5505026328386788,,
47382,与那国町,47,1676.0,29.95855535820012,14.97927767910006,14.97927767910006,0.0,4.907275585400977,1.0041766109785202,3.878017789072427,0.7298578199052133,0.35262529832935563,1.8604651162790697,0.27744630071599047,0.2767772511848341,0.1801909307875895,0.21479713603818615,0.47121820615796517,,
