region,observed,predicted,residual
中央区 [1101],15.677304445420386,13.443709276936314,2.2335951684840722
北区 [1102],10.029437314697908,10.549087835345599,-0.5196505206476907
東区 [1103],10.616393644064544,11.095290501526096,-0.4788968574615513
白石区 [1104],12.156080381771266,11.76569312859101,0.3903872531802559
豊平区 [1105],13.498934352597184,12.500850540259945,0.9980838123372386
南区 [1106],9.832229613685625,7.941444832330856,1.8907847813547685
西区 [1107],10.37494002330523,9.296662223622906,1.0782777996823238
厚別区 [1108],9.215446132383834,7.125167713856993,2.0902784185268404
手稲区 [1109],7.623918174665617,6.549109136434335,1.0748090382312823
清田区 [1110],7.031242839991568,5.485782445730752,1.5454603942608154
函館市 [1202],6.584783206139146,7.449733022884796,-0.8649498167456509
小樽市 [1203],5.912938562892601,6.5617530359862375,-0.6488144730936369
旭川市 [1204],5.9607885306926685,7.520149234180314,-1.5593607034876458
室蘭市 [1205],7.680181684590208,8.374811526758723,-0.6946298421685153
釧路市 [1206],7.195778856687259,8.601678004220998,-1.4058991475337397
帯広市 [1207],8.455941794664511,10.0170931552877,-1.5611513606231888
北見市 [1208],7.091579884775458,8.532516991515125,-1.4409371067396677
夕張市 [1209],6.746356639921401,8.454428456497117,-1.7080718165757167
岩見沢市 [1210],6.577812516845453,7.675928502532569,-1.0981159856871159
網走市 [1211],9.789123885834965,10.631726454250598,-0.842602568415634
留萌市 [1212],9.884968903076668,8.077285570681193,1.8076833323954755
苫小牧市 [1213],6.768524669364092,8.646055177171883,-1.8775305078077906
稚内市 [1214],8.860759493670885,9.48883306362691,-0.6280735699560243
美唄市 [1215],5.904379443208336,7.931339194287893,-2.0269597510795565
芦別市 [1216],5.612381037089745,6.757950120521356,-1.145569083431611
江別市 [1217],7.305069670916097,8.731432342065236,-1.426362671149139
赤平市 [1218],6.084593572778828,7.377642774221472,-1.2930492014426438
紋別市 [1219],8.517206477732794,10.83783818901462,-2.320631711281827
士別市 [1220],7.104622871046229,7.1434454866502675,-0.038822615604038546
名寄市 [1221],10.043650472880122,9.887398041444534,0.15625243143558798
三笠市 [1222],7.760044028618602,8.518439350361,-0.7583953217423973
根室市 [1223],7.842264554032402,8.141349332884412,-0.29908477885200924
千歳市 [1224],11.778542447742796,10.331108612610038,1.4474338351327578
滝川市 [1225],8.829248254142133,8.943918553798724,-0.11467029965659137
砂川市 [1226],7.727660692009717,7.586165265575884,0.14149542643383306
歌志内市 [1227],6.462848297213622,8.218888351564237,-1.7560400543506152
深川市 [1228],7.321730590866932,7.5633767222349295,-0.24164613136799762
富良野市 [1229],9.442519364044028,8.861769468032115,0.5807498960119126
登別市 [1230],7.229164278344606,7.0127440737602935,0.21642020458431244
恵庭市 [1231],8.913210118388552,8.541644646754886,0.3715654716336658
伊達市 [1233],7.142399384773135,7.635895458763461,-0.49349607399032536
北広島市 [1234],7.628993716258075,6.768239881080582,0.8607538351774933
石狩市 [1235],6.144234639413401,6.262470164851042,-0.11823552543764038
北斗市 [1236],6.554543330997431,7.606838207387205,-1.052294876389774
当別町 [1303],8.376894064712499,9.533904688911186,-1.157010624198687
新篠津村 [1304],5.970695970695971,6.275555193296027,-0.30485922260005616
松前町 [1331],6.548642145067034,6.229491990314221,0.31915015475281283
福島町 [1332],6.00947306098283,6.069756361851381,-0.060283300868550604
知内町 [1333],7.137192704203013,7.802034487591477,-0.6648417833884643
木古内町 [1334],6.377551020408164,6.915449529641495,-0.5378985092333313
七飯町 [1337],6.890452853826597,7.264243956903293,-0.3737911030766963
鹿部町 [1343],6.470923603192702,6.397278665923594,0.07364493726910837
森町 [1345],6.486526284788691,7.344007353910703,-0.857481069122012
八雲町 [1346],9.70097836571586,9.71984352721616,-0.018865161500299266
長万部町 [1347],9.092844974446338,10.053296394660913,-0.9604514202145751
江差町 [1361],10.897532919630695,9.627608966238736,1.2699239533919595
上ノ国町 [1362],6.145656907815146,8.205237518015013,-2.059580610199866
厚沢部町 [1363],6.944019577852554,7.352640865711202,-0.40862128785864815
乙部町 [1364],5.664628258770518,6.993707514947664,-1.3290792561771454
奥尻町 [1367],16.27689429373246,9.626144508397287,6.650749785335174
今金町 [1370],6.975697569756975,7.59132349436159,-0.6156259246046147
せたな町 [1371],6.3744427934621095,7.284153944887999,-0.9097111514258893
島牧村 [1391],5.296950240770466,10.067393627435903,-4.770443386665438
寿都町 [1392],8.216051730696082,9.863072374496086,-1.6470206438000048
黒松内町 [1393],12.469337694194603,11.927059316430206,0.5422783777643971
蘭越町 [1394],11.130859808931348,8.200051850413326,2.930807958518022
ニセコ町 [1395],15.006305170239598,13.078489439092888,1.9278157311467101
真狩村 [1396],12.951496388028897,9.837521734415025,3.1139746536138713
留寿都村 [1397],17.888999008919722,14.886800429648229,3.002198579271493
喜茂別町 [1398],13.018672199170126,13.194558797727197,-0.17588659855707078
京極町 [1399],12.103746397694524,8.129025787828924,3.9747206098655994
共和町 [1401],11.950037285607754,11.82481180320922,0.12522548239853393
岩内町 [1402],8.347842023274993,8.43393197959461,-0.08608995631961669
泊村 [1403],10.422535211267606,11.964037049003704,-1.5415018377360976
積丹町 [1405],7.81433607520564,8.033819450789453,-0.21948337558381326
古平町 [1406],4.634994206257242,8.508766170230794,-3.873771963973552
仁木町 [1407],13.667649950835791,7.950558581709478,5.717091369126313
余市町 [1408],7.956824348236405,7.386362055789778,0.5704622924466269
赤井川村 [1409],20.576407506702413,14.039368782739569,6.537038723962844
南幌町 [1423],8.50876087230556,6.461404991144737,2.047355881160823
奈井江町 [1424],6.909013605442177,7.735264251635863,-0.826250646193686
上砂川町 [1425],7.627118644067797,9.020126907399895,-1.3930082633320984
由仁町 [1427],6.229290921139827,7.175235267669973,-0.9459443465301458
長沼町 [1428],5.544933078393881,6.320419131639753,-0.7754860532458716
栗山町 [1429],7.0027222378672676,7.384069892291206,-0.38134765442393803
月形町 [1430],11.676427525622254,9.421884478249787,2.254543047372467
浦臼町 [1431],5.833861762840837,7.421337366027618,-1.587475603186781
新十津川町 [1432],4.928559961470541,5.71911157797088,-0.7905516165003386
妹背牛町 [1433],5.30214424951267,6.07402784342854,-0.7718835939158701
秩父別町 [1434],6.828597616865261,6.727050061273577,0.10154755559168471
雨竜町 [1436],5.870841487279844,6.354633226148872,-0.48379173886902826
北竜町 [1437],5.900816070307595,5.998701854153444,-0.09788578384584845
沼田町 [1438],7.86275911365261,6.544097638179274,1.318661475473336
鷹栖町 [1452],6.281912424570633,6.886602049334919,-0.6046896247642861
東神楽町 [1453],7.017902813299233,6.811210915929463,0.20669189736976978
当麻町 [1454],5.979517674264949,7.590413200798312,-1.6108955265333629
比布町 [1455],4.963503649635037,7.7758177408918,-2.8123140912567637
愛別町 [1456],9.13978494623656,7.394050850261744,1.7457340959748162
上川町 [1457],11.66936790923825,11.83263887075561,-0.16327096151735887
東川町 [1458],11.2071947423037,8.340162503475968,2.8670322388277327
美瑛町 [1459],7.863837121620165,7.708049238404644,0.1557878832155204
上富良野町 [1460],12.528332989903152,7.925633573421845,4.6026994164813075
中富良野町 [1461],9.674543022737408,7.5908680571861495,2.0836749655512588
南富良野町 [1462],11.0912343470483,11.571649427014087,-0.4804150799657876
占冠村 [1463],35.91194968553459,19.427005403184236,16.48494428235035
和寒町 [1464],6.234413965087282,6.958464533420047,-0.7240505683327649
剣淵町 [1465],6.8181818181818175,7.153879938046222,-0.33569811986440445
下川町 [1468],9.132581100141044,8.888966762841687,0.24361433729935733
美深町 [1469],9.5626188535724,8.842487133248671,0.7201317203237299
中川町 [1471],11.74152876280536,12.258822233289406,-0.5172934704840451
幌加内町 [1472],10.474631751227497,10.353541234638936,0.12109051658856096
増毛町 [1481],6.0220994475138125,7.838408424835009,-1.8163089773211967
小平町 [1482],6.794294294294294,9.738268866614273,-2.9439745723199797
苫前町 [1483],7.764441110277569,8.49699917908856,-0.7325580688109907
羽幌町 [1484],9.015979814970564,7.903741982638815,1.1122378323317488
初山別村 [1485],10.149253731343284,9.305494933772248,0.8437587975710361
遠別町 [1486],8.680248007085916,8.924988885367597,-0.24474087828168045
天塩町 [1487],12.112036336109009,10.143758179957,1.9682781561520084
猿払村 [1511],7.029741212823485,13.4232938419512,-6.393552629127715
浜頓別町 [1512],10.555728034771809,10.424369761011693,0.13135827376011555
中頓別町 [1513],10.326086956521738,9.613019105937665,0.7130678505840731
枝幸町 [1514],8.042783719961106,8.88349083014071,-0.8407071101796042
豊富町 [1516],8.705547652916074,11.794974695367994,-3.08942704245192
礼文町 [1517],13.69674759505268,9.80816397607443,3.888583618978249
利尻町 [1518],10.601092896174864,9.7626335179649,0.8384593782099632
利尻富士町 [1519],12.412831241283124,9.43541901592247,2.977412225360654
幌延町 [1520],13.320274240940256,13.927499830893698,-0.6072255899534422
美幌町 [1543],7.576894223555889,7.788488379739621,-0.21159415618373245
津別町 [1544],6.3224181360201515,7.133931254730089,-0.8115131187099376
斜里町 [1545],9.493008655949776,9.91512116849862,-0.4221125125488445
清里町 [1546],6.653782440640531,7.35661693112638,-0.7028344904858495
小清水町 [1547],6.863196683555965,7.85686825725836,-0.9936715737023949
訓子府町 [1549],6.969424460431655,6.118639644340959,0.8507848160906955
置戸町 [1550],8.022021234762091,7.775829991081723,0.24619124368036793
佐呂間町 [1552],7.253551442100732,8.557355582126583,-1.3038041400258509
遠軽町 [1555],8.477842003853564,7.970062396934264,0.5077796069192999
湧別町 [1559],6.8345779015314525,8.254423938808994,-1.4198460372775417
滝上町 [1560],8.65036231884058,9.270698726020688,-0.6203364071801083
興部町 [1561],10.72961373390558,9.923562830506327,0.8060509033992531
西興部村 [1562],12.656903765690378,13.111299510020917,-0.4543957443305384
雄武町 [1563],7.760971981155468,11.50710972868093,-3.746137747525463
大空町 [1564],6.458624437199193,7.400386759204171,-0.941762322004978
豊浦町 [1571],9.710684617588084,10.792758940098048,-1.082074322509964
壮瞥町 [1575],10.332900994379592,10.064584558031585,0.26831643634800706
白老町 [1578],7.24743292480954,6.870129344263133,0.3773035805464069
厚真町 [1581],9.9361249112846,8.623005483178602,1.3131194281059972
洞爺湖町 [1584],9.119655957500632,8.902244622000069,0.21741133550056269
安平町 [1585],11.935126143609647,10.199096773245609,1.7360293703640384
むかわ町 [1586],10.884918986289987,9.277499137794784,1.6074198484952031
日高町 [1601],10.546588407923698,10.761997530124628,-0.21540912220092956
平取町 [1602],10.32694475760992,10.252174827662277,0.07476992994764409
新冠町 [1604],11.434843344641788,11.294354020539998,0.1404893241017895
浦河町 [1607],12.447689431039088,10.816885694605164,1.6308037364339238
様似町 [1608],5.851204659782897,7.021520450325848,-1.1703157905429515
えりも町 [1609],7.980295566502463,7.714105154211532,0.2661904122909302
新ひだか町 [1610],9.308418606950418,9.40493218428553,-0.09651357733511112
音更町 [1631],7.469015767401542,9.00286026601041,-1.5338444986088682
士幌町 [1632],7.943760984182776,10.530050802991026,-2.5862898188082495
上士幌町 [1633],11.097099621689786,11.902837206230704,-0.8057375845409176
鹿追町 [1634],9.821428571428571,9.947015605735398,-0.12558703430682705
新得町 [1635],10.830456114846449,11.030061712199727,-0.19960559735327799
清水町 [1636],8.840662478583667,9.550335157894484,-0.7096726793108168
芽室町 [1637],6.431103359027738,8.058657519376643,-1.6275541603489048
中札内村 [1638],9.233586188856918,11.080351713782843,-1.8467655249259245
更別村 [1639],7.587548638132295,9.950846846735846,-2.3632982086035508
大樹町 [1641],11.16597037599696,10.569756565543159,0.5962138104538006
広尾町 [1642],7.636054421768708,8.247754560572972,-0.611700138804264
幕別町 [1643],6.786972179350192,8.187409348530046,-1.4004371691798543
池田町 [1644],6.45106671181849,7.935639255159533,-1.4845725433410424
豊頃町 [1645],14.489228630993743,8.44660760582475,6.042621025168993
本別町 [1646],9.113463446907046,8.369052915819468,0.7444105310875777
足寄町 [1647],8.417338709677418,9.042710786321761,-0.6253720766443429
陸別町 [1648],8.349056603773585,10.498487742149091,-2.1494311383755065
浦幌町 [1649],7.2784810126582276,7.668390213904657,-0.3899092012464296
釧路町 [1661],9.341675734494014,8.08247336586158,1.259202368632435
厚岸町 [1662],6.687004270896889,8.492748277440748,-1.8057440065438595
浜中町 [1663],9.168890583301565,9.016170359514133,0.15272022378743166
標茶町 [1664],8.645406670567583,9.60640223093685,-0.9609955603692661
弟子屈町 [1665],8.706467661691542,8.937003864301825,-0.23053620261028307
鶴居村 [1667],9.169407894736842,9.499446807668436,-0.3300389129315935
白糠町 [1668],5.668999000428388,7.961269316769146,-2.2922703163407574
別海町 [1691],8.586364938413062,10.792173621860693,-2.2058086834476303
中標津町 [1692],8.577076874691109,10.59294688115957,-2.015870006468461
標津町 [1693],7.690704460191747,9.915309424646136,-2.2246049644543886
羅臼町 [1694],7.827513475509725,8.083886358440106,-0.2563728829303811
青森市 [2201],5.162952730805428,6.71015525133349,-1.547202520528062
弘前市 [2202],5.485679173354735,7.8555902110739355,-2.3699110377192003
八戸市 [2203],5.563976194904222,6.473908290443017,-0.9099320955387951
黒石市 [2204],4.850795320099908,5.988583248180722,-1.1377879280808143
五所川原市 [2205],5.153480154985846,6.630210226610229,-1.4767300716243827
十和田市 [2206],5.467129234148638,7.863339998375932,-2.396210764227294
三沢市 [2207],10.561797752808989,10.469017621925715,0.09278013088327342
むつ市 [2208],7.278223462388095,7.529226017474826,-0.25100255508673097
つがる市 [2209],4.2387002707769215,4.600751886486863,-0.3620516157099418
平川市 [2210],4.125643034783497,4.2995512775569615,-0.1739082427734644
平内町 [2301],3.638232271325797,4.736403726109982,-1.0981714547841852
今別町 [2303],4.580152671755725,5.4301666375498705,-0.8500139657941457
蓬田村 [2304],3.4100246507806085,4.263633527793356,-0.8536088770127477
外ヶ浜町 [2307],5.00400320256205,5.0675263861972155,-0.06352318363516574
鰺ヶ沢町 [2321],4.291593180482069,5.602118950258709,-1.31052576977664
深浦町 [2323],3.8806408937233576,4.3628435274235535,-0.4822026337001959
西目屋村 [2343],4.87603305785124,5.531666540254962,-0.6556334824037222
藤崎町 [2361],4.321678321678322,5.307654249215633,-0.9859759275373117
大鰐町 [2362],3.7176527760903904,5.116936869220339,-1.3992840931299488
田舎館村 [2367],4.61389694709214,4.827271809824188,-0.21337486273204753
板柳町 [2381],3.935071323167732,4.491025377888163,-0.5559540547204311
鶴田町 [2384],4.038128249566725,4.874758015028439,-0.8366297654617139
中泊町 [2387],4.502495486885421,4.915710932277491,-0.41321544539207
野辺地町 [2401],4.9514972585407,7.5905927345301825,-2.6390954759894827
七戸町 [2402],4.38846867418296,5.651524713979146,-1.2630560397961865
六戸町 [2405],5.658231447256185,6.235525450294345,-0.5772940030381601
横浜町 [2406],4.9901185770750995,8.433644401208749,-3.4435258241336495
東北町 [2408],4.817244611059044,5.769025799450085,-0.951781188391041
六ヶ所村 [2411],9.493144993768176,14.542805359630211,-5.049660365862035
おいらせ町 [2412],7.692002223810659,7.697487742117029,-0.005485518306369563
大間町 [2423],6.280920628092063,7.91113128991336,-1.6302106618212973
東通村 [2424],7.0772555375472725,9.929679445047805,-2.8524239075005324
風間浦村 [2425],5.662805662805663,6.275978094055134,-0.6131724312494704
佐井村 [2426],4.8525798525798525,7.184260799596522,-2.33168094701667
三戸町 [2441],4.8591308315273185,5.533535256393975,-0.6744044248666565
五戸町 [2442],4.259077526987243,5.143586398047775,-0.8845088710605324
田子町 [2443],3.497244595167444,4.954855714420166,-1.457611119252722
南部町 [2445],4.114921223354958,5.234116690794489,-1.119195467439531
階上町 [2446],6.352491641458366,10.383155823973503,-4.030664182515137
新郷村 [2450],4.419621175327829,3.4103012522392095,1.0093199230886194
盛岡市 [3201],7.122697108747292,9.17229968692509,-2.0496025781777982
宮古市 [3202],4.7510518934081345,6.331061499393794,-1.5800096059856594
大船渡市 [3203],4.915936242552793,5.619465349341831,-0.7035291067890377
花巻市 [3205],4.872756406689886,5.90143072955552,-1.0286743228656343
北上市 [3206],7.51893731474366,9.115659892945585,-1.5967225782019252
久慈市 [3207],5.109559200410046,7.207719977187285,-2.098160776777239
遠野市 [3208],4.609277058086084,5.170457019329691,-0.5611799612436066
一関市 [3209],4.579877730913227,5.338424451165911,-0.7585467202526841
陸前高田市 [3210],4.580285614768374,5.961405219962263,-1.3811196051938888
釜石市 [3211],5.813230109905302,6.882261662996781,-1.0690315530914791
二戸市 [3213],5.062714741068842,6.778031374545829,-1.7153166334769878
八幡平市 [3214],4.767246214245653,5.30808122871601,-0.5408350144703569
奥州市 [3215],4.459266405684707,5.614041969803836,-1.154775564119129
滝沢市 [3216],7.235403304357415,8.554234860372457,-1.3188315560150423
雫石町 [3301],4.181393797932644,4.939133789517694,-0.7577399915850496
葛巻町 [3302],4.64764783676554,5.328763303063585,-0.6811154662980456
岩手町 [3303],5.181077802807139,6.357580687572303,-1.1765028847651635
紫波町 [3321],5.4522090319422345,5.421452191562725,0.03075684037950932
矢巾町 [3322],8.390672782874619,9.378038522891778,-0.9873657400171592
西和賀町 [3366],4.2069113543678895,4.4659014498573795,-0.2589900954894899
金ケ崎町 [3381],7.851048349758583,9.258734240870128,-1.4076858911115453
平泉町 [3402],4.202554202554203,4.498102334834585,-0.29554813228038235
住田町 [3441],4.037598803674428,5.201409698451223,-1.1638108947767947
大槌町 [3461],4.698818147159741,6.65580391325414,-1.9569857660943981
山田町 [3482],5.0526923632164,5.018135606844133,0.034556756372266406
岩泉町 [3483],4.080071401249522,7.504418662055189,-3.424347260805667
田野畑村 [3484],5.297783933518006,6.212613754462016,-0.9148298209440098
普代村 [3485],5.713039686000872,5.611819834589956,0.10121985141091638
軽米町 [3501],3.832047552801315,5.696991990186424,-1.864944437385109
野田村 [3503],4.178415790822866,5.756702874710333,-1.5782870838874672
九戸村 [3506],4.169944925255704,3.7491014084084866,0.42084351684721755
洋野町 [3507],3.941922789877197,5.1493214863015755,-1.2073986964243786
一戸町 [3524],5.121192115439026,6.303512703198191,-1.1823205877591647
青葉区 [4101],12.019720724308057,13.399065285403054,-1.3793445610949977
宮城野区 [4102],13.4370617624946,12.697969012702087,0.7390927497925137
若林区 [4103],12.391711839505549,12.715707626276494,-0.3239957867709453
太白区 [4104],10.009799326828851,10.075271855730016,-0.0654725289011644
泉区 [4105],8.785803838364355,8.83038662787208,-0.044582789507725096
石巻市 [4202],4.889502970999721,6.601873015002409,-1.7123700440026886
塩竈市 [4203],6.25024165796698,5.832659454272636,0.4175822036943444
気仙沼市 [4205],4.516873889875666,5.024569655929993,-0.5076957660543266
白石市 [4206],5.139193300402368,5.905700040183763,-0.7665067397813949
名取市 [4207],8.296571084820533,7.77091954591073,0.5256515389098029
角田市 [4208],5.742566776228796,5.714631639183702,0.02793513704509376
多賀城市 [4209],11.201077432335952,9.233596817851048,1.967480614484904
岩沼市 [4211],8.510095741474837,7.990289219727417,0.5198065217474195
登米市 [4212],3.971134192633379,4.425749053934425,-0.45461486130104545
栗原市 [4213],3.8451369840378073,4.165342683104777,-0.3202056990669697
東松島市 [4214],6.146534653465347,6.861133312612328,-0.7145986591469811
大崎市 [4215],5.550866554676937,7.260955436011172,-1.7100888813342348
富谷市 [4216],6.865324487150157,6.098790623262961,0.7665338638871955
蔵王町 [4301],5.423231953096373,5.3823858855452364,0.0408460675511364
七ヶ宿町 [4302],7.502061005770816,7.548513401683102,-0.04645239591228556
大河原町 [4321],8.065416148001889,8.769826668970058,-0.7044105209681693
村田町 [4322],5.643846780766096,6.204861583185578,-0.5610148024194821
柴田町 [4323],8.18859926784289,8.658379134912668,-0.4697798670697786
川崎町 [4324],5.26581002771479,5.119330848071793,0.14647917964299673
丸森町 [4341],3.958171290294702,4.561710032863651,-0.6035387425689489
亘理町 [4361],5.614623000761615,5.914423565261448,-0.29980056449983294
山元町 [4362],5.303229194014177,5.4912754107154855,-0.1880462167013084
松島町 [4401],5.12999611951882,5.24171996108109,-0.11172384156227011
七ヶ浜町 [4404],5.725517005640062,5.0095841366125295,0.7159328690275322
利府町 [4406],7.531439087639071,5.546103944619069,1.9853351430200021
大和町 [4421],10.046301281361044,11.249787403874269,-1.2034861225132243
大郷町 [4422],5.949197860962567,4.652108840419018,1.2970890205435488
大衡村 [4424],6.734067521213214,6.841725779319103,-0.10765825810588847
色麻町 [4444],5.587416024905784,4.436153122026669,1.1512629028791155
加美町 [4445],4.849785407725322,5.162119317486498,-0.31233390976117636
涌谷町 [4501],4.69506632044354,5.377874526072853,-0.6828082056293132
美里町 [4505],6.001927626390958,5.691184170266792,0.31074345612416643
女川町 [4581],7.005163511187608,10.618904414250478,-3.6137409030628698
南三陸町 [4606],4.165941902939642,4.3375887832141995,-0.1716468802745572
秋田市 [5201],5.177221180067341,7.007297142251983,-1.830075962184642
能代市 [5202],4.552670010794336,5.464659721175288,-0.9119897103809516
横手市 [5203],3.811728586107431,3.7568715969541535,0.054856989153277524
大館市 [5204],4.276858242228059,5.075198009885902,-0.7983397676578434
男鹿市 [5206],3.7979019481909657,4.645120364145272,-0.8472184159543059
湯沢市 [5207],3.697700334312633,4.106054179942037,-0.4083538456294038
鹿角市 [5209],4.252096494144594,4.899330266814526,-0.6472337726699324
由利本荘市 [5210],3.7708247525174343,5.619873915558549,-1.8490491630411148
潟上市 [5211],4.739215247353778,6.127920336032259,-1.3887050886784813
大仙市 [5212],3.901401197929371,4.572079646499441,-0.6706784485700701
北秋田市 [5213],3.768772005460947,4.861058256909509,-1.0922862514485616
にかほ市 [5214],4.276330690826727,4.303230117990469,-0.02689942716374194
仙北市 [5215],3.665952141388512,4.591083130144383,-0.9251309887558707
小坂町 [5303],5.338158787604614,6.569242679288543,-1.2310838916839284
上小阿仁村 [5327],5.2434456928838955,4.871103417975206,0.3723422749086893
藤里町 [5346],3.204661325564458,5.1275859008165146,-1.9229245752520567
三種町 [5348],3.577981651376147,4.377667764878025,-0.7996861135018776
八峰町 [5349],3.056194544857049,4.9709600656991135,-1.9147655208420646
五城目町 [5361],4.08241617609419,4.759737760135774,-0.677321584041584
八郎潟町 [5363],4.3083462132921175,4.691096222184326,-0.38275000889220845
井川町 [5366],4.450324753427952,3.9454633158179027,0.5048614376100495
大潟村 [5368],9.915110356536502,4.987693068093826,4.927417288442676
美郷町 [5434],3.77207062600321,3.5706020012781297,0.20146862472508031
羽後町 [5463],3.3062289045719546,3.554018026437205,-0.24778912186525037
東成瀬村 [5464],7.112253641816624,4.806802189664198,2.3054514521524254
山形市 [6201],5.873460815365593,7.196088747866565,-1.3226279325009713
米沢市 [6202],5.956129654691876,7.922619631146332,-1.9664899764544561
鶴岡市 [6203],4.189975242223574,5.531839173477007,-1.3418639312534326
酒田市 [6204],4.574975512116179,5.582711891573837,-1.0077363794576577
新庄市 [6205],6.3407700389345525,6.205125455116734,0.1356445838178182
寒河江市 [6206],5.091711697998325,4.823737795810111,0.2679739021882144
上山市 [6207],4.781757540603248,4.5607874667856585,0.2209700738175897
村山市 [6208],4.605850039907978,3.8374961092443396,0.768353930663638
長井市 [6209],5.159705159705159,5.627505494096498,-0.46780033439133906
天童市 [6210],6.0427878546275995,5.977192655320671,0.06559519930692836
東根市 [6211],7.629484999265185,6.024914305855325,1.60457069340986
尾花沢市 [6212],4.0062088846182276,3.064221644287567,0.9419872403306604
南陽市 [6213],4.692122463020295,5.047413544839458,-0.35529108181916236
山辺町 [6301],4.946043165467626,4.093119216341735,0.8529239491258904
中山町 [6302],3.8546150167384026,3.6267934160477373,0.22782160069066526
河北町 [6321],4.705812362424892,4.093083276156575,0.6127290862683168
西川町 [6322],4.431216931216931,3.6293998205971074,0.8018171106198237
朝日町 [6323],3.977862331373227,3.294662343666518,0.683199987706709
大江町 [6324],4.8286604361370715,4.170767567731738,0.6578928684053338
大石田町 [6341],4.164576016056197,3.995685243414497,0.16889077264169972
金山町 [6361],3.815817522916223,3.831905624864984,-0.016088101948761313
最上町 [6362],4.022832291383528,2.9421350330597615,1.0806972583237666
舟形町 [6363],4.504504504504505,3.3917807764041807,1.112723728100324
真室川町 [6364],3.99629686776732,3.723419924120144,0.27287694364717563
大蔵村 [6365],3.3333333333333335,4.165788523603336,-0.8324551902700024
鮭川村 [6366],3.853511888494124,3.478260307534331,0.37525158095979316
戸沢村 [6367],3.896103896103896,4.820755761485636,-0.9246518653817395
高畠町 [6381],4.318032479113865,4.710939387172833,-0.39290690805896844
川西町 [6382],3.922301083302204,3.7906080518727703,0.13169303142943356
小国町 [6401],6.241395135383203,5.8923115191079525,0.34908361627525064
白鷹町 [6402],3.5018818523973163,4.137634525406474,-0.6357526730091578
飯豊町 [6403],4.094792842173142,4.445975162352744,-0.3511823201796025
三川町 [6426],5.450135540019974,5.200806081952626,0.24932945806734796
庄内町 [6428],4.648976180526536,4.643514802209655,0.005461378316881316
遊佐町 [6461],3.6522168298099857,4.175758501988803,-0.5235416721788169
福島市 [7201],6.0256487765065065,7.695819669971581,-1.670170893465074
会津若松市 [7202],6.033868333919759,7.41155506479919,-1.3776867308794305
郡山市 [7203],6.219573476553373,8.43077311943118,-2.2111996428778067
いわき市 [7204],4.3068103479554445,6.790863249792075,-2.4840529018366304
白河市 [7205],6.993080494000176,8.019290591659647,-1.0262100976594715
須賀川市 [7207],5.109849419896322,6.488397935770883,-1.3785485158745612
喜多方市 [7208],4.600289528711597,5.206542075117761,-0.6062525464061634
相馬市 [7209],5.877065187067977,8.038111782002,-2.1610465949340227
二本松市 [7210],4.803606179752968,5.632204566405916,-0.8285983866529474
田村市 [7211],4.165908677460433,5.297826967633826,-1.1319182901733935
南相馬市 [7212],6.312977372969485,8.471614324284564,-2.1586369513150796
伊達市 [7213],4.8020429665874955,4.527877269074931,0.27416569751256414
本宮市 [7214],6.34760366182014,6.621412779505349,-0.2738091176852082
桑折町 [7301],6.182083827960916,5.192380786285719,0.9897030416751971
国見町 [7303],4.74366893143916,3.9075327794125223,0.8361361520266377
川俣町 [7308],4.591657903960742,5.343622827975837,-0.7519649240150947
大玉村 [7322],6.69161846433027,6.270777897518135,0.4208405668121351
鏡石町 [7342],7.202978310132729,7.082153810510561,0.12082449962216835
天栄村 [7344],7.774124927480178,5.633860721939865,2.140264205540313
下郷町 [7362],5.196160267111853,4.603320206899581,0.5928400602122723
只見町 [7367],6.097560975609756,6.210518871557049,-0.112957895947293
南会津町 [7368],7.08667315903813,5.464871231823475,1.6218019272146558
北塩原村 [7402],8.939014202172096,7.550041001893965,1.388973200278131
西会津町 [7405],4.345414201183432,5.055454946841429,-0.7100407456579978
磐梯町 [7407],7.267534116153603,4.781107377349757,2.4864267388038455
猪苗代町 [7408],5.321861057998725,5.332199283625167,-0.010338225626441933
会津坂下町 [7421],5.2542730533867905,5.338703085787214,-0.0844300324004239
湯川村 [7422],5.134228187919463,4.636412012275679,0.4978161756437842
柳津町 [7423],4.681450193593805,5.09043581124239,-0.4089856176485851
三島町 [7444],5.501130369253956,6.068612071628594,-0.5674817023746375
金山町 [7445],8.633504859919954,5.553926857288072,3.079578002631882
昭和村 [7446],6.451612903225806,6.769793723841992,-0.3181808206161856
会津美里町 [7447],4.106640172213942,4.701008932868425,-0.5943687606544827
西郷村 [7461],9.036670547147846,9.902351749161738,-0.8656812020138922
泉崎村 [7464],6.057124097176625,5.812544558433928,0.24457953874269656
中島村 [7465],6.720202874049027,5.272059269973035,1.4481436040759927
矢吹町 [7466],7.193431308383412,6.955578097602524,0.23785321078088728
棚倉町 [7481],5.895691609977324,6.448845969876404,-0.5531543598990796
矢祭町 [7482],4.295432458697765,4.459418486859885,-0.16398602816212016
塙町 [7483],4.475131057409539,4.64040588805738,-0.16527483064784132
鮫川村 [7484],5.305692199578355,4.695795294816994,0.6098969047613609
石川町 [7501],5.199941409110883,5.390850827258287,-0.19090941814740425
玉川村 [7502],4.909090909090909,5.224148030959661,-0.3150571218687519
平田村 [7503],5.381165919282512,5.625900038792507,-0.24473411950999502
浅川町 [7504],4.37564856451055,6.134863124075954,-1.7592145595654038
古殿町 [7505],3.7856984724374585,4.0065695903182545,-0.22087111788079605
三春町 [7521],4.794776119402985,5.224839201562601,-0.43006308215961564
小野町 [7522],4.478790613718411,6.024512811385785,-1.5457221976673736
広野町 [7541],11.410284705363056,16.86578151367963,-5.455496808316573
楢葉町 [7542],9.642689967233578,12.395439245830286,-2.752749278596708
富岡町 [7543],9.367267585719336,23.846780507864963,-14.479512922145627
川内村 [7544],7.926556202418271,7.422472691374872,0.5040835110433992
浪江町 [7547],5.358119190814653,21.29634148779235,-15.938222296977697
新地町 [7561],5.54734721289456,6.531118684080826,-0.983771471186266
飯舘村 [7564],4.438526409232136,6.509854596999005,-2.071328187766869
水戸市 [8201],7.234911222692893,9.449810209454867,-2.214898986761974
日立市 [8202],5.096579292667297,6.798393483726766,-1.7018141910594693
土浦市 [8203],9.582470986289565,9.40127754432933,0.18119344196023413
古河市 [8204],7.1002489056733324,7.234175441302787,-0.13392653562945434
石岡市 [8205],5.718003345868424,6.887313202933942,-1.1693098570655183
結城市 [8207],7.092957518979164,7.086265583726165,0.006691935252998604
龍ケ崎市 [8208],8.335891720170322,8.314172723536874,0.021718996633447674
下妻市 [8210],8.390577832711369,7.829483031933153,0.5610948007782159
常総市 [8211],7.748036174004885,6.8538551286077,0.8941810453971852
常陸太田市 [8212],3.906014227204139,4.5277823949337055,-0.6217681677295666
高萩市 [8214],5.514377740696185,6.990124827118326,-1.4757470864221407
北茨城市 [8215],4.860798720447844,5.7525818568596065,-0.891783136411763
笠間市 [8216],5.87181501233343,6.612438002090047,-0.7406229897566172
取手市 [8217],7.856657095360435,7.1219682247483505,0.7346888706120849
牛久市 [8219],7.681937485087091,7.513942108073591,0.16799537701349987
つくば市 [8220],10.514671814671814,12.886187973805464,-2.37151615913365
ひたちなか市 [8221],6.451466889108745,8.139266028700083,-1.6877991395913385
鹿嶋市 [8222],6.956775073983777,7.792165474485374,-0.8353904005015975
潮来市 [8223],5.017632628028212,7.186460552070966,-2.1688279240427537
守谷市 [8224],7.686882933709451,7.813134916970678,-0.126251983261227
常陸大宮市 [8225],4.606323129341538,5.754607275877402,-1.1482841465358637
那珂市 [8226],5.176143096281528,6.156232215623916,-0.980089119342388
筑西市 [8227],5.701174301631197,6.05792289564711,-0.3567485940159125
坂東市 [8228],6.280804710124081,6.445920302949003,-0.16511559282492172
稲敷市 [8229],5.733275694369393,5.969367655242466,-0.23609196087307271
かすみがうら市 [8230],7.783320382021909,7.349152508059367,0.43416787396254186
桜川市 [8231],4.32310349408795,4.85179950377175,-0.5286960096838005
神栖市 [8232],6.992514874288274,9.3192018107256,-2.3266869364373264
行方市 [8233],4.516743374067608,5.005271509758547,-0.488528135690939
鉾田市 [8234],7.647678191546511,7.754716863941941,-0.10703867239543019
つくばみらい市 [8235],7.726669532549576,9.030762125160638,-1.3040925926110623
小美玉市 [8236],7.080978507487315,6.8537280635212605,0.22725044396605476
茨城町 [8302],6.585198047374112,6.27313852323914,0.3120595241349715
大洗町 [8309],7.63857447771813,7.866402663402903,-0.22782818568477303
城里町 [8310],4.64196973119494,5.089771980241397,-0.4478022490464575
東海村 [8341],6.563392833739614,8.376607245812147,-1.8132144120725338
大子町 [8364],3.8715899696886193,4.464923510892925,-0.5933335412043057
美浦村 [8442],8.137892059903926,7.715639033863884,0.42225302604004256
阿見町 [8443],8.873355760127309,9.193656458595749,-0.32030069846844
河内町 [8447],4.941599281221923,5.190528010064686,-0.2489287288427624
八千代町 [8521],7.281092875438763,6.8599070247374865,0.4211858507012769
五霞町 [8542],5.848985251481155,5.695965197593723,0.153020053887432
境町 [8546],7.800072671484518,6.901432789949885,0.898639881534633
利根町 [8564],7.129952251903471,4.25107389673458,2.878878355168891
宇都宮市 [9201],7.054479736491805,9.227213442082384,-2.172733705590579
足利市 [9202],5.4028774410053195,6.844400374727425,-1.4415229337221058
栃木市 [9203],5.525580058528428,6.335056510003843,-0.8094764514754154
佐野市 [9204],5.420929656246681,7.035992606104117,-1.6150629498574363
鹿沼市 [9205],4.564293018999946,6.02446959528024,-1.4601765762802943
日光市 [9206],5.8859473173842005,6.739905492028139,-0.8539581746439389
小山市 [9208],7.830458909117058,8.954044508325849,-1.1235855992087904
真岡市 [9209],6.454703387665424,7.124603922167591,-0.6699005345021671
大田原市 [9210],6.296562972976945,9.36530286006301,-3.068739887086066
矢板市 [9211],5.47863333001295,6.826020955827121,-1.3473876258141715
那須塩原市 [9213],6.589338384755776,8.254390757145233,-1.6650523723894564
さくら市 [9214],6.76873857404022,8.00909351178136,-1.2403549377411407
那須烏山市 [9215],4.445958606592283,5.059928441137444,-0.613969834545161
下野市 [9216],7.940999196356817,8.8953548944906,-0.9543556981337833
上三川町 [9301],8.407050865096917,8.303830689693186,0.10322017540373096
益子町 [9342],4.803370786516854,5.795740398965811,-0.9923696124489574
茂木町 [9343],4.032258064516129,4.615231485394377,-0.5829734208782478
市貝町 [9344],5.680484060326921,7.731751591666185,-2.0512675313392643
芳賀町 [9345],5.267607465695519,5.2247359536867295,0.042871512008789914
壬生町 [9361],6.525957000524383,8.476489020352622,-1.9505320198282385
野木町 [9364],7.475169890224779,6.3983774263207565,1.076792463904023
塩谷町 [9384],4.0118415679869335,4.51719084104585,-0.5053492730589166
高根沢町 [9386],8.908585331942996,10.942213248104933,-2.0336279161619366
那須町 [9407],6.747689580959615,6.070848657896442,0.6768409230631729
那珂川町 [9411],4.4180118946474085,5.141409660943978,-0.7233977662965696
前橋市 [10201],6.466030627126884,7.8276772931095415,-1.3616466659826578
高崎市 [10202],6.658706130523647,8.044699331782056,-1.385993201258409
桐生市 [10203],5.013588970697238,6.424460466345944,-1.4108714956487063
伊勢崎市 [10204],6.945361271948851,7.739310782705961,-0.79394951075711
太田市 [10205],7.476409279390339,8.006020158459222,-0.5296108790688834
沼田市 [10206],5.556831755949646,6.6388133443830535,-1.0819815884334076
館林市 [10207],6.815806263320076,7.856529334229398,-1.0407230709093218
渋川市 [10208],5.2434456928838955,5.573154978898823,-0.32970928601492755
藤岡市 [10209],6.051891927019869,6.472519412424488,-0.42062748540461836
富岡市 [10210],5.282033117860622,5.778919826602499,-0.4968867087418767
安中市 [10211],4.448782301543037,5.555141964556222,-1.1063596630131851
みどり市 [10212],5.787084794718383,7.091833680962895,-1.3047488862445125
榛東村 [10344],10.83777504441711,6.490900484462088,4.3468745599550225
吉岡町 [10345],7.2516892637901345,6.990745371860423,0.26094389192971157
上野村 [10366],10.583580613254204,8.420038681098152,2.1635419321560523
神流町 [10367],7.081403044341496,4.704053418747109,2.3773496255943867
下仁田町 [10382],4.157834664927441,4.313783839663536,-0.1559491747360946
南牧村 [10383],5.956552207428171,5.447331999800858,0.5092202076273127
甘楽町 [10384],5.271668822768435,5.401198331595048,-0.12952950882661352
中之条町 [10421],6.8756107776071484,6.773154211280961,0.10245656632618783
長野原町 [10424],9.759937032664306,7.102166050640111,2.6577709820241946
嬬恋村 [10425],13.722032403835556,6.550364209489462,7.171668194346093
草津町 [10426],15.788604459124691,11.07114381888499,4.717460640239702
高山村 [10428],6.503067484662576,5.304392982163611,1.1986745024989647
東吾妻町 [10429],5.049332559489263,5.3985956219492826,-0.3492630624600199
片品村 [10443],5.371690427698574,4.683560216058877,0.688130211639697
川場村 [10444],4.540867810292633,2.3734778473527793,2.167389962939854
昭和村 [10448],7.711155952724128,7.441975615429306,0.2691803372948218
みなかみ町 [10449],6.446856199127049,6.330466857300777,0.11638934182627203
玉村町 [10464],7.653003930376193,8.648085625698625,-0.9950816953224324
板倉町 [10521],6.143674318401308,7.22695642073997,-1.0832821023386625
明和町 [10522],5.3297367686726815,6.814730857264002,-1.4849940885913204
千代田町 [10523],6.674041297935103,6.268234886903088,0.40580641103201476
大泉町 [10524],12.19840107555278,11.111484462148539,1.0869166134042416
邑楽町 [10525],8.682213005712496,5.8717042694139465,2.8105087362985497
西区 [11101],9.2827180769271,7.646666895218803,1.6360511817082974
北区 [11102],12.121332433398182,10.208435868905404,1.9128965644927778
大宮区 [11103],14.179263864828307,10.676974689266887,3.5022891755614207
見沼区 [11104],8.942676698999788,8.374559807833041,0.5681168911667474
中央区 [11105],12.653354152321286,10.774620699629466,1.8787334526918205
桜区 [11106],11.152970399503207,11.483667968357647,-0.3306975688544398
浦和区 [11107],11.291110914819068,10.206566406075765,1.0845445087433028
南区 [11108],11.204202407074938,10.445482522072703,0.7587198850022343
緑区 [11109],9.696312847503172,7.799379756882829,1.896933090620343
岩槻区 [11110],7.814687653275071,7.046514869268234,0.7681727840068371
川越市 [11201],7.6903672000113374,8.727993429365483,-1.0376262293541458
熊谷市 [11202],7.849596966379821,7.305176782221805,0.5444201841580156
川口市 [11203],9.19290077982112,9.537032990409237,-0.3441322105881177
行田市 [11206],6.623937113057774,6.635027911108538,-0.011090798050763517
秩父市 [11207],4.277074739565126,5.430864322672766,-1.1537895831076401
所沢市 [11208],7.8520962279574915,8.896347155391755,-1.0442509274342635
飯能市 [11209],6.292728602029167,7.3008050859586575,-1.0080764839294902
加須市 [11210],6.835508578978379,6.767610612153782,0.0678979668245967
本庄市 [11211],7.868929320292252,8.461270693384044,-0.5923413730917924
東松山市 [11212],8.067414745331813,8.942995045809173,-0.8755803004773597
春日部市 [11214],6.991326157383217,6.907303987599145,0.08402216978407129
狭山市 [11215],7.57517490773912,7.045683298402831,0.5294916093362891
羽生市 [11216],7.276147199046484,7.609028806543426,-0.33288160749694207
鴻巣市 [11217],6.953659283454118,6.612992074316995,0.34066720913712256
深谷市 [11218],6.28795034408312,6.688728518055679,-0.4007781739725589
上尾市 [11219],7.646936096598367,7.461141252456524,0.1857948441418431
草加市 [11221],9.124496015746532,9.444512722386758,-0.3200167066402262
越谷市 [11222],7.2839711737607615,7.36019738968791,-0.07622621592714829
蕨市 [11223],14.631526551570564,12.151872945904543,2.479653605666021
戸田市 [11224],11.811782923910748,12.067020222499313,-0.2552372985885647
入間市 [11225],6.855074889130616,6.6918275942660586,0.1632472948645578
朝霞市 [11227],11.524757088626677,10.402700518911699,1.122056569714978
志木市 [11228],9.663440704896722,8.720376037819335,0.9430646670773868
和光市 [11229],16.09023442101543,12.819462874225195,3.270771546790236
新座市 [11230],8.91161695070067,9.065342843199595,-0.1537258924989242
桶川市 [11231],7.107803483794424,6.835304363012088,0.27249912078233596
久喜市 [11232],7.456814328105129,6.925177768195024,0.5316365599101056
北本市 [11233],7.203480712075253,6.348312255677569,0.855168456397684
八潮市 [11234],10.817361593080989,10.415962385334794,0.401399207746195
富士見市 [11235],10.682162886670664,10.613851505796056,0.06831138087460786
三郷市 [11237],8.132843716585064,7.709911800371558,0.4229319162135061
蓮田市 [11238],7.358740652255731,6.5712805615629755,0.7874600906927558
坂戸市 [11239],8.975028103420588,9.424413853684973,-0.4493857502643852
幸手市 [11240],6.825679801643409,6.569857755254798,0.2558220463886105
鶴ヶ島市 [11241],9.125665845695629,8.305623299886172,0.8200425458094571
日高市 [11242],6.401313847062297,6.243033639881903,0.15828020718039415
吉川市 [11243],7.619205480965799,7.166719098239282,0.45248638272651664
ふじみ野市 [11245],8.992746095898184,8.781556118874342,0.21118997702384235
白岡市 [11246],7.1158690176322414,6.6526927951731905,0.463176222459051
伊奈町 [11301],8.001420896052574,7.804887999268369,0.1965328967842046
三芳町 [11324],7.354790379110147,6.093999062730442,1.2607913163797049
毛呂山町 [11326],7.777049589613956,10.089604986611048,-2.3125553969970927
越生町 [11327],6.7026122524867535,6.465277445691523,0.23733480679523034
滑川町 [11341],8.169256466062661,9.261296605213824,-1.0920401391511625
嵐山町 [11342],7.58887349953832,8.20896723608037,-0.6200937365420511
小川町 [11343],5.566890119498689,5.336804739226501,0.23008538027218783
川島町 [11346],5.479085212361416,4.88515940242741,0.5939258099340057
吉見町 [11347],5.953461975028377,5.548086466178729,0.405375508849648
鳩山町 [11348],4.991394148020654,3.402618417131114,1.58877573088954
ときがわ町 [11349],5.870841487279844,5.340392845828871,0.5304486414509721
横瀬町 [11361],6.722799631627417,6.13126346332403,0.5915361683033868
皆野町 [11362],5.046181572426222,5.617995321642745,-0.5718137492165232
長瀞町 [11363],4.476205434270457,4.40440844528089,0.07179698898956755
小鹿野町 [11365],3.866414869297287,4.791272472552302,-0.9248576032550155
東秩父村 [11369],3.5328345802161265,3.969350250212648,-0.43651566999652136
美里町 [11381],5.5966307908282635,5.463337001601046,0.1332937892272179
神川町 [11383],7.782741594168822,7.874499148450855,-0.09175755428203303
上里町 [11385],7.687520471667213,7.477774061428114,0.20974641023909868
寄居町 [11408],6.683504340962905,7.033356296107681,-0.34985195514477585
宮代町 [11442],7.947178154223058,8.00568535118025,-0.05850719695719242
杉戸町 [11464],6.666360589504613,6.150044705945641,0.5163158835589723
松伏町 [11465],6.522597551782317,5.842291903659807,0.68030564812251
中央区 [12101],13.3690998004268,13.994813244871748,-0.6257134444449477
花見川区 [12102],10.62362966479058,9.529294049592245,1.094335615198334
稲毛区 [12103],10.861222274121673,10.018698327962746,0.8425239461589271
若葉区 [12104],9.164560067047784,8.581963128733971,0.582596938313813
緑区 [12105],7.977465572402282,7.306086265981783,0.6713793064204987
美浜区 [12106],10.045694426567126,8.111793816181846,1.9339006103852796
銚子市 [12202],4.921646352758122,7.12751755947639,-2.2058712067182675
市川市 [12203],11.176827296248383,12.285219204311371,-1.1083919080629876
船橋市 [12204],9.154548940318112,9.621840571474157,-0.467291631156046
館山市 [12205],7.960233273637324,6.890854909481081,1.0693783641562433
木更津市 [12206],8.124639185051482,8.62646271433286,-0.5018235292813777
松戸市 [12207],9.040458038149865,9.89457396827305,-0.8541159301231858
野田市 [12208],6.767705714546237,6.895739445449612,-0.12803373090337544
茂原市 [12210],6.402208220262984,7.08041781221602,-0.6782095919530367
成田市 [12211],13.106033854499282,11.55905466682422,1.5469791876750616
佐倉市 [12212],6.477056859344212,6.023624448599021,0.45343241074519103
東金市 [12213],8.787417734059868,9.38981293493618,-0.6023952008763107
旭市 [12215],6.322395379601846,7.095800926509604,-0.7734055469077576
習志野市 [12216],10.3606407584021,10.122440456211834,0.23820030219026656
柏市 [12217],9.01780940237733,8.879037888806481,0.13877151357084827
勝浦市 [12218],7.70393742194176,9.161934809342744,-1.4579973874009848
市原市 [12219],6.822278264714589,8.381767671942994,-1.559489407228405
流山市 [12220],9.387849192235675,8.061528521192777,1.3263206710428985
八千代市 [12221],8.959224353143808,8.271653291437667,0.6875710617061408
我孫子市 [12222],7.62429845336095,7.519621433667933,0.10467701969301757
鴨川市 [12223],8.749048296865173,8.13464801684218,0.6144002800229931
鎌ケ谷市 [12224],8.999881556529424,7.993482789740846,1.0063987667885774
君津市 [12225],6.688883299798793,8.15334398628247,-1.4644606864836778
富津市 [12226],5.8376827367848225,7.3393868878604325,-1.50170415107561
浦安市 [12227],11.18420284610266,12.146195449030046,-0.9619926029273849
四街道市 [12228],6.9878868331535715,6.944700553178019,0.043186279975552466
袖ケ浦市 [12229],7.33080147069949,7.945763515287989,-0.6149620445884985
八街市 [12230],9.522594588104637,7.230162422928455,2.292432165176182
印西市 [12231],7.744493470925705,6.179088261592199,1.5654052093335062
白井市 [12232],7.849818380532965,6.293463301175476,1.5563550793574894
富里市 [12233],14.070281405628112,9.691066388822879,4.379215016805233
南房総市 [12234],4.6820877120882995,4.637027502277201,0.045060209811098595
匝瑳市 [12235],5.541539016038926,5.7587104578733435,-0.2171714418344175
香取市 [12236],6.046712181099533,5.750730879352149,0.2959813017473838
山武市 [12237],7.012252591894439,6.499386821981978,0.5128657699124615
いすみ市 [12238],5.699466935600057,5.442289287775439,0.2571776478246184
大網白里市 [12239],6.779269827947965,6.580057844779516,0.1992119831684489
酒々井町 [12322],11.803931326200548,9.909475789501796,1.8944555366987519
栄町 [12329],6.374847125968203,5.481007736112629,0.8938393898555743
神崎町 [12342],7.206247781327653,7.135371797940928,0.07087598338672496
多古町 [12347],5.831967823625801,6.149537049864908,-0.3175692262391072
東庄町 [12349],4.783057031807727,4.8627487719356335,-0.07969174012790692
九十九里町 [12403],5.705512710654099,6.518008344819032,-0.8124956341649332
芝山町 [12409],7.465382299819385,5.97178240874737,1.493599891072015
横芝光町 [12410],5.308893414799728,5.672082123636639,-0.363188708836911
一宮町 [12421],13.860419716935091,8.127851777749838,5.7325679391852535
睦沢町 [12422],4.168575355016033,4.7610539340579585,-0.5924785790419254
長生村 [12423],6.616926671188485,7.98491859424621,-1.3679919230577253
白子町 [12424],12.307247494217425,6.160681266133261,6.146566228084164
長柄町 [12426],5.069789828333066,5.1419613836107985,-0.07217155527773222
長南町 [12427],3.944020356234097,4.285941991624325,-0.34192163539022813
大多喜町 [12441],5.484072454715803,5.594203253780759,-0.11013079906495626
御宿町 [12443],7.36400462962963,4.601274270210331,2.762730359419299
鋸南町 [12463],5.854169785896092,5.1398562054945796,0.7143135804015124
千代田区 [13101],20.270211375027237,15.725435097144384,4.544776277882853
中央区 [13102],19.96809032891507,14.518597472172488,5.449492856742584
港区 [13103],16.00604974232579,15.194070206240209,0.8119795360855804
新宿区 [13104],20.45407508002166,17.982680176054693,2.471394903966967
文京区 [13105],15.92385646603922,15.746217986085568,0.1776384799536519
台東区 [13106],18.99307676644268,14.868734362444783,4.124342403997897
墨田区 [13107],16.44924156462538,13.321637379154073,3.1276041854713057
江東区 [13108],13.223737042746246,12.189889447431213,1.0338475953150326
品川区 [13109],14.936068568216946,15.210653231625994,-0.27458466340904764
目黒区 [13110],16.193319118692255,14.157843481214549,2.035475637477706
大田区 [13111],12.7303958439959,13.704400406409748,-0.9740045624138478
世田谷区 [13112],12.146748843708366,13.418591624591286,-1.2718427808829205
渋谷区 [13113],17.339521698170284,17.44911628303789,-0.10959458486760454
中野区 [13114],17.76123425973128,16.834073408375012,0.9271608513562661
杉並区 [13115],14.0588099738888,15.749320723313819,-1.6905107494250178
豊島区 [13116],19.61994814080721,17.020328199635788,2.5996199411714223
北区 [13117],15.454763884017469,13.14761361578724,2.307150268230229
荒川区 [13118],15.083813962695364,12.46013175007229,2.623682212623075
板橋区 [13119],13.356387995453556,13.769913656292264,-0.4135256608387081
練馬区 [13120],11.606497686770958,12.435238337803419,-0.8287406510324615
足立区 [13121],10.767518860737017,11.543962634341646,-0.7764437736046297
葛飾区 [13122],10.991326109347202,10.712614613200627,0.27871149614657575
江戸川区 [13123],10.681978747639029,11.535880192640892,-0.8539014450018634
八王子市 [13201],7.981641366308759,9.794111511458986,-1.8124701451502272
立川市 [13202],11.093274346735962,11.587359195881035,-0.49408484914507333
武蔵野市 [13203],13.243579177756462,13.433154371811419,-0.1895751940549566
三鷹市 [13204],11.37183262728547,12.64988823522059,-1.278055607935121
青梅市 [13205],7.060144843344565,7.3205986446776725,-0.26045380133310747
府中市 [13206],9.962911593192285,11.510267862761609,-1.547356269569324
昭島市 [13207],9.333921405839217,9.659215556263964,-0.32529415042474774
調布市 [13208],10.775941307217945,12.751278494854997,-1.9753371876370522
町田市 [13209],7.771113745728433,8.926820636784548,-1.1557068910561146
小金井市 [13210],12.019269177305192,13.324160289828402,-1.3048911125232099
小平市 [13211],9.999542680603051,10.975137662801684,-0.9755949821986327
日野市 [13212],9.719488319529704,11.384046844643436,-1.6645585251137316
東村山市 [13213],8.398168582627887,9.361476217091145,-0.9633076344632574
国分寺市 [13214],11.901158301158302,12.840159476501874,-0.9390011753435719
国立市 [13215],11.724654635313293,12.481263128602341,-0.7566084932890487
福生市 [13218],12.297196988441554,11.90208347928975,0.39511350915180365
狛江市 [13219],11.238543291731668,12.500421616659587,-1.2618783249279186
東大和市 [13220],7.334462798249329,7.8821505237262075,-0.5476877254768784
清瀬市 [13221],9.443948220927595,10.221536340011296,-0.7775881190837008
東久留米市 [13222],8.038684719535784,8.2993698978278,-0.2606851782920163
武蔵村山市 [13223],7.587416544076044,7.988994334782274,-0.4015777907062299
多摩市 [13224],8.8632127711299,9.051541324214874,-0.18832855308497365
稲城市 [13225],8.775927424507007,9.793382766443496,-1.0174553419364898
羽村市 [13227],9.625688208993829,8.870380759499026,0.7553074494948024
あきる野市 [13228],6.7727525112311335,6.480921706484709,0.2918308047464242
西東京市 [13229],9.688477296419308,10.621693202760154,-0.9332159063408465
瑞穂町 [13303],8.018617436666355,7.175642111045678,0.8429753256206771
日の出町 [13305],6.730589627046883,4.313612415113913,2.41697721193297
檜原村 [13307],8.268330733229329,5.693800428963572,2.574530304265757
奥多摩町 [13308],7.479964381121995,5.433852684847467,2.0461116962745285
大島町 [13361],13.415529135476294,11.145122782183545,2.270406353292749
新島村 [13363],10.973084886128364,7.350897505875103,3.6221873802532603
神津島村 [13364],11.629245826137018,7.299661956561381,4.329583869575637
三宅村 [13381],16.463138851198554,13.209341185903265,3.2537976652952896
八丈町 [13401],11.099736765136004,10.028902761090336,1.0708340040456683
小笠原村 [13421],24.318910256410255,18.457690824703235,5.8612194317070205
鶴見区 [14101],11.350343135764174,12.543995662391096,-1.1936525266269218
神奈川区 [14102],13.591802531810345,13.971549874975876,-0.3797473431655316
西区 [14103],15.851131954646478,14.608455904785213,1.2426760498612648
中区 [14104],14.24249835871426,14.081609813015199,0.16088854569906097
南区 [14105],12.00133608527016,12.53356388065616,-0.5322277953860013
保土ケ谷区 [14106],10.100342367764153,10.907360629194967,-0.8070182614308141
磯子区 [14107],9.527979418549878,10.088276774021907,-0.560297355472029
金沢区 [14108],7.710576066746872,8.04464975643392,-0.334073689687048
港北区 [14109],12.045007189423869,12.35246178805891,-0.3074545986350419
戸塚区 [14110],7.790390463100774,7.953776530639525,-0.16338606753875062
港南区 [14111],7.771351829346146,7.893503206617744,-0.12215137727159853
旭区 [14112],7.468775056415683,7.714827830106765,-0.24605277369108247
緑区 [14113],9.133720353826329,8.821344219181965,0.31237613464436365
瀬谷区 [14114],7.973318218038133,7.707097070443584,0.26622114759454885
栄区 [14115],8.31020110537524,7.219454430596762,1.0907466747784786
泉区 [14116],7.437639021290117,6.4036766107469365,1.0339624105431806
青葉区 [14117],9.27384675527756,8.492936286513718,0.7809104687638424
都筑区 [14118],9.598334854439456,7.733662290673811,1.8646725637656445
川崎市 [14130],12.122730094499463,12.5003363186159,-0.3776062241164375
川崎区 [14131],12.016486593953491,14.185029884885179,-2.1685432909316873
幸区 [14132],11.585282138117249,10.84387791797228,0.7414042201449682
中原区 [14133],14.526544092275842,14.32239683676713,0.20414725550871182
高津区 [14134],12.677780795578492,12.642135470477989,0.035645325100503555
多摩区 [14135],13.635469242631547,13.936745779957956,-0.3012765373264088
宮前区 [14136],9.837395250353255,9.67790151518114,0.15949373517211463
麻生区 [14137],9.655234413628804,9.357027422378536,0.29820699125026806
相模原市 [14150],8.441661758507399,9.947198120153205,-1.505536361645806
緑区 [14151],7.70998721135053,8.74003400217587,-1.03004679082534
中央区 [14152],8.196805732320074,9.6038606421871,-1.4070549098670249
南区 [14153],9.115326687226569,10.699957453278206,-1.584630766051637
横須賀市 [14201],6.853348318519632,5.948711257164817,0.9046370613548156
平塚市 [14203],6.55664220090509,7.832927209378392,-1.2762850084733017
鎌倉市 [14204],7.45409230240353,6.818591117262385,0.6355011851411447
藤沢市 [14205],7.833884967901835,8.78139585216254,-0.9475108842607041
小田原市 [14206],6.942895143298439,7.512669803404739,-0.5697746601063001
茅ヶ崎市 [14207],6.585942711597162,7.003522862435611,-0.41758015083844935
逗子市 [14208],6.701022013938125,6.828418402760783,-0.1273963888226577
三浦市 [14210],5.6598564329099945,4.920721340667986,0.7391350922420088
秦野市 [14211],6.794977707428125,7.8739795219921165,-1.0790018145639912
厚木市 [14212],8.156241048410198,9.17024950004619,-1.0140084516359913
大和市 [14213],9.091353001017294,10.369747860732646,-1.2783948597153518
伊勢原市 [14214],8.66394165264086,9.76885451279074,-1.1049128601498808
海老名市 [14215],8.816237221428928,8.400752403730316,0.4154848176986121
座間市 [14216],8.665665795349758,9.53879964096198,-0.8731338456122213
南足柄市 [14217],6.2344388009162435,5.918788831724463,0.3156499691917807
綾瀬市 [14218],8.243996569468267,7.4262641010217685,0.8177324684464988
葉山町 [14301],6.352748876245561,5.4136231126420125,0.9391257636035482
寒川町 [14321],7.259628140498398,7.180685669584639,0.07894247091375917
大磯町 [14341],6.609566394810592,5.168040191299718,1.4415262035108745
二宮町 [14342],6.288528178004742,5.822203799389652,0.4663243786150897
中井町 [14361],5.471295360071902,5.117518693850492,0.35377666622140946
大井町 [14362],7.78147595546884,6.999349649303297,0.7821263061655435
松田町 [14363],11.718974949611288,8.090144216765623,3.6288307328456657
山北町 [14364],4.6097376659829425,5.7282571833230636,-1.118519517340121
開成町 [14366],6.93202628460627,6.761258733577173,0.1707675510290967
箱根町 [14382],21.209044762344252,13.461594325073209,7.747450437271043
真鶴町 [14383],5.6767892568289335,5.508415295790217,0.16837396103871693
湯河原町 [14384],8.648578699909416,6.774178104415994,1.8744005954934222
愛川町 [14401],7.565330014983367,7.474242949354951,0.09108706562841551
清川村 [14402],7.437407952871871,6.082901638868885,1.354506314002986
北区 [15101],5.446511296415081,6.783214754425681,-1.3367034580106
東区 [15102],7.067024374584394,7.702176187403695,-0.6351518128193012
中央区 [15103],10.48587255363547,11.130525383046404,-0.6446528294109335
江南区 [15104],6.729857819905213,5.758018213260631,0.9718396066445818
秋葉区 [15105],4.678853153287239,5.706384092002188,-1.027530938714949
南区 [15106],4.898848723172407,5.131744663372399,-0.2328959401999917
西区 [15107],6.554319414708471,8.902048172277805,-2.3477287575693344
西蒲区 [15108],4.072897445165218,4.433815718117541,-0.3609182729523228
長岡市 [15202],4.641915529595199,6.338995966060777,-1.697080436465578
三条市 [15204],3.9998683893044378,4.681813554274839,-0.6819451649704016
柏崎市 [15205],4.809950535969666,6.6385872395965855,-1.8286367036269198
新発田市 [15206],4.779824819747592,6.124035631879421,-1.3442108121318288
小千谷市 [15208],4.499723943316361,4.687476910315365,-0.18775296699900323
加茂市 [15209],3.401304040865485,5.124472291873584,-1.723168251008099
十日町市 [15210],3.719972837619896,3.732281996331469,-0.012309158711572898
見附市 [15211],4.0619006331940835,5.105988193544782,-1.0440875603506985
村上市 [15212],3.821132131907575,4.958379899062914,-1.1372477671553387
燕市 [15213],4.513070389148614,5.32571618980938,-0.812645800660766
糸魚川市 [15216],4.329539181409532,4.768646806760277,-0.43910762535074443
妙高市 [15217],4.940028461069323,5.549058256549042,-0.609029795479719
五泉市 [15218],3.31363536878967,5.183720302477907,-1.8700849336882368
上越市 [15222],4.553868321879849,5.798152960692517,-1.244284638812668
阿賀野市 [15223],3.635899399974466,4.588124454889387,-0.9522250549149209
佐渡市 [15224],4.405130657131571,5.1072613951399966,-0.7021307380084254
魚沼市 [15225],4.169485271508518,4.92004448980645,-0.7505592182979326
南魚沼市 [15226],4.956468611577821,5.536100479377175,-0.5796318677993533
胎内市 [15227],4.893434362285842,5.745204309235746,-0.8517699469499034
聖籠町 [15307],7.4002574002574,7.792360516394044,-0.39210311613664395
弥彦村 [15342],4.287231218476241,5.308944130340683,-1.0217129118644417
田上町 [15361],3.761459219355449,5.0988723460419045,-1.3374131266864557
阿賀町 [15385],3.7470984856858625,5.507257591911462,-1.7601591062255997
出雲崎町 [15405],4.6062789500772,5.395920315368649,-0.7896413652914491
湯沢町 [15461],12.518142235123369,9.9600813356905,2.558060899432869
津南町 [15482],3.80794701986755,3.653674972109387,0.15427204775816294
刈羽村 [15504],6.774040738986263,6.977669183686872,-0.20362844470060892
関川村 [15581],3.98635685354935,4.949447110045031,-0.9630902564956809
富山市 [16201],5.167216915124691,6.972695572257604,-1.8054786571329124
高岡市 [16202],5.243680535064424,6.033299058873393,-0.7896185238089686
魚津市 [16204],5.425071859543724,7.033973576747526,-1.6089017172038016
氷見市 [16205],3.588113927953139,3.869982863274799,-0.2818689353216599
滑川市 [16206],5.47262150266244,6.542951529660831,-1.0703300269983913
黒部市 [16207],5.7208530200485255,7.015301032935016,-1.2944480128864901
砺波市 [16208],6.149033723272057,6.823974956942754,-0.6749412336706975
小矢部市 [16209],4.340022256524392,4.301660635507961,0.03836162101643126
南砺市 [16210],3.952594907859608,3.91224896649366,0.04034594136594771
射水市 [16211],5.18939057926018,6.12453764077368,-0.9351470615134998
舟橋村 [16321],7.032900694234832,6.672513750107978,0.3603869441268541
上市町 [16322],4.357613764270783,5.759128698822691,-1.4015149345519076
立山町 [16323],4.564913147279164,6.4391996627990356,-1.8742865155198718
入善町 [16342],4.578540618260244,5.584908399326667,-1.006367781066423
朝日町 [16343],4.376747324785501,5.440635881361812,-1.0638885565763117
金沢市 [17201],6.898761743353425,9.074220535681132,-2.1754587923277064
七尾市 [17202],6.137634408602151,5.777289432940243,0.36034497566190726
小松市 [17203],6.417634510547524,6.758738402413906,-0.341103891866382
輪島市 [17204],10.880160550458717,4.891268865740152,5.988891684718565
珠洲市 [17205],10.374538420960084,3.4285223575756696,6.946016063384414
加賀市 [17206],5.056480235969078,6.119062157970046,-1.0625819220009687
羽咋市 [17207],5.442941026295634,5.140443173009346,0.30249785328628853
かほく市 [17209],6.19060773480663,5.714151544159959,0.47645619064667066
白山市 [17210],5.248658064057445,6.124743866192516,-0.876085802135071
能美市 [17211],6.24698213423467,7.288555708218523,-1.041573573983853
野々市市 [17212],11.455947822582123,13.01235519829766,-1.556407375715537
川北町 [17324],4.5191193511008105,5.614181351561759,-1.0950620004609481
津幡町 [17361],6.004637403054289,6.922296036379506,-0.9176586333252166
内灘町 [17365],6.312836100070143,9.037107044324133,-2.7242709442539894
志賀町 [17384],5.366573911068204,4.565172787584965,0.801401123483239
宝達志水町 [17386],5.523600067670445,4.878120645414905,0.6454794222555407
中能登町 [17407],4.658479036844334,5.040943914204259,-0.38246487735992574
穴水町 [17461],9.077747212972346,5.769468404081437,3.3082788088909094
能登町 [17463],6.601074593538484,3.725143701308163,2.8759308922303206
福井市 [18201],5.202949269571584,6.886184568703435,-1.6832352991318507
敦賀市 [18202],6.230964060145555,7.4213525602187955,-1.1903885000732402
小浜市 [18204],5.534654897988714,7.812627104655117,-2.2779722066664023
大野市 [18205],4.178263639716978,4.280271605980229,-0.10200796626325026
勝山市 [18206],3.827887537993921,4.289243606167284,-0.4613560681733633
鯖江市 [18207],5.206289713331967,5.728761948554016,-0.5224722352220494
あわら市 [18208],5.211738766821258,6.7214191181574865,-1.509680351336229
越前市 [18209],6.06083215200577,5.940866619414961,0.11996553259080933
坂井市 [18210],5.023182177993894,6.012866084360013,-0.9896839063661194
永平寺町 [18322],5.3275901156200405,9.193127961472431,-3.8655378458523906
池田町 [18382],4.34583714547118,6.840573570232182,-2.494736424761002
南越前町 [18404],3.651566469093988,4.623641664556496,-0.9720751954625082
越前町 [18423],4.117557792503415,4.216678493370091,-0.09912070086667679
美浜町 [18442],6.07422775472568,7.556827720619207,-1.4825999658935274
高浜町 [18481],5.427493713327745,9.080307376615112,-3.6528136632873665
おおい町 [18483],5.9106887124072385,7.825791132741948,-1.9151024203347093
若狭町 [18501],4.118616144975288,4.515349649788796,-0.39673350481350766
甲府市 [19201],7.937449007342942,9.07159988354154,-1.1341508761985972
富士吉田市 [19202],6.489949098438444,5.6826168851863965,0.8073322132520477
都留市 [19204],8.713037988003789,10.563510238767101,-1.8504722507633122
山梨市 [19205],5.099357994497096,5.887284534881431,-0.7879265403843352
大月市 [19206],5.2922961433799385,5.234262907198325,0.05803323618161382
韮崎市 [19207],7.385423411756241,7.271221785539679,0.11420162621656171
南アルプス市 [19208],5.401109778880741,5.79065280890406,-0.3895430300233187
北杜市 [19209],6.630674305861612,5.449696940648181,1.1809773652134314
甲斐市 [19210],7.565798088254551,8.382770788450145,-0.8169727001955938
笛吹市 [19211],6.540825941935774,7.137926373550858,-0.5971004316150843
上野原市 [19212],5.7384006035458315,6.497644399793839,-0.7592437962480076
甲州市 [19213],4.869493448880635,4.566997603470119,0.3024958454105162
中央市 [19214],9.579370526522208,10.39238610479467,-0.8130155782724628
市川三郷町 [19346],4.849660523763336,5.574744512296858,-0.7250839885335223
早川町 [19364],11.175785797438882,12.832627182329915,-1.6568413848910328
身延町 [19365],5.580241810478454,5.993983431423027,-0.413741620944573
南部町 [19366],4.774575018477457,4.780678256822262,-0.006103238344804751
富士川町 [19368],5.7087462300732446,6.61464215082559,-0.9058959207523456
昭和町 [19384],11.8015616963576,11.722714500209078,0.07884719614852287
道志村 [19422],7.289595758780649,5.359716501183618,1.9298792575970314
西桂町 [19423],6.661522633744855,5.139610559278841,1.5219120744660142
忍野村 [19424],11.533326486597517,10.337625376720787,1.1957011098767296
山中湖村 [19425],11.319134318103744,6.3553932143019445,4.9637411038018
鳴沢村 [19429],6.474820143884892,5.475202537338219,0.9996176065466731
富士河口湖町 [19430],8.94338926793288,8.516937823590846,0.4264514443420335
長野市 [20201],5.531853870146632,6.787596426924301,-1.255742556777669
松本市 [20202],7.30508177744745,8.637208944615736,-1.3321271671682862
上田市 [20203],5.671109937970173,6.621699122606179,-0.950589184636006
岡谷市 [20204],5.70272654888205,5.395007410299984,0.30771913858206634
飯田市 [20205],5.832912032355915,5.675151779954371,0.1577602524015438
諏訪市 [20206],7.617906179692592,7.828943399719233,-0.2110372200266406
須坂市 [20207],5.176097173899774,5.500942602825265,-0.3248454289254905
小諸市 [20208],6.887606671838635,7.001517315461595,-0.11391064362296
伊那市 [20209],6.5299456094667265,6.255154625989292,0.2747909834774349
駒ヶ根市 [20210],6.442138866719873,7.327597582323033,-0.8854587156031606
中野市 [20211],5.507328874341824,5.490875194346652,0.016453679995172443
大町市 [20212],6.114382830718154,6.564206564444506,-0.449823733726352
飯山市 [20213],5.528386136508612,4.687965960193747,0.8404201763148649
茅野市 [20214],6.939666333740243,8.018651149566853,-1.07898481582661
塩尻市 [20215],7.162027451882524,8.363064698778695,-1.2010372468961705
佐久市 [20217],6.827890737317724,6.938892715759112,-0.11100197844138737
千曲市 [20218],5.24768459512278,4.736305614386638,0.5113789807361417
東御市 [20219],5.974169486843014,5.315395517775348,0.6587739690676662
安曇野市 [20220],5.85388242166312,5.6272289508396005,0.2266534708235195
小海町 [20303],7.650142993326978,5.859408962790957,1.7907340305360204
川上村 [20304],21.53676673092812,5.739905493981006,15.796861236947116
南牧村 [20305],15.451797111185758,6.76115742134237,8.690639689843389
佐久穂町 [20309],5.079084389429217,5.22494135725636,-0.14585696782714308
軽井沢町 [20321],12.41265171018757,7.57442356580296,4.838228144384609
御代田町 [20323],11.705426356589149,9.716811088872873,1.9886152677162752
立科町 [20324],5.573868744381181,6.088730607396853,-0.514861863015672
青木村 [20349],4.429760156632404,4.308868521460248,0.12089163517215606
長和町 [20350],5.023576351106275,5.338921927593432,-0.31534557648715733
下諏訪町 [20361],5.657823497563617,5.9315849546707895,-0.2737614571071729
富士見町 [20362],6.160062380378536,6.178705334889745,-0.018642954511209453
原村 [20363],6.489493201483312,5.168575375412583,1.3209178260707288
辰野町 [20382],5.308456882669777,5.330189191687836,-0.021732309018059226
箕輪町 [20383],7.073440767622094,6.722907119767337,0.35053364785475694
飯島町 [20384],5.427056301478054,5.775028906560243,-0.3479726050821883
南箕輪村 [20385],8.373310074138683,10.131079890663052,-1.7577698165243696
中川村 [20386],4.6103896103896105,4.9509913109836035,-0.340601700593993
宮田村 [20388],5.5129818140226465,6.938498720299915,-1.4255169062772683
松川町 [20402],5.126556850140618,4.3933353635948915,0.7332214865457267
高森町 [20403],5.878153260352213,5.226766772098369,0.651386488253844
阿南町 [20404],6.614093106079879,5.106089332921249,1.50800377315863
阿智村 [20407],5.908096280087528,5.423116297466375,0.4849799826211525
下條村 [20411],5.320081847413037,4.321813801812315,0.9982680456007218
天龍村 [20413],8.560311284046692,6.004360512334403,2.55595077171229
泰阜村 [20414],7.713884992987377,6.387793681428251,1.326091311559126
喬木村 [20415],5.197010869565218,4.336643867223237,0.8603670023419809
豊丘村 [20416],5.35302261190586,4.094718707743636,1.258303904162224
大鹿村 [20417],7.373271889400922,7.7526374789462436,-0.37936558954532185
上松町 [20422],6.259541984732825,7.415612408645935,-1.1560704239131105
南木曽町 [20423],6.205770277626565,6.065327971339359,0.14044230628720555
木祖村 [20425],3.7758346581876,4.15407839981256,-0.37824374162496
大桑村 [20430],6.238303181534623,6.2307740537337315,0.007529127800891544
木曽町 [20432],6.223897320973821,6.576027790407025,-0.35213046943320414
麻績村 [20446],3.731343283582089,4.4536755295244586,-0.7223322459423693
生坂村 [20448],8.04953560371517,6.279665738047129,1.769869865668042
山形村 [20450],5.998114541597926,5.746537600884914,0.2515769407130115
朝日村 [20451],5.794041754632888,4.165043071495069,1.6289986831378185
筑北村 [20452],5.809859154929577,4.521445797637975,1.288413357291602
池田町 [20481],5.486065393899495,4.569948272320843,0.9161171215786519
松川村 [20482],7.441956882255389,6.031927582708692,1.4100292995466974
白馬村 [20485],12.115485564304462,7.87751176392521,4.237973800379252
小谷村 [20486],11.170401992173604,7.956219743803932,3.2141822483696716
坂城町 [20521],6.596020761245675,5.316002025796588,1.2800187354490866
小布施町 [20541],4.878492764175844,3.45127243825522,1.427220325920624
高山村 [20543],4.818337751442383,4.27456793991688,0.543769811525503
山ノ内町 [20561],6.411969008816458,4.954149465311916,1.4578195435045416
木島平村 [20562],5.924002832192589,4.61997255510431,1.3040302770882795
野沢温泉村 [20563],8.626465661641541,4.283961321762828,4.3425043398787135
信濃町 [20583],6.283068783068783,4.044879441947343,2.2381893411214406
小川村 [20588],6.46041856232939,6.2387582782813755,0.2216602840480144
飯綱町 [20590],4.925053533190578,3.599863176047309,1.3251903571432688
栄村 [20602],7.179487179487179,4.366089452452842,2.813397727034337
岐阜市 [21201],6.205794145723041,8.06534615794498,-1.8595520122219389
大垣市 [21202],6.39402977465076,6.860243805907747,-0.4662140312569871
高山市 [21203],5.607012099022865,5.796444317225934,-0.189432218203069
多治見市 [21204],5.658365699489757,5.353124946960138,0.3052407525296186
関市 [21205],5.885857262004051,6.409649042517378,-0.523791780513327
中津川市 [21206],5.719725300877133,5.931675384078143,-0.2119500832010095
美濃市 [21207],5.471012584908641,5.355148321837669,0.11586426307097142
瑞浪市 [21208],6.496782788627796,7.378827660216268,-0.8820448715884721
羽島市 [21209],7.14854849136311,6.827735294427319,0.32081319693579147
恵那市 [21210],5.306813740391714,5.591764978818642,-0.2849512384269275
美濃加茂市 [21211],7.434673148710826,8.414594993916696,-0.9799218452058698
土岐市 [21212],5.440333314897774,5.471198999286334,-0.030865684388559522
各務原市 [21213],6.577897985367037,6.373018794556259,0.20487919081077788
可児市 [21214],6.8000280620170575,6.748624006561771,0.05140405545528637
山県市 [21215],4.929947107037591,5.246974842227258,-0.31702773518966776
瑞穂市 [21216],8.180253092664572,9.581701920128289,-1.4014488274637174
飛騨市 [21217],5.296668819784073,3.642387119272725,1.6542817005113482
本巣市 [21218],6.455830925954083,5.94460415834722,0.5112267676068631
郡上市 [21219],4.407866836301951,4.027915692148358,0.3799511441535923
下呂市 [21220],5.550752204738025,4.53818438423782,1.0125678205002053
海津市 [21221],4.951594984923028,4.906091075270645,0.045503909652382823
岐南町 [21302],10.392171736327088,9.319442991044701,1.0727287452823866
笠松町 [21303],9.21251546108388,7.750754656445993,1.461760804637887
養老町 [21341],4.967078664664434,4.852896903760498,0.11418176090393573
垂井町 [21361],5.313446749009556,5.9664439532278175,-0.6529972042182619
関ケ原町 [21362],4.808475957620212,5.183702181802769,-0.3752262241825566
神戸町 [21381],5.485996705107084,5.902008977074848,-0.41601227196776414
輪之内町 [21382],6.51551837992516,8.261274826992,-1.7457564470668405
安八町 [21383],6.61317100166021,6.181107712292864,0.4320632893673464
揖斐川町 [21401],4.631567648795149,4.950715729040766,-0.31914808024561747
大野町 [21403],5.221688656813837,4.743688752070985,0.4779999047428527
池田町 [21404],5.369306798450648,6.463284077080115,-1.0939772786294677
北方町 [21421],9.27940542869453,8.7005627762715,0.5788426524230292
坂祝町 [21501],9.220716360116167,8.849241161069568,0.37147519904659987
富加町 [21502],6.5261726716519375,5.7677087874621185,0.758463884189819
川辺町 [21503],5.839565618276816,6.140809518000826,-0.30124389972401033
七宗町 [21504],4.268675455116133,4.182827110955669,0.08584834416046405
八百津町 [21505],4.076665652570733,4.731395984344838,-0.6547303317741049
白川町 [21506],4.787387908591264,3.466334167077517,1.3210537415137473
東白川村 [21507],4.724017901541522,3.5690545099344235,1.1549633916070987
御嵩町 [21521],6.557096387604862,6.349948061812354,0.20714832579250775
白川村 [21604],7.82312925170068,8.61734129962651,-0.7942120479258303
葵区 [22101],7.05475466533352,6.835010965938775,0.21974369939474503
駿河区 [22102],9.157687349500158,9.11372014674583,0.04396720275432742
清水区 [22103],5.379610710829121,6.057590542286958,-0.6779798314578365
浜松市 [22130],5.932590404171833,7.787708765526536,-1.8551183613547026
天竜区 [22140],5.087542765143892,4.895996371825438,0.19154639331845402
沼津市 [22203],6.790017119047363,7.401236886298256,-0.6112197672508932
熱海市 [22205],11.08140582757585,8.751929915566187,2.329475912009663
三島市 [22206],7.323672602204629,7.783036593648657,-0.45936399144402884
富士宮市 [22207],5.914533687537936,6.462013019573477,-0.5474793320355404
伊東市 [22208],6.814302119867159,5.596819153184837,1.2174829666823221
島田市 [22209],4.820205389088836,5.357538264458237,-0.5373328753694011
富士市 [22210],5.220474581222033,5.737786916589148,-0.5173123353671158
磐田市 [22211],6.387145914185195,6.744821680386675,-0.35767576620147956
焼津市 [22212],5.498396085561814,5.903165608460569,-0.40476952289875445
掛川市 [22213],6.775185448986328,6.952593686202089,-0.1774082372157615
藤枝市 [22214],5.713162222063344,5.574277109326593,0.13888511273675164
御殿場市 [22215],9.45895768203433,7.9486575033432505,1.5103001786910788
袋井市 [22216],7.369713785378834,8.420460158004234,-1.0507463726254
下田市 [22219],7.504408256404938,6.626157936212178,0.8782503201927598
裾野市 [22220],8.26487019388761,8.504191189671852,-0.23932099578424193
湖西市 [22221],8.144574944071588,6.883296146415938,1.2612787976556499
伊豆市 [22222],6.984287155831051,4.972960646354025,2.0113265094770263
御前崎市 [22223],5.922934544842672,6.705204512817297,-0.7822699679746252
菊川市 [22224],7.217194090591153,7.7479267721064415,-0.5307326815152882
伊豆の国市 [22225],6.502403062001175,6.805313124869627,-0.30291006286845157
牧之原市 [22226],6.627132259131503,5.906931451900068,0.7202008072314356
東伊豆町 [22301],9.889119264400971,7.073115723484607,2.8160035409163644
河津町 [22302],6.611441075336042,6.077800857684981,0.5336402176510617
南伊豆町 [22304],5.694822888283379,4.916532929947085,0.7782899583362939
松崎町 [22305],4.825026511134676,4.728565398745116,0.09646111238956045
西伊豆町 [22306],6.1455038409399005,5.2030597553958735,0.942444085544027
函南町 [22325],7.0516548954438445,6.630796990872295,0.4208579045715499
清水町 [22341],8.784018712267281,7.922249446118312,0.8617692661489693
長泉町 [22342],10.046905388399496,8.918203224781449,1.1287021636180476
小山町 [22344],10.42120765832106,7.21331661151457,3.2078910468064903
吉田町 [22424],7.985775445380472,8.176001441870111,-0.19022599648963912
川根本町 [22429],4.859649122807017,5.024390519793416,-0.16474139698639867
森町 [22461],5.091937765205092,5.63451772917367,-0.5425799639685778
千種区 [23101],14.80941249805205,13.18957298470232,1.6198395133497296
東区 [23102],17.359863825790924,14.272512844322376,3.087350981468548
北区 [23103],11.38018880204298,10.332343846029692,1.0478449560132876
西区 [23104],12.508868303164212,11.947184136574872,0.5616841665893393
中村区 [23105],17.569663931336446,13.790523755407019,3.7791401759294274
中区 [23106],28.515436565364205,19.39061904930434,9.124817516059863
昭和区 [23107],15.020987689100489,13.257948001208977,1.7630396878915118
瑞穂区 [23108],11.27970970107006,10.90852705010008,0.3711826509699794
熱田区 [23109],14.487739742655984,12.646097026638781,1.841642716017203
中川区 [23110],11.05457609541094,10.34510514380537,0.7094709516055708
港区 [23111],9.127138620098956,9.049849461566062,0.07728915853289386
南区 [23112],11.499655086152655,9.494043617511789,2.0056114686408666
守山区 [23113],8.673512880695155,9.242976684021365,-0.5694638033262098
緑区 [23114],8.258294409399527,7.6736617869103325,0.5846326224891945
名東区 [23115],12.346328809353736,10.898046219957848,1.4482825893958875
天白区 [23116],10.7663312569877,11.727573205393927,-0.9612419484062276
豊橋市 [23201],5.781381030295911,7.394877334252044,-1.6134963039561327
岡崎市 [23202],6.776843953838435,7.846331889453227,-1.0694879356147915
一宮市 [23203],5.385009327046311,6.705052479187783,-1.320043152141472
瀬戸市 [23204],5.628237008410283,6.3094662630834675,-0.6812292546731848
半田市 [23205],7.30322092092695,8.303475550318126,-1.0002546293911756
春日井市 [23206],7.078737634928833,7.741065049598056,-0.6623274146692228
豊川市 [23207],6.154384077461001,6.658536764402111,-0.5041526869411106
津島市 [23208],7.035892959070611,6.829593467878369,0.206299491192242
碧南市 [23209],7.348910606018659,8.153670644782242,-0.8047600387635825
刈谷市 [23210],10.182110547508236,10.849825001015336,-0.6677144535071005
豊田市 [23211],7.159011452682338,8.759438655672929,-1.6004272029905904
安城市 [23212],8.604161671062798,8.766327621318448,-0.16216595025565006
西尾市 [23213],6.006087489972158,6.401580412579493,-0.3954929226073354
蒲郡市 [23214],5.40014187141291,6.231564731677704,-0.8314228602647935
犬山市 [23215],6.777974037625817,7.300723675689953,-0.5227496380641368
常滑市 [23216],8.371688657052266,9.356892475550367,-0.9852038184981016
江南市 [23217],6.329746035628389,6.542291001639299,-0.21254496601090977
小牧市 [23219],8.456299278644524,8.10864653675662,0.34765274188790407
稲沢市 [23220],6.382498363172511,6.559801025508778,-0.17730266233626768
新城市 [23221],5.3828908554572275,4.789451837293932,0.5934390181632958
東海市 [23222],8.19747335732938,9.938820268884488,-1.741346911555107
大府市 [23223],8.607306426989487,9.183907867534623,-0.5766014405451365
知多市 [23224],7.628558006191503,7.512947815132404,0.11561019105909942
知立市 [23225],11.851994603969937,11.334837830514948,0.5171567734549889
尾張旭市 [23226],6.859468620944834,7.285597252865921,-0.4261286319210873
高浜市 [23227],9.371750168226589,9.288221604944265,0.08352856328232328
岩倉市 [23228],10.359917087163169,9.95205042970622,0.40786665745694783
豊明市 [23229],8.662484168360283,8.642445671630604,0.020038496729679167
日進市 [23230],8.70954387678198,8.547139244086058,0.16240463269592276
田原市 [23231],6.358331903209198,6.839903692526465,-0.4815717893172673
愛西市 [23232],5.403840746315563,5.073709527621542,0.33013121869402084
清須市 [23233],9.856346514911143,10.177629475144315,-0.32128296023317127
北名古屋市 [23234],8.653006069219389,8.584256046831632,0.06875002238775707
弥富市 [23235],9.094041438875362,8.674050307200444,0.41999113167491764
みよし市 [23236],9.0916492965086,9.575652399361282,-0.48400310285268233
あま市 [23237],7.427058703743509,6.832912225086399,0.5941464786571107
長久手市 [23238],10.152490570945506,11.99617480995214,-1.8436842390066346
東郷町 [23302],7.519122199963577,7.847911032688647,-0.32878883272507053
豊山町 [23342],10.867117117117116,10.127238314344089,0.7398788027730276
大口町 [23361],8.236127312114649,8.016763297939459,0.21936401417518958
扶桑町 [23362],7.873184373484006,7.558707156062225,0.31447721742178025
大治町 [23424],8.347732824882321,9.877509574174466,-1.5297767492921448
蟹江町 [23425],8.662828590049967,9.381537688586413,-0.7187090985364453
飛島村 [23427],6.76851262465521,7.5533713917256815,-0.7848587670704719
阿久比町 [23441],5.284335719118328,6.287550296018439,-1.0032145769001106
東浦町 [23442],7.381718603210138,7.6299343772461725,-0.24821577403603445
南知多町 [23445],12.208177479685284,5.229026456267068,6.979151023418217
美浜町 [23446],9.513618677042802,9.824995570745557,-0.31137689370275545
武豊町 [23447],6.926426876195305,9.041956464837844,-2.1155295886425387
幸田町 [23501],7.000928063203483,8.428206838114864,-1.4272787749113807
設楽町 [23561],5.825722043939767,4.34418256461629,1.4815394793234775
東栄町 [23562],5.623381428042915,5.647633020888477,-0.024251592845561554
豊根村 [23563],7.642626480086114,4.941800769051364,2.70082571103475
津市 [24201],6.473463791227625,7.704195691407599,-1.2307319001799737
四日市市 [24202],7.271736221269151,8.403233233324508,-1.1314970120553571
伊勢市 [24203],5.289905678634233,6.509580328504146,-1.219674649869913
松阪市 [24204],5.460628356812326,7.07034059177114,-1.6097122349588142
桑名市 [24205],7.335952108307121,7.486919638961658,-0.15096753065453683
鈴鹿市 [24207],6.849026232829865,8.603135804452146,-1.7541095716222808
名張市 [24208],5.468213232025219,5.5638009703274705,-0.09558773830225142
尾鷲市 [24209],6.164648286524091,6.606544656358721,-0.44189636983462943
亀山市 [24210],7.775290046814573,9.232470939173822,-1.4571808923592497
鳥羽市 [24211],7.038480272771554,6.480203166918681,0.5582771058528726
熊野市 [24212],5.92750817702423,7.48934691088746,-1.5618387338632296
いなべ市 [24214],8.904217314130362,9.139626423170398,-0.2354091090400363
志摩市 [24215],4.985264112446157,4.892615582833089,0.09264852961306858
伊賀市 [24216],5.930049761828777,7.537705309731011,-1.607655547902234
木曽岬町 [24303],9.293617021276596,6.66349303843072,2.630123982845876
東員町 [24324],5.361930294906166,5.185296742702277,0.17663355220388954
菰野町 [24341],6.182835271603121,7.4858256845842055,-1.3029904129810843
朝日町 [24343],8.382101377509679,8.80897697648753,-0.4268755989778512
川越町 [24344],12.55636710066688,11.983952596796843,0.5724145038700374
多気町 [24441],4.920437046271174,6.228572868432298,-1.3081358221611241
明和町 [24442],5.271763146266019,5.4888880369265935,-0.21712489066057472
大台町 [24443],5.765480253534861,5.830810000136944,-0.06532974660208346
玉城町 [24461],5.646824077153309,6.3080852801946445,-0.6612612030413354
度会町 [24470],4.433562731604023,4.340327644571504,0.09323508703251893
大紀町 [24471],4.151100041511,4.7833441305553634,-0.632244089044363
南伊勢町 [24472],4.051863857374392,4.494676711080752,-0.4428128537063598
紀北町 [24543],5.102114979286285,5.798288064243633,-0.6961730849573478
御浜町 [24561],6.0315021129466,7.318768478616595,-1.2872663656699945
紀宝町 [24562],5.395256916996048,7.6221659031870335,-2.2269089861909857
大津市 [25201],6.45779976717113,7.808838710514311,-1.3510389433431813
彦根市 [25202],7.825718357113224,8.950827784340433,-1.1251094272272093
長浜市 [25203],4.644059344221419,6.163095650035902,-1.519036305814483
近江八幡市 [25204],6.917087696175344,6.987900208343983,-0.07081251216863915
草津市 [25206],9.5961285272035,12.530225203976023,-2.9340966767725227
守山市 [25207],7.00969946786833,7.876584632853423,-0.866885164985093
栗東市 [25208],9.46571607112424,7.884939046599372,1.5807770245248678
甲賀市 [25209],6.290964219357339,6.758374092493011,-0.46740987313567217
野洲市 [25210],7.813148378682791,7.8501826094662785,-0.037034230783487665
湖南市 [25211],9.040969203736244,8.96958877458106,0.07138042915518383
高島市 [25212],5.85970347421996,4.7114836911367695,1.1482197830831904
東近江市 [25213],6.802934916344107,7.848159029247537,-1.0452241129034299
米原市 [25214],5.410528596187175,5.827953530306475,-0.4174249341192997
日野町 [25383],7.15389817408946,7.660098190467556,-0.506200016378096
竜王町 [25384],7.420589020375479,9.143526090679295,-1.722937070303816
愛荘町 [25425],7.988784336089726,9.418875584906784,-1.4300912488170585
豊郷町 [25441],6.800618238021638,7.841590983106242,-1.0409727450846038
甲良町 [25442],4.6801872074882995,5.23458044097626,-0.5543932334879607
多賀町 [25443],4.6828205826300024,4.928737801640963,-0.24591721901096086
北区 [26101],9.020657276995308,10.662788222865917,-1.6421309458706084
上京区 [26102],14.131300791416582,14.919883246650961,-0.7885824552343799
左京区 [26103],10.045580183915376,12.783193691680356,-2.73761350776498
中京区 [26104],13.876302673312187,13.999905732678094,-0.12360305936590699
東山区 [26105],14.212105598157184,13.558256891771055,0.6538487063861282
下京区 [26106],17.119407415054653,15.929564184710117,1.189843230344536
南区 [26107],13.587769620228082,11.424243732679127,2.163525887548955
右京区 [26108],8.913374258880319,10.909563400877243,-1.9961891419969238
伏見区 [26109],8.746249076405748,10.182587833971272,-1.4363387575655242
山科区 [26110],8.350981672266364,9.918313837761826,-1.5673321654954613
西京区 [26111],8.240057156465825,8.17461237229237,0.06544478417345623
福知山市 [26201],7.324926214113228,8.301072070362551,-0.9761458562493228
舞鶴市 [26202],8.538010143118877,7.587656367941718,0.9503537751771587
綾部市 [26203],6.002188465499485,6.584552338182225,-0.5823638726827403
宇治市 [26204],6.309095566370794,5.894618846974264,0.4144767193965295
宮津市 [26205],6.006513841914067,5.643627154624526,0.3628866872895413
亀岡市 [26206],5.187393427600367,6.0596285692733165,-0.8722351416729497
城陽市 [26207],5.4868318762701,5.398715769527017,0.08811610674308223
向日市 [26208],7.1067525718150435,7.019439857515607,0.08731271429943632
長岡京市 [26209],7.452139434187161,7.174717654238259,0.2774217799489014
八幡市 [26210],6.481238520073472,7.287023311338441,-0.8057847912649692
京田辺市 [26211],7.677993639860577,10.453384813023158,-2.775391173162581
京丹後市 [26212],4.202469925262779,4.3161466841320575,-0.11367675886927842
南丹市 [26213],6.789475466458976,8.616608078149365,-1.8271326116903897
木津川市 [26214],5.955456963158094,6.8156442068817285,-0.8601872437236349
大山崎町 [26303],7.743642157157458,6.97965162242351,0.7639905347339484
久御山町 [26322],8.246339701923707,7.445636510929295,0.8007031909944127
井手町 [26343],5.86375395228514,7.864731181958001,-2.000977229672861
宇治田原町 [26344],7.009668508287293,6.542744238098902,0.46692427018839044
笠置町 [26364],4.784240150093809,5.481665219143363,-0.6974250690495536
和束町 [26365],4.9452176488007105,3.827500110955975,1.1177175378447353
精華町 [26366],5.95967964650649,5.9116637314890665,0.04801591501742308
南山城村 [26367],4.833963850357293,4.772669692620273,0.06129415773702007
京丹波町 [26407],5.515180878552972,4.431979781733098,1.0832010968198738
伊根町 [26463],6.018269747447609,5.427590995041124,0.5906787524064852
与謝野町 [26465],4.716008658901144,4.915478857157337,-0.1994701982561935
都島区 [27102],13.705180028445245,13.61550942985284,0.089670598592404
福島区 [27103],15.832469670182284,14.610756914869349,1.2217127553129359
此花区 [27104],10.565037799080352,11.732409762155354,-1.1673719630750021
西区 [27106],20.82453575875697,17.627593608401124,3.196942150355845
港区 [27107],12.30949443592907,13.013478721807985,-0.7039842858789154
大正区 [27108],9.14848925513007,9.516945924727347,-0.3684566695972773
天王寺区 [27109],15.471047848358236,13.596615545311739,1.8744323030464969
浪速区 [27111],29.162870735904445,20.498005758089167,8.664864977815277
西淀川区 [27113],11.953936535685973,11.324984733276386,0.6289518024095866
東淀川区 [27114],13.2242033472219,14.941050575741052,-1.7168472285191516
東成区 [27115],16.313778739269523,13.763807603659483,2.54997113561004
生野区 [27116],13.66366129693263,12.735493712895565,0.928167584037066
旭区 [27117],11.294185161069604,11.318085231685652,-0.023900070616047486
城東区 [27118],10.952601984758838,10.892284944020707,0.0603170407381306
阿倍野区 [27119],12.40665263681327,11.071012078658914,1.3356405581543562
住吉区 [27120],11.127676343097336,11.809325774793116,-0.6816494316957797
東住吉区 [27121],11.655700684967476,10.774723619027101,0.8809770659403746
西成区 [27122],15.64892392844576,14.70942899260854,0.9394949358372191
淀川区 [27123],16.310172028548493,14.956745333693895,1.3534266948545977
鶴見区 [27124],8.789958428899082,8.802264865957952,-0.01230643705886969
住之江区 [27125],9.074546400634654,10.518291621624147,-1.4437452209894932
平野区 [27126],9.15224249658936,10.170871895307524,-1.018629398718165
北区 [27127],19.264698599998585,17.078591580739396,2.1861070192591896
中央区 [27128],23.592459438751884,18.474006171330952,5.118453267420932
堺市 [27140],8.405244872800628,8.793046479302326,-0.38780160650169826
堺区 [27141],11.16808497633132,11.74244395441309,-0.5743589780817704
中区 [27142],7.623041084286319,7.4744588443113225,0.14858223997499653
東区 [27143],7.9377630997511455,7.619185062229795,0.31857803752135005
西区 [27144],7.901331593463626,8.593922900954801,-0.6925913074911758
南区 [27145],5.4812864567965685,6.325351422462837,-0.8440649656662682
北区 [27146],9.884876726689296,9.79701029773301,0.0878664289562856
美原区 [27147],7.026925350674477,6.036286085214032,0.9906392654604455
岸和田市 [27202],5.449741687924714,7.667195515127393,-2.2174538272026787
豊中市 [27203],8.78200785801382,7.992351872278705,0.7896559857351155
池田市 [27204],8.983202774854828,10.060359278279758,-1.0771565034249306
吹田市 [27205],10.471097980265588,10.603264527370873,-0.1321665471052853
泉大津市 [27206],7.609741348506088,9.244594689040492,-1.634853340534404
高槻市 [27207],6.037518555278091,7.16928267966427,-1.1317641243861791
貝塚市 [27208],6.385408990420044,7.145070418307159,-0.7596614278871154
守口市 [27209],8.425168354349537,9.707520236347936,-1.2823518819983981
枚方市 [27210],6.109683734018474,7.217127272159453,-1.1074435381409788
茨木市 [27211],7.942190307717048,9.139296989845533,-1.197106682128485
八尾市 [27212],5.909136511317421,7.171063813973379,-1.261927302655958
泉佐野市 [27213],9.90857649167321,9.520194888774057,0.3883816028991536
富田林市 [27214],6.845764555644894,7.293759605305272,-0.4479950496603786
寝屋川市 [27215],6.487267022613626,7.12144168850726,-0.6341746658936342
河内長野市 [27216],5.126031538524389,5.245883391248593,-0.11985185272420384
松原市 [27217],6.595618403736485,7.757235828043621,-1.1616174243071358
大東市 [27218],7.121802795473994,8.545817816546297,-1.4240150210723028
和泉市 [27219],6.0384368783599385,7.2103095916043145,-1.171872713244376
箕面市 [27220],7.983401062160011,8.366368460462663,-0.38296739830265203
柏原市 [27221],6.897744360902255,8.3041033523333,-1.4063589914310448
羽曳野市 [27222],6.49311956501499,6.706739785199955,-0.21362022018496418
門真市 [27223],8.440423828747019,9.578137155777666,-1.1377133270306476
摂津市 [27224],9.712313536551468,10.1106473623735,-0.39833382582203214
高石市 [27225],7.388150371640938,7.454576184605316,-0.06642581296437822
藤井寺市 [27226],7.590202876219826,8.226925067570193,-0.6367221913503665
東大阪市 [27227],7.2790454259995805,9.336671631037902,-2.0576262050383214
泉南市 [27228],7.192363917791727,6.492055810950706,0.7003081068410211
四條畷市 [27229],6.915477497255764,7.300549500273553,-0.38507200301778965
交野市 [27230],6.316798590509257,5.432883921101629,0.8839146694076279
大阪狭山市 [27231],6.239393204724137,7.612587471721946,-1.3731942669978094
阪南市 [27232],5.149760383386582,5.232091143888418,-0.08233076050183641
島本町 [27301],7.535584705554005,6.70270965932715,0.8328750462268548
豊能町 [27321],5.139294540552685,1.7548244608811512,3.3844700796715337
能勢町 [27322],6.286353467561521,4.402985849764438,1.8833676177970835
忠岡町 [27341],6.759821045535332,7.729394660789367,-0.9695736152540357
熊取町 [27361],5.370910116585182,6.902377466877296,-1.5314673502921146
田尻町 [27362],26.426214049976423,12.057727530331142,14.36848651964528
岬町 [27366],12.472892619797133,6.222893535511313,6.24999908428582
太子町 [27381],5.728714590073385,6.446302078495108,-0.7175874884217235
河南町 [27382],6.4372080241824685,7.981833703213072,-1.5446256790306032
千早赤阪村 [27383],5.653936419884788,3.2329340635020802,2.421002356382708
東灘区 [28101],9.607360447101538,10.920462345923122,-1.313101898821584
灘区 [28102],10.327074500302846,12.822096399659316,-2.4950218993564697
兵庫区 [28105],14.27962295989186,13.862263210284931,0.4173597496069288
長田区 [28106],11.010480146764229,11.129710236912604,-0.11923009014837582
須磨区 [28107],7.282737787875658,8.49224638062074,-1.209508592745082
垂水区 [28108],6.784831505984941,8.360065020099993,-1.5752335141150526
北区 [28109],6.241290830986863,6.864935888467952,-0.623645057481089
中央区 [28110],16.87825463018876,16.664084010652033,0.214170619536727
西区 [28111],6.5341031868825254,7.750774621593653,-1.2166714347111274
姫路市 [28201],5.322632129224876,7.130742920556247,-1.8081107913313712
尼崎市 [28202],7.655385261022758,10.093709457511073,-2.438324196488315
明石市 [28203],6.8110729571826125,8.384208448295041,-1.5731354911124287
西宮市 [28204],7.7621886035880525,9.056835609018412,-1.2946470054303596
洲本市 [28205],7.206809429195182,6.784326339753115,0.4224830894420677
芦屋市 [28206],8.374908251513185,8.129351196543446,0.24555705496973879
伊丹市 [28207],7.236723852129975,6.839942087205929,0.3967817649240457
相生市 [28208],5.377337571143469,6.416779747895531,-1.039442176752062
豊岡市 [28209],4.907085943839206,4.946924696692783,-0.03983875285357641
加古川市 [28210],5.7977550806172555,6.746442813592675,-0.9486877329754195
赤穂市 [28212],5.233255619185586,5.972429278082909,-0.7391736588973226
西脇市 [28213],5.285502016556994,6.168843386275499,-0.8833413697185053
宝塚市 [28214],6.524632651716489,6.832608562367916,-0.30797591065142704
三木市 [28215],5.999370647548946,5.949403153996199,0.04996749355274677
高砂市 [28216],6.0339147622845655,6.9134038685812795,-0.8794891062967141
川西市 [28217],6.287848071465006,5.78093921830377,0.506908853161236
小野市 [28218],6.191137213027229,6.486867932156891,-0.2957307191296623
三田市 [28219],6.294960650626397,6.09725867587002,0.1977019747563773
加西市 [28220],5.668797491255578,6.21689664069405,-0.5480991494384719
丹波篠山市 [28221],5.663128277273309,5.522745779795089,0.1403824974782193
養父市 [28222],3.832420852178053,4.531127144784527,-0.6987062926064742
丹波市 [28223],4.784035447170723,4.66166526493848,0.12237018223224272
南あわじ市 [28224],5.481112229031373,4.925597372046942,0.5555148569844306
朝来市 [28225],5.2713122432802475,5.33695879958565,-0.06564655630540273
淡路市 [28226],6.346098056280825,6.080565398662779,0.2655326576180457
宍粟市 [28227],4.213458176538564,3.8873460597304454,0.3261121168081189
加東市 [28228],8.8777814426712,10.360855071211283,-1.4830736285400832
たつの市 [28229],5.022761550276044,5.579923333514869,-0.5571617832388247
猪名川町 [28301],4.978354978354979,3.865250164921267,1.1131048134337118
多可町 [28365],4.2354205858640155,3.3665248250549933,0.8688957608090222
稲美町 [28381],5.591813977895117,5.444815246698341,0.14699873119677598
播磨町 [28382],6.5500043243866575,7.395000315613548,-0.8449959912268907
市川町 [28442],4.333958724202627,5.392799359077905,-1.0588406348752786
福崎町 [28443],7.107090938459054,9.467083316730514,-2.3599923782714605
神河町 [28446],4.988170347003154,4.147267022930445,0.8409033240727091
太子町 [28464],6.347638714311367,6.638851146294081,-0.2912124319827134
上郡町 [28481],5.41239016466071,5.2401364030778055,0.17225376158290473
佐用町 [28501],4.386500984586134,4.274075194637923,0.11242578994821084
香美町 [28585],3.7639678494412863,3.7518276986102,0.012140150831086327
新温泉町 [28586],3.8116766700444304,3.804909333207918,0.006767336836512428
奈良市 [29201],6.092394012448623,7.494736996632678,-1.4023429841840551
大和高田市 [29202],6.572519330939208,6.8793702708733395,-0.30685093993413126
大和郡山市 [29203],6.077628998280829,6.156796399939369,-0.0791674016585393
天理市 [29204],7.519032396269321,9.105007347449753,-1.5859749511804324
橿原市 [29205],6.617126083875974,7.7540628850717,-1.1369368011957262
桜井市 [29206],5.653007075471698,6.335680044712088,-0.6826729692403903
五條市 [29207],4.884758364312267,5.5656301651767555,-0.6808718008644883
御所市 [29208],5.694780504666436,5.823665204348768,-0.12888469968233185
生駒市 [29209],5.773339167588993,6.632977448344564,-0.8596382807555702
香芝市 [29210],6.2011643940554615,6.363154791613778,-0.16199039755831635
葛城市 [29211],5.25744827221252,5.300821565928879,-0.043373293716358674
宇陀市 [29212],4.6152693489173595,4.270387303847269,0.3448820450700909
山添村 [29322],4.451718494271685,3.440256262316754,1.0114622319549316
平群町 [29342],5.0435453643479216,3.8276536360407443,1.2158917283071773
三郷町 [29343],6.930958879591928,7.1549641099827275,-0.22400523039079978
斑鳩町 [29344],5.69624768155229,5.594993920891541,0.10125376066074843
安堵町 [29345],6.939068100358423,7.5388317380327265,-0.5997636376743039
川西町 [29361],5.4971199599298775,5.750401168194949,-0.2532812082650713
三宅町 [29362],5.777016505761445,5.5923270908653615,0.18468941489608337
田原本町 [29363],6.134676057235731,5.387291086153908,0.7473849710818223
曽爾村 [29385],6.2204724409448815,5.236916408548501,0.9835560323963808
御杖村 [29386],5.79064587973274,5.17702058105927,0.6136252986734698
高取町 [29401],4.532671629445823,3.819714157117279,0.7129574723285441
明日香村 [29402],4.21865715983363,3.310182839388423,0.9084743204452073
上牧町 [29424],6.248522947487829,4.876567545720541,1.3719554017672877
王寺町 [29425],7.06930024478771,7.440395011553998,-0.37109476676628805
広陵町 [29426],4.9685893774985725,4.491867213595898,0.4767221639026742
河合町 [29427],5.417118093174431,4.593140343113172,0.8239777500612595
吉野町 [29441],3.993829276654097,4.294294237296907,-0.3004649606428105
大淀町 [29442],5.095904285623853,5.761631252398193,-0.6657269667743408
下市町 [29443],5.266742338251986,6.0740626045346096,-0.8073202662826233
天川村 [29446],7.035175879396985,4.6960712339665704,2.3391046454304147
十津川村 [29449],8.560029017047516,8.283219131853123,0.27680988519439254
川上村 [29452],7.912457912457913,8.158632671298628,-0.2461747588407155
東吉野村 [29453],4.0720961281708945,5.722567703997815,-1.6504715758269208
和歌山市 [30201],4.389685528176098,6.426435406255363,-2.0367498780792657
海南市 [30202],4.899767701970231,5.864719789035392,-0.9649520870651607
橋本市 [30203],4.711525377602395,5.312498586662943,-0.6009732090605482
有田市 [30204],4.447086801426873,4.775303660004009,-0.3282168585771359
御坊市 [30205],5.850811426402202,8.103258655588162,-2.25244722918596
田辺市 [30206],5.223126745498841,7.385693023544236,-2.1625662780453947
新宮市 [30207],6.11494074819921,7.6309682295452275,-1.5160274813460175
紀の川市 [30208],4.910047522063815,5.913645228109296,-1.0035977060454808
岩出市 [30209],6.307977736549166,7.954644340895596,-1.6466666043464304
紀美野町 [30304],4.253663597458177,5.011025461837324,-0.7573618643791473
かつらぎ町 [30341],4.60160794823191,5.318027681420612,-0.7164197331887019
九度山町 [30343],6.648936170212766,4.7893564343982735,1.859579735814492
高野町 [30344],10.287907869481764,9.436701530864038,0.8512063386177253
湯浅町 [30361],5.088062622309197,6.306933121618188,-1.2188704993089914
広川町 [30362],4.466656254880524,5.530055633950557,-1.0633993790700327
有田川町 [30366],4.432155165504528,5.318873666505088,-0.8867185010005603
美浜町 [30381],7.685009487666034,7.1339475550538,0.5510619326122335
日高町 [30382],6.186344775556394,6.47127471254381,-0.28492993698741564
由良町 [30383],5.322740814299901,7.308643865786214,-1.9859030514863134
印南町 [30390],4.190675746464118,5.440186659157398,-1.24951091269328
みなべ町 [30391],4.524140326502258,5.161880373556045,-0.6377400470537866
日高川町 [30392],5.8022762776166035,6.489843820394504,-0.6875675427779004
白浜町 [30401],8.363286589378829,8.114433935539093,0.24885265383973554
上富田町 [30404],6.663265956768476,8.416796251400301,-1.7535302946318252
すさみ町 [30406],5.733218092768655,7.311437227280073,-1.5782191345114178
那智勝浦町 [30421],5.672705672705672,6.700019748962149,-1.0273140762564772
太地町 [30422],6.8807339449541285,7.100863685705579,-0.22012974075145042
古座川町 [30424],5.169417897480452,6.995312078393855,-1.8258941809134033
串本町 [30428],5.14220051709279,6.384016556162125,-1.2418160390693354
鳥取市 [31201],4.50576123650364,7.179524190270496,-2.6737629537668557
米子市 [31202],6.392652857222192,7.709822901307397,-1.3171700440852048
倉吉市 [31203],5.480612875890342,6.578159639454359,-1.0975467635640168
境港市 [31204],6.02728756660199,6.058845722130299,-0.03155815552830976
岩美町 [31302],4.791531247098152,5.017123448548899,-0.22559220145074743
若桜町 [31325],4.530138524897042,5.438212514133286,-0.9080739892362439
智頭町 [31328],4.209495839451787,4.537720018176763,-0.32822417872497667
八頭町 [31329],4.170971074380166,4.084796716267213,0.08617435811295238
三朝町 [31364],3.472702142363511,6.206318584591917,-2.7336164422284055
湯梨浜町 [31370],5.690856402984154,6.1289018060642295,-0.4380454030800758
琴浦町 [31371],4.377850988342626,4.813869517124875,-0.4360185287822489
北栄町 [31372],4.3108940327033345,4.930447995687903,-0.6195539629845683
日吉津村 [31384],8.904867256637168,7.168802169618956,1.7360650870182122
大山町 [31386],4.111997835790613,4.387769087787868,-0.27577125199725483
南部町 [31389],5.119318744430141,4.910744466844509,0.2085742775856323
伯耆町 [31390],5.5495317890586495,4.551841134335934,0.9976906547227156
日南町 [31401],4.864165588615783,5.225711020581661,-0.3615454319658786
日野町 [31402],5.88235294117647,5.842677302636588,0.03967563853988221
江府町 [31403],5.566760790641387,4.085453491768889,1.4813072988724985
松江市 [32201],5.88534992512081,7.606216060341907,-1.7208661352210974
浜田市 [32202],6.534090909090909,7.829098045894719,-1.29500713680381
出雲市 [32203],5.256286014379639,5.762121765314106,-0.5058357509344669
益田市 [32204],5.24124133438794,5.6126965277364835,-0.3714551933485435
大田市 [32205],5.083399523431295,4.9923651329065795,0.09103439052471529
安来市 [32206],4.169514695830485,4.250627938082975,-0.08111324225248939
江津市 [32207],6.126780492406376,6.924373480816159,-0.7975929884097832
雲南市 [32209],4.30198106082612,3.6113914798579456,0.6905895809681741
奥出雲町 [32343],5.326351900334025,4.534118904602448,0.7922329957315766
飯南町 [32386],6.107921928817451,4.5375208909176425,1.5704010378998081
川本町 [32441],10.362173038229376,7.377021062218765,2.98515197601061
美郷町 [32448],5.106593951412989,6.337351189629879,-1.2307572382168894
邑南町 [32449],4.858983838597233,4.968617357187753,-0.1096335185905204
津和野町 [32501],7.3748627020241635,6.005776485897508,1.3690862161266555
吉賀町 [32505],7.9518937354155454,7.358113878726702,0.593779856688843
海士町 [32525],16.749660479855137,8.20145002110278,8.548210458752358
西ノ島町 [32526],10.30060120240481,7.282115745946285,3.0184854564585244
隠岐の島町 [32528],7.080392758514882,5.77241867573626,1.307974082778622
北区 [33101],10.436848652948015,12.52174394055023,-2.0848952876022153
中区 [33102],8.307734503565552,9.376367464545572,-1.06863296098002
東区 [33103],7.0914674270673395,7.1737461238798685,-0.08227869681252908
南区 [33104],7.414027919645898,7.9089669348145994,-0.4949390151687014
倉敷市 [33202],5.080119070238774,7.560777623595212,-2.480658553356438
津山市 [33203],5.933915605598232,7.62384395963354,-1.6899283540353078
玉野市 [33204],5.1210049879918715,5.456382181385134,-0.33537719339326255
笠岡市 [33205],5.312287076992959,6.528544419555198,-1.2162573425622387
井原市 [33207],4.556858467412053,5.2578622581150665,-0.7010037907030133
総社市 [33208],6.364093357271095,7.754236832030513,-1.3901434747594177
高梁市 [33209],6.606456571867795,8.291143594280031,-1.6846870224122368
新見市 [33210],5.2160838891244845,5.563972956382807,-0.3478890672583228
備前市 [33211],5.915758047767394,5.858095752024384,0.05766229574301018
瀬戸内市 [33212],6.836283185840708,5.96390647898059,0.872376706860118
赤磐市 [33213],5.170628383148976,5.465118784484512,-0.29449040133553606
真庭市 [33214],4.497523174260631,4.2766514708357,0.22087170342493057
美作市 [33215],5.629671301133167,6.4927377985276165,-0.8630664973944491
浅口市 [33216],5.125288239815527,5.0540638783006315,0.0712243615148953
和気町 [33346],5.935824722243804,5.726508392632832,0.20931632961097169
早島町 [33423],7.036397866331974,5.980760426627027,1.055637439704947
里庄町 [33445],5.265092345860516,6.142927016428921,-0.8778346705684044
矢掛町 [33461],4.991985344630181,5.26055519604942,-0.2685698514192394
鏡野町 [33606],5.775151868186736,6.107743474692388,-0.3325916065056518
勝央町 [33622],6.4077489056533485,6.814796706890293,-0.40704780123694473
奈義町 [33623],11.695376246600182,5.095976167363716,6.5994000792364655
西粟倉村 [33643],5.184072126220887,8.030737736321178,-2.846665610100292
久米南町 [33663],5.034965034965035,5.652499555794466,-0.6175345208294312
美咲町 [33666],4.95294305311852,5.786583083412285,-0.8336400302937657
吉備中央町 [33681],6.032368808239333,6.803231181819221,-0.7708623735798881
中区 [34101],14.39220434421088,14.044996374590442,0.3472079696204382
東区 [34102],9.408227929182075,8.860713171614314,0.547514757567761
南区 [34103],10.440661527160696,11.760908357525963,-1.3202468303652672
西区 [34104],10.602004337503178,11.84502432717603,-1.2430199896728524
安佐南区 [34105],9.30639791680401,9.256414487848646,0.049983428955362896
安佐北区 [34106],5.815934769095763,5.471527107374973,0.3444076617207896
安芸区 [34107],9.051964984168375,7.331189304618156,1.7207756795502194
佐伯区 [34108],7.480464413359404,7.628491636056825,-0.1480272226974213
呉市 [34202],6.198507269854205,6.265686220493728,-0.06717895063952284
竹原市 [34203],6.330629073015029,6.05579824826998,0.27483082474504883
三原市 [34204],5.489520528280218,6.663057578705955,-1.173537050425737
尾道市 [34205],5.514415013133327,6.380164071456229,-0.8657490583229022
福山市 [34207],5.030679430716352,6.609602022232461,-1.5789225915161094
府中市 [34208],5.719982908417604,5.065959987138452,0.654022921279152
三次市 [34209],5.751085504342018,7.093453535832235,-1.342368031490217
庄原市 [34210],4.852875184306686,6.024472728927107,-1.171597544620421
大竹市 [34211],7.1470831854218435,7.288285336639208,-0.14120215121736468
東広島市 [34212],8.010015137943858,11.098086927114972,-3.0880717891711136
廿日市市 [34213],6.0874310313466315,6.347944965783894,-0.26051393443726223
安芸高田市 [34214],5.740946968242387,6.0114591316278085,-0.2705121633854217
江田島市 [34215],12.141130981150312,6.865904325135887,5.275226656014425
府中町 [34302],8.230594922610132,7.346581390856073,0.884013531754059
海田町 [34304],9.814995131450829,9.023579695595714,0.7914154358551144
熊野町 [34307],6.189563365282215,5.123194930680018,1.0663684346021967
坂町 [34309],9.985597695631302,7.692488794567548,2.2931089010637544
安芸太田町 [34368],6.949878889509968,5.6783390790076425,1.2715398105023255
北広島町 [34369],5.916356986963959,7.785476135051858,-1.8691191480878988
大崎上島町 [34431],10.945567192801295,8.03689092483933,2.9086762679619653
世羅町 [34462],7.087264963151732,5.225361746494764,1.8619032166569678
神石高原町 [34545],5.0115355037169955,4.8333025116746375,0.17823299204235798
下関市 [35201],5.03118041918972,6.77508967453279,-1.7439092553430697
宇部市 [35202],5.529986320459224,7.4468128267086415,-1.9168265062494179
山口市 [35203],7.493198266498909,9.035300427968945,-1.5421021614700363
萩市 [35204],5.507121070201984,6.116085090331383,-0.6089640201293989
防府市 [35206],8.593473803294916,6.99187025083732,1.601603552457596
下松市 [35207],7.634585165174709,8.02803912203844,-0.3934539568637305
岩国市 [35208],6.161293430094406,6.786541865883218,-0.6252484357888122
光市 [35210],5.619077371654691,6.277042188135685,-0.6579648164809937
長門市 [35211],5.035256728572848,5.479354008096851,-0.44409727952400324
柳井市 [35212],6.359251530804228,7.728940148077868,-1.3696886172736402
美祢市 [35213],6.056115864442426,5.4552376649861944,0.6008781994562318
周南市 [35215],6.1388078644430095,8.103370234436607,-1.9645623699935975
山陽小野田市 [35216],6.487064938594554,7.445025658895863,-0.9579607203013092
周防大島町 [35305],5.798921474477358,6.077049006511232,-0.2781275320338743
和木町 [35321],13.292361720807728,8.361257501284147,4.931104219523581
上関町 [35341],5.342465753424658,7.684659066861689,-2.342193313437032
田布施町 [35343],5.601083161120217,6.848571179766746,-1.2474880186465294
平生町 [35344],6.224413844436174,5.906189460328932,0.31822438410724185
阿武町 [35502],4.719864176570458,6.095657645610274,-1.3757934690398157
徳島市 [36201],5.714985908589633,10.133585395600615,-4.418599487010982
鳴門市 [36202],5.507137490608565,6.506601526825882,-0.9994640362173177
小松島市 [36203],6.062882903710554,7.083218953564759,-1.0203360498542056
阿南市 [36204],4.771436140464487,6.018752920457314,-1.2473167799928273
吉野川市 [36205],4.768624527397625,5.815461377680233,-1.0468368502826078
阿波市 [36206],4.826254826254826,4.904120119649486,-0.07786529339465975
美馬市 [36207],4.706061529089248,6.089104661327045,-1.3830431322377974
三好市 [36208],4.539932508436446,5.915271702560255,-1.375339194123809
勝浦町 [36301],3.916849015317286,4.803055850245661,-0.8862068349283749
上勝町 [36302],6.507105459985041,6.487418142627492,0.01968731735754936
佐那河内村 [36321],3.323836657169991,2.7664553829628176,0.5573812742071733
石井町 [36341],5.332356413074449,6.166782608410641,-0.8344261953361922
神山町 [36342],6.034667237320779,4.834483557026198,1.2001836802945807
那賀町 [36368],5.141643059490085,4.2422026140232285,0.8994404454668565
牟岐町 [36383],5.257009345794392,4.4791893766032445,0.7778199691911478
美波町 [36387],4.517597618630713,4.9954507545624,-0.4778531359316869
海陽町 [36388],4.842053909013294,6.4731090600700085,-1.6310551510567146
松茂町 [36401],9.891334633602677,8.77637173033591,1.1149629032667665
北島町 [36402],7.816062832531036,8.13642445804723,-0.3203616255161945
藍住町 [36403],7.276330690826727,7.555108356292429,-0.27877766546570193
板野町 [36404],6.002185451139557,7.0253970010463815,-1.0232115499068248
上板町 [36405],5.350089766606822,5.625762205176407,-0.27567243856958523
つるぎ町 [36468],3.963744588744589,6.280352056401745,-2.3166074676571564
東みよし町 [36489],5.248012116622491,5.82451206202607,-0.5764999454035786
高松市 [37201],6.094909735191304,8.000554146074148,-1.9056444108828439
丸亀市 [37202],6.5133615515825385,7.928466507061004,-1.4151049554784656
坂出市 [37203],6.128088754412507,7.126241990850535,-0.9981532364380286
善通寺市 [37204],9.153256833160484,9.087548268412094,0.06570856474838926
観音寺市 [37205],4.962651478859495,5.821048673301716,-0.8583971944422206
さぬき市 [37206],4.7781185171822855,6.561466023884929,-1.7833475067026434
東かがわ市 [37207],4.131173911453954,4.367948739287243,-0.23677482783328951
三豊市 [37208],4.616402116402116,5.075025161796429,-0.45862304539431253
土庄町 [37322],5.57170542635659,5.474374593119679,0.09733083323691094
小豆島町 [37324],5.713410431186337,5.280565833908588,0.43284459727774927
三木町 [37341],5.450757152956059,7.320302151476183,-1.8695449985201238
直島町 [37364],12.361878453038674,10.083805705292917,2.2780727477457567
宇多津町 [37386],12.007648183556404,12.489870226914714,-0.48222204335831087
綾川町 [37387],5.570592857766524,5.751615232968387,-0.18102237520186293
琴平町 [37403],6.191646191646192,7.125576100239447,-0.9339299085932549
多度津町 [37404],6.927061843854582,8.924134934840767,-1.9970730909861851
まんのう町 [37406],4.8901612526291185,5.809565919377363,-0.9194046667482443
松山市 [38201],5.63316192370728,9.123594944221106,-3.4904330205138256
今治市 [38202],5.025659774410637,6.47654800801875,-1.4508882336081133
宇和島市 [38203],5.070094504411698,6.0076282460841135,-0.9375337416724152
八幡浜市 [38204],6.512542056697425,6.222915969417539,0.2896260872798866
新居浜市 [38205],5.372414037826904,6.494952924909055,-1.1225388870821504
西条市 [38206],5.170529817334377,6.6600209978184335,-1.4894911804840563
大洲市 [38207],5.256147540983607,6.461916965577996,-1.205769424594389
伊予市 [38210],5.578142325078896,6.3315117798946146,-0.7533694548157186
四国中央市 [38213],4.888532081763725,6.421656537014757,-1.5331244552510315
西予市 [38214],4.670679991696569,5.2493910005625555,-0.5787110088659864
東温市 [38215],9.45113626020207,8.679226171923377,0.7719100882786929
上島町 [38356],9.81101068200493,8.208632124659738,1.602378557345192
久万高原町 [38386],6.009580490637248,6.7823076067953,-0.7727271161580518
松前町 [38401],7.077330683888061,6.32708567821055,0.7502450056775105
砥部町 [38402],5.988112927191679,7.1317967364152315,-1.1436838092235524
内子町 [38422],4.249388088115311,5.014589834157732,-0.765201746042421
伊方町 [38442],6.298299845440495,6.769376140540562,-0.4710762951000671
松野町 [38484],10.878300803673936,6.672157107605016,4.20614369606892
鬼北町 [38488],5.324989020641194,6.0242392358089525,-0.6992502151677584
愛南町 [38506],4.027351531793464,4.8920108108052975,-0.8646592790118337
高知市 [39201],5.4056650908951145,8.771431445565966,-3.3657663546708516
室戸市 [39202],4.852301960436441,6.258251445180734,-1.4059494847442924
安芸市 [39203],6.02378656380585,6.840261963076741,-0.8164753992708906
南国市 [39204],8.055851584418974,8.629196059918419,-0.5733444754994448
土佐市 [39205],6.429852608593933,5.974062257788109,0.45579035080582386
須崎市 [39206],7.498059508408797,6.191857980289162,1.3062015281196357
宿毛市 [39208],5.914972273567468,6.846122772951689,-0.9311504993842208
土佐清水市 [39209],5.0987835389526355,6.238663062847561,-1.1398795238949253
四万十市 [39210],6.335921588594704,7.931188182458733,-1.5952665938640296
香南市 [39211],7.24566518336658,7.453553156239105,-0.20788797287252425
香美市 [39212],6.717476790854178,9.41008363843989,-2.6926068475857114
東洋町 [39301],6.070908207867897,9.439735185631648,-3.3688269777637503
奈半利町 [39302],8.432470258922322,7.2397721076391885,1.1926981512831336
田野町 [39303],7.0276973956180235,7.215939561954842,-0.18824216633681878
安田町 [39304],5.861613045394447,6.319804364239221,-0.4581913188447748
北川村 [39305],8.156329651656755,8.06564313642873,0.0906865152280254
芸西村 [39307],6.722689075630252,7.086487498235551,-0.3637984226052984
本山町 [39341],8.384,7.960822743785162,0.4231772562148386
大豊町 [39344],5.91016548463357,7.629306834044223,-1.7191413494106529
土佐町 [39363],6.077981651376147,6.818668109498659,-0.7406864581225117
いの町 [39386],5.420327428105046,6.308838120612913,-0.8885106925078672
仁淀川町 [39387],6.548553487328998,7.155484581533363,-0.6069310942043655
中土佐町 [39401],4.866643574644961,5.928005277680332,-1.061361703035371
佐川町 [39402],6.01440067767895,6.335483439787071,-0.32108276210812114
越知町 [39403],5.030139264186239,6.612217466754935,-1.5820782025686961
檮原町 [39405],7.068741893644617,6.75890227303773,0.30983962060688697
日高村 [39410],5.7397959183673475,6.387067605727124,-0.6472716873597761
津野町 [39411],4.610339506172839,5.282287335056164,-0.6719478288833249
四万十町 [39412],4.958179993308799,6.225746560855395,-1.267566567546596
大月町 [39424],4.622815087396504,6.801601781569028,-2.1787866941725236
三原村 [39427],6.199261992619927,7.342439699521456,-1.143177706901529
黒潮町 [39428],4.545915778792491,6.340302119708614,-1.7943863409161231
門司区 [40101],6.5984160286476925,7.352969360064088,-0.7545533314163952
若松区 [40103],7.656210473058437,7.210981828029757,0.44522864502867954
戸畑区 [40105],9.414183694075746,10.783118679788467,-1.3689349857127215
小倉北区 [40106],11.82612809479826,11.664175095563927,0.16195299923433382
小倉南区 [40107],8.068812865439801,8.14332229917877,-0.07450943373896912
八幡東区 [40108],9.427447201477555,8.740516855654612,0.6869303458229439
八幡西区 [40109],7.427892661501661,8.37722900626257,-0.9493363447609093
福岡市 [40130],13.7550835126295,13.5736089448721,0.1814745677573999
東区 [40131],11.929037705528268,12.104069481558765,-0.17503177603049735
博多区 [40132],20.54606758938776,17.473870894992956,3.0721966943948047
中央区 [40133],18.13627155001192,17.06830333304694,1.067968216964978
南区 [40134],11.630435988770154,11.858115662063927,-0.22767967329377292
西区 [40135],10.7656417316812,10.673258365805301,0.09238336587589835
城南区 [40136],12.445344574492305,13.147152359328455,-0.7018077848361504
早良区 [40137],11.151175691635949,10.23050967653047,0.9206660151054784
大牟田市 [40202],5.329168577105303,6.775396857811872,-1.4462282807065687
久留米市 [40203],7.361450238008787,8.565599133359747,-1.2041488953509596
直方市 [40204],7.542215252197382,7.502095697545137,0.040119554652244815
飯塚市 [40205],7.027183808955993,8.655953373128414,-1.628769564172421
田川市 [40206],8.001962577220723,8.992577073106196,-0.9906144958854721
柳川市 [40207],5.348088923556942,5.935307591022039,-0.5872186674650974
八女市 [40210],6.8268843208383725,4.997409629367416,1.8294746914709563
筑後市 [40211],7.805185818374241,7.253926268713865,0.5512595496603758
大川市 [40212],6.32163611262722,6.22825065473342,0.09338545789379982
行橋市 [40213],8.540703628864838,7.863170815641152,0.677532813223686
豊前市 [40214],6.157276391390104,6.316562424339777,-0.15928603294967303
中間市 [40215],7.922796944686524,6.940452460412758,0.9823444842737654
小郡市 [40216],8.563410576551446,7.244395334059462,1.319015242491984
筑紫野市 [40217],8.779318448883666,7.865278131304924,0.9140403175787419
春日市 [40218],10.73008157685469,8.554007600154012,2.1760739767006783
大野城市 [40219],10.750746110086247,9.036523508334014,1.7142226017522333
宗像市 [40220],7.693895880002891,8.31144596906312,-0.617550089060229
太宰府市 [40221],9.271162283766031,8.438402418568216,0.832759865197815
古賀市 [40223],8.750675858340092,6.968557530580247,1.7821183277598447
福津市 [40224],8.151616306122744,6.99444236736051,1.1571739387622335
うきは市 [40225],5.372142283251772,5.1745039840802445,0.1976382991715271
宮若市 [40226],7.546374367622259,7.094255861873105,0.45211850574915413
嘉麻市 [40227],5.725917464780482,7.361283376888208,-1.6353659121077264
朝倉市 [40228],6.638813369582601,6.325460061066987,0.31335330851561416
みやま市 [40229],4.899244699775451,4.680133399400389,0.21911130037506243
糸島市 [40230],7.408687305015599,5.987668476971638,1.4210188280439606
那珂川市 [40231],8.2937190249823,6.4252481501163015,1.8684708748659986
宇美町 [40341],7.980367698899073,6.037923842808589,1.9424438560904838
篠栗町 [40342],9.075205527654266,7.508946997869816,1.5662585297844496
志免町 [40343],9.909657388042,8.08483026214205,1.824827125899949
須恵町 [40344],9.294707749001944,6.9706754168047675,2.3240323321971763
新宮町 [40345],10.015464386427729,8.311397412435136,1.7040669739925924
久山町 [40348],7.715196599362381,7.14657456038138,0.568622038981001
粕屋町 [40349],11.920448248260575,9.883059029207832,2.037389219052743
芦屋町 [40381],13.599937146448774,7.927903119821533,5.672034026627241
水巻町 [40382],8.281573498964804,8.23419864005939,0.04737485890541393
岡垣町 [40383],6.745073108709472,5.888016065330822,0.8570570433786502
遠賀町 [40384],6.746031746031746,6.235873466897529,0.5101582791342167
小竹町 [40401],7.851959361393323,8.486473397634544,-0.6345140362412209
鞍手町 [40402],6.166237985650467,6.864557795505311,-0.6983198098548442
桂川町 [40421],6.845658659130162,7.109844042162695,-0.26418538303253314
筑前町 [40447],9.056971270897582,5.996769224071425,3.0602020468261575
東峰村 [40448],5.618615209988649,4.193102693154533,1.4255125168341154
大刀洗町 [40503],8.684324793747287,6.908249159214776,1.7760756345325106
大木町 [40522],6.372225884421007,5.665320475018206,0.7069054094028013
広川町 [40544],7.439527715375373,7.97549931348522,-0.535971598109847
香春町 [40601],6.4143746235695644,7.317902558120722,-0.9035279345511578
添田町 [40602],5.27012393213813,6.725744300156416,-1.4556203680182858
糸田町 [40604],7.739750876768654,9.09575023351536,-1.3559993567467066
川崎町 [40605],6.153742231829235,9.227588252828276,-3.0738460209990413
大任町 [40608],7.583879293230098,8.098443078107625,-0.5145637848775273
赤村 [40609],6.2609919099542735,6.199277071687,0.06171483826727364
福智町 [40610],6.419954040597473,7.5427940562434275,-1.1228400156459548
苅田町 [40621],13.263920325939338,12.08334091272633,1.1805794132130085
みやこ町 [40625],6.324110671936759,5.439612691021205,0.8844979809155538
吉富町 [40642],7.294226044226044,7.386950646710918,-0.09272460248487402
上毛町 [40646],4.9005880705684675,6.409072404898542,-1.508484334330075
築上町 [40647],12.577583059510768,6.925579531018225,5.652003528492544
佐賀市 [41201],6.521518361363646,8.128863006222346,-1.6073446448587
唐津市 [41202],4.722100272192466,5.779517907971056,-1.0574176357785898
鳥栖市 [41203],9.361456614203869,8.716060797280093,0.6453958169237755
多久市 [41204],7.475573733242445,6.041982631623609,1.4335911016188359
伊万里市 [41205],5.814493651285227,6.286838238924095,-0.4723445876388679
武雄市 [41206],6.388912543643022,6.47112943838276,-0.08221689473973814
鹿島市 [41207],5.24924748550033,5.443161039871848,-0.1939135543715178
小城市 [41208],7.0807707146585575,6.355124644275345,0.7256460703832124
嬉野市 [41209],5.796449316861654,5.860858773543253,-0.0644094566815987
神埼市 [41210],7.311578598641709,7.076784092722843,0.23479450591886586
吉野ヶ里町 [41327],10.45662665511694,8.475304011962274,1.981322643154666
基山町 [41341],8.095644748078564,6.617516624806139,1.478128123272426
上峰町 [41345],10.66869300911854,8.786613381718906,1.8820796273996336
みやき町 [41346],6.82497186978621,5.75068237556898,1.07428949421723
玄海町 [41387],5.927461139896373,9.433562420731601,-3.506101280835228
有田町 [41401],5.550461189923944,5.0165152990345,0.5339458908894441
大町町 [41423],5.807103181282612,6.39522983502099,-0.588126653738378
江北町 [41424],7.122803369034002,7.313900694769158,-0.19109732573515625
白石町 [41425],5.544978581627796,4.282094524233591,1.2628840573942055
太良町 [41441],4.648209296418592,4.114493903488154,0.5337153929304383
長崎市 [42201],5.879897887855876,7.185997729938551,-1.3060998420826753
佐世保市 [42202],7.041330666746608,6.962825361208933,0.07850530553767499
島原市 [42203],6.340976120254971,5.56434791261506,0.7766282076399111
諫早市 [42204],7.435626577963575,6.322836063277043,1.112790514686532
大村市 [42205],9.160029690854014,7.43742677895894,1.7226029118950734
平戸市 [42207],5.349720510247957,5.732619070264699,-0.3828985600167414
松浦市 [42208],6.086403444395518,7.188891180766303,-1.1024877363707848
対馬市 [42209],9.445797358128551,6.311990974315389,3.1338063838131625
壱岐市 [42210],6.176272328951804,4.94110463910499,1.2351676898468131
五島市 [42211],7.178635999881442,7.003812246443077,0.17482375343836498
西海市 [42212],6.214711888839948,7.239716008829051,-1.0250041199891031
雲仙市 [42213],6.291130537275317,5.496667905904275,0.7944626313710419
南島原市 [42214],4.320866141732283,3.870192035891043,0.45067410584124046
長与町 [42307],8.146102991463817,6.145243802192281,2.0008591892715355
時津町 [42308],9.0218878248974,6.410003243883381,2.611884581014019
東彼杵町 [42321],7.934131736526946,4.780333978779616,3.1537977577473297
川棚町 [42322],6.8968180413963545,6.506017885471899,0.39080015592445516
波佐見町 [42323],6.505563035929416,4.605738205834391,1.8998248300950253
小値賀町 [42383],8.55791962174941,6.3676310182191775,2.190288603530232
佐々町 [42391],8.424381828637149,7.508175198958422,0.9162066296787268
新上五島町 [42411],7.037525476561564,5.981096540134456,1.0564289364271078
中央区 [43101],13.821322384255982,13.246238218055828,0.5750841662001545
東区 [43102],9.838004763026351,8.47964196944885,1.358362793577502
西区 [43103],10.251034421555904,9.212579441912544,1.03845497964336
南区 [43104],8.623536531607929,6.765256299534793,1.8582802320731355
北区 [43105],8.754500361460444,7.271413274158823,1.4830870873016213
八代市 [43202],6.048840638877548,5.9910874871471105,0.057753151730437935
人吉市 [43203],8.099657050635466,6.826883640384474,1.2727734102509922
荒尾市 [43204],5.622399869483645,6.535446499958196,-0.9130466304745513
水俣市 [43205],5.208188918157031,5.606242662897395,-0.3980537447403636
玉名市 [43206],6.024096385542169,6.6747031069449125,-0.6506067214027436
山鹿市 [43208],5.297695929336277,5.495725732834391,-0.1980298034981134
菊池市 [43210],7.178265628017769,6.280288029502437,0.8979775985153324
宇土市 [43211],7.373488642337382,6.4716900249084715,0.901798617428911
上天草市 [43212],5.442522889114954,4.558363778825385,0.8841591102895698
宇城市 [43213],6.572503371424515,5.97501033265859,0.5974930387659256
阿蘇市 [43214],7.099710384774514,6.25027233867352,0.8494380461009943
天草市 [43215],4.959677419354839,5.222474335671038,-0.2627969163161987
合志市 [43216],7.57366482504604,6.442410967898065,1.1312538571479749
美里町 [43348],4.506487488415199,4.32029375701521,0.18619373139998885
玉東町 [43364],4.652966265994571,5.685408957279563,-1.0324426912849916
南関町 [43367],5.533094605521543,5.911722060493023,-0.37862745497147987
長洲町 [43368],6.195795006570302,6.966015020358224,-0.770220013787922
和水町 [43369],4.92949927833907,4.812778340363971,0.1167209379750993
大津町 [43403],11.545552100817211,9.792776667804134,1.7527754330130776
菊陽町 [43404],11.52852996960764,10.60611305754141,0.9224169120662289
南小国町 [43423],12.381703470031544,8.476072264349883,3.9056312056816616
小国町 [43424],11.628276409849086,5.824156820249092,5.804119589599994
産山村 [43425],9.11094783247612,6.084857836831662,3.0260899956444574
高森町 [43428],8.706852138073158,6.255018053883493,2.451834084189665
西原村 [43432],8.679672038450665,6.525659465803118,2.154012572647547
南阿蘇村 [43433],7.39078396169958,5.7363371247291886,1.6544468369703917
御船町 [43441],7.429067747539085,6.154621453226374,1.2744462943127104
嘉島町 [43442],8.513750731421885,7.874242916002201,0.6395078154196838
益城町 [43443],7.640660275016859,5.340201000640402,2.3004592743764567
甲佐町 [43444],5.689585846401287,5.152924995549594,0.5366608508516926
山都町 [43447],4.83432916892993,3.6150128900685936,1.2193162788613363
氷川町 [43468],5.632098305715882,5.250249472823125,0.3818488328927572
芦北町 [43482],4.651475431874706,3.9398337653338493,0.7116416665408569
津奈木町 [43484],4.528853177501826,5.548324485525191,-1.0194713080233644
錦町 [43501],6.528456094886874,6.436060283368671,0.09239581151820264
多良木町 [43505],5.408003845691624,4.71493434857986,0.6930694971117646
湯前町 [43506],5.747460087082729,5.0740669263453455,0.6733931607373833
水上村 [43507],4.70770822555613,5.810428481661952,-1.1027202561058216
相良村 [43510],5.074476142388286,4.334734641701008,0.7397415006872778
山江村 [43512],5.88235294117647,5.7182927344271635,0.16406020674930666
球磨村 [43513],6.646525679758309,6.3662798325289,0.28024584722940915
あさぎり町 [43514],5.078958600085361,5.38421393055009,-0.3052553304647292
苓北町 [43531],5.753776920604308,5.4831091115534125,0.27066780905089516
大分市 [44201],5.562087384594563,7.423281386651208,-1.8611940020566449
別府市 [44202],7.682290505284753,8.956709605359137,-1.2744191000743843
中津市 [44203],8.710318433835434,9.033491160893815,-0.32317272705838107
日田市 [44204],5.41963559054595,5.46234010529461,-0.04270451474865933
佐伯市 [44205],4.570985259891389,4.8031664277415675,-0.23218116785017884
臼杵市 [44206],5.129674738501218,5.1832209729967875,-0.0535462344955695
津久見市 [44207],4.826435246995995,4.530323548802088,0.2961116981939069
竹田市 [44208],6.385790558756674,5.528173715922687,0.8576168428339868
豊後高田市 [44209],7.628287658635277,7.539693011024052,0.0885946476112256
杵築市 [44210],6.6378618131763085,8.221223173304152,-1.5833613601278431
宇佐市 [44211],5.958977911182944,6.6946721707791275,-0.7356942595961833
豊後大野市 [44212],5.8909931870741925,5.413873009641761,0.4771201774324316
由布市 [44213],9.540288177560337,7.244097388347832,2.2961907892125044
国東市 [44214],10.329424902289224,6.762973921529522,3.5664509807597025
姫島村 [44322],3.5067212156633545,3.114556033350981,0.3921651823123735
日出町 [44341],7.208307880268784,7.2490099675119986,-0.04070208724321489
九重町 [44461],6.263550951577932,4.821697030578969,1.4418539209989634
玖珠町 [44462],7.488412514484357,5.777553331898378,1.7108591825859785
宮崎市 [45201],6.260519538458419,8.448310813625346,-2.1877912751669273
都城市 [45202],7.770615227527157,7.578127309697991,0.1924879178291663
延岡市 [45203],5.365292795955624,6.4978439685902085,-1.1325511726345843
日南市 [45204],5.51682642433296,5.798266735195325,-0.2814403108623651
小林市 [45205],6.519310754604872,6.989469567732869,-0.47015881312799745
日向市 [45206],6.18528186422805,6.621760070652565,-0.43647820642451496
串間市 [45207],6.013585093787001,5.819309550206192,0.194275543580809
西都市 [45208],5.979770638934397,6.42105398478013,-0.4412833458457328
えびの市 [45209],7.904142497216851,6.481243605395345,1.4228988918215064
三股町 [45341],7.284690858121788,7.462588656372018,-0.1778977982502301
高原町 [45361],5.397354938639342,6.773863309221755,-1.376508370582413
国富町 [45382],6.276379981362715,5.9338993699776825,0.3424806113850325
綾町 [45383],6.484893146647015,5.565780826807444,0.919112319839571
高鍋町 [45401],8.90272373540856,8.55207700882268,0.3506467265858806
新富町 [45402],9.726941747572816,6.915111338126266,2.81183040944655
西米良村 [45403],8.173562058526741,8.76607747015849,-0.5925154116317479
木城町 [45404],5.414012738853503,6.716182367660737,-1.302169628807234
川南町 [45405],6.164055551754806,6.690691599133049,-0.5266360473782434
都農町 [45406],5.949291275703733,5.6930376876934865,0.2562535880102468
門川町 [45421],6.033315674848431,6.194999079976263,-0.16168340512783175
諸塚村 [45429],7.32574679943101,4.194329054141331,3.1314177452896788
椎葉村 [45430],8.229426433915211,4.838553844953858,3.3908725889613534
美郷町 [45431],7.341884122069881,4.781615062465854,2.5602690596040265
高千穂町 [45441],6.432207311429893,4.333918108812842,2.0982892026170514
日之影町 [45442],4.972214097689383,5.327127234654492,-0.3549131369651093
五ヶ瀬町 [45443],9.365466748017084,4.087857417661826,5.277609330355259
鹿児島市 [46201],6.355209103224792,8.88406919826622,-2.528860095041428
鹿屋市 [46203],8.570762273639811,8.852769465650013,-0.28200719201020163
枕崎市 [46204],5.947719335379405,7.066422841821127,-1.1187035064417215
阿久根市 [46206],5.554637130104149,6.298770907048217,-0.7441337769440679
出水市 [46208],6.302888824044353,7.293046942925654,-0.9901581188813013
指宿市 [46210],6.461149783642862,6.471670385103199,-0.010520601460336287
西之表市 [46213],11.897836112096488,8.045968976239866,3.8518671358566223
垂水市 [46214],6.421028289524397,6.892207724830789,-0.47117943530639206
薩摩川内市 [46215],6.964080586727932,8.081104263606846,-1.1170236768789144
日置市 [46216],7.439198855507868,6.627445255077999,0.8117536004298689
曽於市 [46217],6.077365232251049,7.399512268817983,-1.3221470365669337
霧島市 [46218],8.235963272934102,8.985563778578692,-0.7496005056445902
いちき串木野市 [46219],6.432114073155611,6.757745257438596,-0.3256311842829849
南さつま市 [46220],7.220042451919985,7.1975206877751,0.02252176414488538
志布志市 [46221],7.381591328895549,8.083510557246564,-0.7019192283510147
奄美市 [46222],10.373021198339918,8.854209636599599,1.5188115617403195
南九州市 [46223],5.938264933083256,6.792899452211411,-0.8546345191281546
伊佐市 [46224],5.77633198522947,7.207122454620249,-1.4307904693907787
姶良市 [46225],8.02708549338863,7.2798841150359594,0.7472013783526714
さつま町 [46392],6.34895164741121,7.433661634506849,-1.0847099870956383
長島町 [46404],4.947334822853495,5.7263412183898,-0.7790063955363049
湧水町 [46452],8.054014950566675,7.226886180479803,0.8271287700868717
大崎町 [46468],8.359912707738795,9.140798030462356,-0.7808853227235613
東串良町 [46482],8.709322433579626,8.67352009086797,0.035802342711654944
錦江町 [46490],7.931873479318735,6.798688659221906,1.1331848200968295
南大隅町 [46491],6.123139377537212,6.939837694645701,-0.8166983171084885
肝付町 [46492],7.440936189004195,7.737874913939679,-0.296938724935484
中種子町 [46501],9.546606589693043,8.174615725032417,1.371990864660626
南種子町 [46502],13.029253271747498,8.925804284440087,4.103448987307411
屋久島町 [46505],11.204308670316086,8.735393805595523,2.4689148647205634
大和村 [46523],11.416184971098266,9.118210882983535,2.2979740881147315
宇検村 [46524],11.658354114713216,8.14723317073055,3.5111209439826663
瀬戸内町 [46525],11.677387431964377,10.029176432827173,1.6482109991372038
龍郷町 [46527],11.772530761556368,9.162861368326924,2.609669393229444
喜界町 [46529],8.133819565562074,8.3857671633344,-0.25194759777232534
徳之島町 [46530],10.920357578220235,9.369976135808027,1.550381442412208
天城町 [46531],8.752975645486174,8.347451430599572,0.4055242148866025
伊仙町 [46532],8.67579908675799,8.355308275372161,0.32049081138582913
和泊町 [46533],11.364016736401672,8.420581469870362,2.94343526653131
知名町 [46534],11.963589076723016,8.497795610570682,3.465793466152334
与論町 [46535],9.541683129197946,6.315225752627667,3.226457376570279
那覇市 [47201],9.57520802491194,9.764930698382544,-0.18972267347060523
宜野湾市 [47205],10.28543552064355,11.510638983219796,-1.2252034625762462
石垣市 [47207],13.6644591611479,10.792574040010518,2.8718851211373817
浦添市 [47208],8.94220944530073,9.124550206783258,-0.18234076148252853
名護市 [47209],9.91905335681404,11.499920868885244,-1.5808675120712046
糸満市 [47210],9.54859437751004,8.818954112346256,0.7296402651637841
沖縄市 [47211],8.477553813699828,10.590343057121096,-2.1127892434212683
豊見城市 [47212],9.689022446842417,8.557584545733194,1.1314379011092228
うるま市 [47213],7.497558055266723,8.483101352523125,-0.9855432972564016
宮古島市 [47214],12.442503952853242,9.678694597465062,2.7638093553881795
南城市 [47215],9.060495642353342,7.087567571936534,1.972928070416808
国頭村 [47301],9.822830230993496,8.884957453538824,0.9378727774546718
大宜味村 [47302],8.65979381443299,8.958270474936006,-0.2984766605030167
東村 [47303],9.641387419165197,9.56248510831752,0.07890231084767585
今帰仁村 [47306],7.753457475770445,7.052438819902169,0.7010186558682765
本部町 [47308],9.38057213737499,8.951968182963423,0.4286039544115674
恩納村 [47311],17.05549664192294,11.656100041567317,5.399396600355622
宜野座村 [47313],10.876923076923076,9.21209884254703,1.664824234376045
金武町 [47314],8.814563191359639,11.402968034126136,-2.588404842766497
伊江村 [47315],7.591377694470477,7.235797337878265,0.35558035659221243
読谷村 [47324],8.361512450046112,8.205034853085877,0.15647759696023478
嘉手納町 [47325],8.420481834379116,9.477742967306481,-1.0572611329273656
北谷町 [47326],11.586178611709215,10.610078623374303,0.9760999883349122
北中城村 [47327],10.289120383265557,8.191501321976725,2.0976190612888317
中城村 [47328],11.18017898866993,11.459641813206332,-0.27946282453640237
西原町 [47329],10.617235480523853,9.191952911664364,1.4252825688594886
与那原町 [47348],10.983935742971887,10.145850084819408,0.8380856581524796
南風原町 [47350],9.944350350834744,8.232987850459969,1.7113625003747757
南大東村 [47357],17.033414832925835,14.900588836620937,2.1328259963048986
伊平屋村 [47359],14.441645675902604,9.654749967698153,4.786895708204451
伊是名村 [47360],10.751818916734033,11.501259709814342,-0.7494407930803089
久米島町 [47361],11.358543417366947,9.814420127593404,1.5441232897735429
八重瀬町 [47362],8.816719290332282,6.991781621041906,1.8249376692903754
多良間村 [47375],12.980769230769232,9.108876867850894,3.871892362918338
竹富町 [47381],31.273764258555133,15.377912512044546,15.895851746510587
与那国町 [47382],29.95855535820012,12.97568374767334,16.98287161052678
