model,iteration,converged,finite,negative_variance,boundary,min_sigma_eigenvalue,usable,optimizer_message
country,-1,True,True,False,gov_effect,0.04758638596569679,True,Optimization terminated successfully
country,0,True,True,False,gov_effect;child_surv_12_r,0.03966238486364449,True,Optimization terminated successfully
country,1,True,True,False,gov_effect,0.053298698195494654,True,Optimization terminated successfully
country,2,True,True,False,gov_effect;child_surv_12_r,0.04823556600870062,True,Optimization terminated successfully
country,3,True,True,False,gov_effect;child_surv_12_r,0.05654686009933295,True,Optimization terminated successfully
country,4,True,True,False,gov_effect,0.05400904581368659,True,Optimization terminated successfully
country,5,True,True,False,gov_effect,0.047581446354778095,True,Optimization terminated successfully
country,6,True,True,False,gov_effect,0.03736306513092671,True,Optimization terminated successfully
country,7,True,True,False,child_surv_12_r,0.03637575212596668,True,Optimization terminated successfully
country,8,True,True,False,gov_effect;child_surv_12_r,0.04020781225872067,True,Optimization terminated successfully
country,9,True,True,False,gov_effect,0.054189621440712446,True,Optimization terminated successfully
country,10,True,True,False,gov_effect,0.03652844252919641,True,Optimization terminated successfully
country,11,True,True,False,gov_effect,0.03957885357884778,True,Optimization terminated successfully
country,12,True,True,False,gov_effect;child_surv_12_r,0.030092937517737284,True,Optimization terminated successfully
country,13,True,True,False,child_surv_12_r,0.028428995675796744,True,Optimization terminated successfully
country,14,True,True,False,gov_effect,0.02402215233943696,True,Optimization terminated successfully
country,15,True,True,False,gov_effect,0.04281552280283484,True,Optimization terminated successfully
country,16,True,True,False,gov_effect,0.04541090270493049,True,Optimization terminated successfully
country,17,True,True,False,gov_effect,0.04351536958761258,True,Optimization terminated successfully
country,18,True,True,False,gov_effect,0.031074330467448678,True,Optimization terminated successfully
country,19,True,True,False,gov_effect,0.03833691976460654,True,Optimization terminated successfully
country,20,True,True,False,gov_effect,0.037035634398709535,True,Optimization terminated successfully
country,21,True,True,False,gov_effect,0.04846445489766869,True,Optimization terminated successfully
country,22,True,True,False,gov_effect,0.038371454863256924,True,Optimization terminated successfully
country,23,True,True,False,gov_effect,0.04160199619683887,True,Optimization terminated successfully
country,24,True,True,False,gov_effect,0.04410904606571777,True,Optimization terminated successfully
country,25,True,True,False,,0.0418808170420405,True,Optimization terminated successfully
country,26,True,True,False,gov_effect,0.04586302056295807,True,Optimization terminated successfully
country,27,True,True,False,gov_effect,0.0352124377633282,True,Optimization terminated successfully
country,28,True,True,False,gov_effect,0.04870632148462371,True,Optimization terminated successfully
country,29,True,True,False,,0.053233713600196124,True,Optimization terminated successfully
country,30,True,True,False,,0.030074054650174903,True,Optimization terminated successfully
country,31,True,True,False,gov_effect,0.04191281591994327,True,Optimization terminated successfully
country,32,True,True,False,gov_effect;child_surv_12_r,0.04005126986950425,True,Optimization terminated successfully
country,33,True,True,False,gov_effect;child_surv_12_r,0.03634326308720328,True,Optimization terminated successfully
country,34,True,True,False,gov_effect,0.038461957169964464,True,Optimization terminated successfully
country,35,True,True,False,gov_effect,0.04545967364014139,True,Optimization terminated successfully
country,36,True,True,False,gov_effect,0.03974663376243143,True,Optimization terminated successfully
country,37,True,True,False,gov_effect,0.03294011372150005,True,Optimization terminated successfully
country,38,True,True,False,gov_effect,0.04924155687519602,True,Optimization terminated successfully
country,39,True,True,False,gov_effect,0.05234205400679752,True,Optimization terminated successfully
country,40,True,True,False,gov_effect;child_surv_12_r,0.04046057157043574,True,Optimization terminated successfully
country,41,True,True,False,gov_effect,0.03170992384009582,True,Optimization terminated successfully
country,42,True,True,False,,0.04883220598152384,True,Optimization terminated successfully
country,43,True,True,False,gov_effect,0.03424659205277263,True,Optimization terminated successfully
country,44,True,True,False,gov_effect,0.049398402632820734,True,Optimization terminated successfully
country,45,True,True,False,gov_effect,0.04044883937700295,True,Optimization terminated successfully
country,46,True,True,False,gov_effect,0.03474399754196178,True,Optimization terminated successfully
country,47,True,True,False,gov_effect,0.032120734487473025,True,Optimization terminated successfully
country,48,True,True,False,gov_effect,0.03778826438858343,True,Optimization terminated successfully
country,49,True,True,False,gov_effect;child_surv_12_r,0.0440450446631878,True,Optimization terminated successfully
country,50,True,True,False,child_surv_12_r,0.04083508838850238,True,Optimization terminated successfully
country,51,True,True,False,,0.03500114018656628,True,Optimization terminated successfully
country,52,True,True,False,gov_effect,0.04099181210369951,True,Optimization terminated successfully
country,53,True,True,False,gov_effect,0.031900459658437186,True,Optimization terminated successfully
country,54,True,True,False,gov_effect;g_gni,0.036121137354538556,True,Optimization terminated successfully
country,55,True,True,False,gov_effect,0.026014920914824664,True,Optimization terminated successfully
country,56,True,True,False,gov_effect,0.04615965343984105,True,Optimization terminated successfully
country,57,True,True,False,gov_effect,0.04669437741371615,True,Optimization terminated successfully
country,58,True,True,False,gov_effect,0.051184144915843915,True,Optimization terminated successfully
country,59,True,True,False,gov_effect,0.04881352982053573,True,Optimization terminated successfully
country,60,True,True,False,gov_effect,0.055279267747550966,True,Optimization terminated successfully
country,61,True,True,False,gov_effect,0.04075029579054084,True,Optimization terminated successfully
country,62,True,True,False,gov_effect;child_surv_12_r,0.044739070598313724,True,Optimization terminated successfully
country,63,True,True,False,gov_effect;child_surv_12_r,0.0436515195998034,True,Optimization terminated successfully
country,64,True,True,False,,0.040862689865679695,True,Optimization terminated successfully
country,65,True,True,False,gov_effect,0.03624935868681813,True,Optimization terminated successfully
country,66,True,True,False,,0.04725506978802148,True,Optimization terminated successfully
country,67,True,True,False,gov_effect,0.04306554901917239,True,Optimization terminated successfully
country,68,True,True,False,gov_effect,0.037971700371956484,True,Optimization terminated successfully
country,69,True,True,False,,0.03082897551451619,True,Optimization terminated successfully
country,70,True,True,False,gov_effect,0.03545624016787677,True,Optimization terminated successfully
country,71,True,True,False,gov_effect,0.038327076694183615,True,Optimization terminated successfully
country,72,True,True,False,,0.0414475578536407,True,Optimization terminated successfully
country,73,True,True,False,gov_effect;child_surv_12_r,0.0323628226521505,True,Optimization terminated successfully
country,74,True,True,False,gov_effect,0.03663599892227952,True,Optimization terminated successfully
country,75,True,True,False,gov_effect,0.03696082365640034,True,Optimization terminated successfully
country,76,True,True,False,gov_effect,0.043656553050533106,True,Optimization terminated successfully
country,77,True,True,False,gov_effect;child_surv_12_r,0.042727791734598494,True,Optimization terminated successfully
country,78,True,True,False,gov_effect,0.04518837845138892,True,Optimization terminated successfully
country,79,True,True,False,gov_effect,0.04856497619490254,True,Optimization terminated successfully
country,80,True,True,False,,0.03263760735390127,True,Optimization terminated successfully
country,81,True,True,False,gov_effect,0.0479997494668169,True,Optimization terminated successfully
country,82,True,True,False,gov_effect,0.029972035477997844,True,Optimization terminated successfully
country,83,True,True,False,gov_effect,0.038167411684872546,True,Optimization terminated successfully
country,84,True,True,False,gov_effect,0.05092881564869141,True,Optimization terminated successfully
country,85,True,True,False,gov_effect,0.034541134694246946,True,Optimization terminated successfully
country,86,True,True,False,gov_effect;g_gni,0.05393775076129097,True,Optimization terminated successfully
country,87,True,True,False,gov_effect;child_surv_12_r,0.04385394477284241,True,Optimization terminated successfully
country,88,True,True,False,gov_effect,0.0406972747521126,True,Optimization terminated successfully
country,89,True,True,False,,0.03515745620508523,True,Optimization terminated successfully
country,90,True,True,False,,0.03396230611206456,True,Optimization terminated successfully
country,91,True,True,False,gov_effect;child_surv_12_r,0.037886704580949185,True,Optimization terminated successfully
country,92,True,True,False,gov_effect;child_surv_12_r,0.047434175878132825,True,Optimization terminated successfully
country,93,True,True,False,gov_effect,0.03223875960566666,True,Optimization terminated successfully
country,94,True,True,False,gov_effect,0.04657454502625403,True,Optimization terminated successfully
country,95,True,True,False,gov_effect,0.03254449610526586,True,Optimization terminated successfully
country,96,True,True,False,gov_effect,0.0424812415674585,True,Optimization terminated successfully
country,97,True,True,False,gov_effect,0.05097751721640537,True,Optimization terminated successfully
country,98,True,True,False,gov_effect,0.04769295758849916,True,Optimization terminated successfully
country,99,True,True,False,gov_effect,0.05387460713371478,True,Optimization terminated successfully
country,100,True,True,False,gov_effect,0.04020527982352975,True,Optimization terminated successfully
country,101,True,True,False,gov_effect,0.03497163284877342,True,Optimization terminated successfully
country,102,True,True,False,,0.031897033608874394,True,Optimization terminated successfully
country,103,True,True,False,gov_effect,0.050017322514545555,True,Optimization terminated successfully
country,104,True,True,False,gov_effect;g_gni,0.03710937402908659,True,Optimization terminated successfully
country,105,True,True,False,,0.03378478527428379,True,Optimization terminated successfully
country,106,True,True,False,,0.04373707682113034,True,Optimization terminated successfully
country,107,True,True,False,gov_effect,0.04592095250600287,True,Optimization terminated successfully
country,108,True,True,False,,0.04724779061261691,True,Optimization terminated successfully
country,109,True,True,False,gov_effect,0.04832467668142755,True,Optimization terminated successfully
country,110,True,True,False,gov_effect,0.03591851585345482,True,Optimization terminated successfully
country,111,True,True,False,,0.03572498433997345,True,Optimization terminated successfully
country,112,True,True,False,gov_effect,0.05606346706162441,True,Optimization terminated successfully
country,113,True,True,False,gov_effect,0.03877414698042908,True,Optimization terminated successfully
country,114,True,True,False,gov_effect,0.043947667225721736,True,Optimization terminated successfully
country,115,True,True,False,gov_effect,0.04924250248742687,True,Optimization terminated successfully
country,116,True,True,False,gov_effect;child_surv_12_r,0.04710573162316005,True,Optimization terminated successfully
country,117,True,True,False,,0.03451937155155829,True,Optimization terminated successfully
country,118,True,True,False,,0.03994768396607934,True,Optimization terminated successfully
country,119,True,True,False,,0.03728621314250114,True,Optimization terminated successfully
country,120,True,True,False,gov_effect;g_gni,0.04152435210162936,True,Optimization terminated successfully
country,121,True,True,False,gov_effect;child_surv_12_r,0.04014657868134612,True,Optimization terminated successfully
country,122,True,True,False,gov_effect,0.042499500465970584,True,Optimization terminated successfully
country,123,True,True,False,gov_effect;child_surv_12_r,0.0457504068500941,True,Optimization terminated successfully
country,124,True,True,False,gov_effect,0.044884567761810185,True,Optimization terminated successfully
country,125,True,True,False,,0.029586164572014125,True,Optimization terminated successfully
country,126,True,True,False,gov_effect,0.040761027881895076,True,Optimization terminated successfully
country,127,True,True,False,gov_effect,0.03596465513065747,True,Optimization terminated successfully
country,128,True,True,False,gov_effect,0.03284181982681643,True,Optimization terminated successfully
country,129,True,True,False,,0.027308591357055288,True,Optimization terminated successfully
country,130,True,True,False,gov_effect,0.035650232671564364,True,Optimization terminated successfully
country,131,True,True,False,gov_effect,0.046690821807650246,True,Optimization terminated successfully
country,132,True,True,False,,0.029661721420710822,True,Optimization terminated successfully
country,133,True,True,False,gov_effect;g_gni,0.039922855663746246,True,Optimization terminated successfully
country,134,True,True,False,gov_effect,0.035979494183240736,True,Optimization terminated successfully
country,135,True,True,False,gov_effect,0.03458626924718161,True,Optimization terminated successfully
country,136,True,True,False,gov_effect;child_surv_12_r,0.04538197978024176,True,Optimization terminated successfully
country,137,True,True,False,gov_effect;child_surv_12_r,0.047788065270436636,True,Optimization terminated successfully
country,138,True,True,False,gov_effect,0.038087982523460344,True,Optimization terminated successfully
country,139,True,True,False,gov_effect,0.0361861935076726,True,Optimization terminated successfully
country,140,True,True,False,gov_effect,0.042520436245709975,True,Optimization terminated successfully
country,141,True,True,False,gov_effect;g_gni,0.034003024650753076,True,Optimization terminated successfully
country,142,True,True,False,g_gni,0.04172078366252211,True,Optimization terminated successfully
country,143,True,True,False,gov_effect,0.048380950695545995,True,Optimization terminated successfully
country,144,True,True,False,gov_effect,0.04175538687541164,True,Optimization terminated successfully
country,145,True,True,False,gov_effect,0.04666134669064336,True,Optimization terminated successfully
country,146,True,True,False,gov_effect,0.04771705688747877,True,Optimization terminated successfully
country,147,True,True,False,gov_effect,0.04175377653412795,True,Optimization terminated successfully
country,148,True,True,False,gov_effect,0.03382495199681161,True,Optimization terminated successfully
country,149,True,True,False,gov_effect,0.04131915832670542,True,Optimization terminated successfully
country,150,True,True,False,gov_effect,0.04210871108680582,True,Optimization terminated successfully
country,151,True,True,False,gov_effect,0.03490805458229,True,Optimization terminated successfully
country,152,True,True,False,gov_effect,0.04528516475759194,True,Optimization terminated successfully
country,153,True,True,False,gov_effect;child_surv_12_r,0.03584603646410456,True,Optimization terminated successfully
country,154,True,True,False,gov_effect,0.040426792604684576,True,Optimization terminated successfully
country,155,True,True,False,,0.033866441672114084,True,Optimization terminated successfully
country,156,True,True,False,gov_effect;g_gni,0.0429763571157238,True,Optimization terminated successfully
country,157,True,True,False,gov_effect,0.034593258312486205,True,Optimization terminated successfully
country,158,True,True,False,gov_effect,0.043394915119759334,True,Optimization terminated successfully
country,159,True,True,False,gov_effect;child_surv_12_r,0.047526186994041,True,Optimization terminated successfully
country,160,True,True,False,gov_effect;g_gni,0.05052044477787397,True,Optimization terminated successfully
country,161,True,True,False,gov_effect,0.0333016027773959,True,Optimization terminated successfully
country,162,True,True,False,gov_effect,0.041983769956335494,True,Optimization terminated successfully
country,163,True,True,False,gov_effect,0.04216969681822119,True,Optimization terminated successfully
country,164,True,True,False,gov_effect;child_surv_12_r,0.038539982575131415,True,Optimization terminated successfully
country,165,True,True,False,gov_effect;child_surv_12_r,0.04801179439712177,True,Optimization terminated successfully
country,166,True,True,False,gov_effect,0.04393315036334271,True,Optimization terminated successfully
country,167,True,True,False,gov_effect;child_surv_12_r,0.038049565308504125,True,Optimization terminated successfully
country,168,True,True,False,gov_effect,0.03984865023355245,True,Optimization terminated successfully
country,169,True,True,False,gov_effect,0.04780131721274078,True,Optimization terminated successfully
country,170,True,True,False,gov_effect;child_surv_12_r,0.046988547238115394,True,Optimization terminated successfully
country,171,True,True,False,gov_effect,0.046679853335075856,True,Optimization terminated successfully
country,172,True,True,False,gov_effect,0.032538669356019116,True,Optimization terminated successfully
country,173,True,True,False,gov_effect;g_gdp,0.04214368742510469,True,Optimization terminated successfully
country,174,True,True,False,gov_effect,0.04744180413692857,True,Optimization terminated successfully
country,175,True,True,False,gov_effect;child_surv_12_r,0.04019706721950907,True,Optimization terminated successfully
country,176,True,True,False,gov_effect,0.046322712651722324,True,Optimization terminated successfully
country,177,True,True,False,gov_effect,0.050448587937211416,True,Optimization terminated successfully
country,178,True,True,False,gov_effect,0.0464660394807151,True,Optimization terminated successfully
country,179,True,True,False,gov_effect;child_surv_12_r,0.034181148503998955,True,Optimization terminated successfully
country,180,True,True,False,gov_effect,0.04775095665553578,True,Optimization terminated successfully
country,181,True,True,False,gov_effect,0.044727745418356286,True,Optimization terminated successfully
country,182,True,True,False,gov_effect;child_surv_12_r,0.036795775810126684,True,Optimization terminated successfully
country,183,True,True,False,gov_effect,0.039124724435853124,True,Optimization terminated successfully
country,184,True,True,False,gov_effect,0.03534491090197166,True,Optimization terminated successfully
country,185,True,True,False,gov_effect,0.037090482421426846,True,Optimization terminated successfully
country,186,True,True,False,gov_effect;child_surv_12_r,0.04845990121911047,True,Optimization terminated successfully
country,187,True,True,False,,0.04410278488759467,True,Optimization terminated successfully
country,188,True,True,False,,0.042258858902263906,True,Optimization terminated successfully
country,189,True,True,False,gov_effect,0.05420650607661119,True,Optimization terminated successfully
country,190,True,True,False,gov_effect,0.053317416368244615,True,Optimization terminated successfully
country,191,True,True,False,gov_effect,0.039209130540846536,True,Optimization terminated successfully
country,192,True,True,False,,0.03261221545215211,True,Optimization terminated successfully
country,193,True,True,False,gov_effect,0.04969034331008677,True,Optimization terminated successfully
country,194,True,True,False,,0.03572778972805953,True,Optimization terminated successfully
country,195,True,True,False,gov_effect,0.04034264997586432,True,Optimization terminated successfully
country,196,True,True,False,gov_effect,0.03585918284087949,True,Optimization terminated successfully
country,197,True,True,False,gov_effect,0.038998794456460706,True,Optimization terminated successfully
country,198,True,True,False,gov_effect;child_surv_12_r,0.044394152857683576,True,Optimization terminated successfully
country,199,True,True,False,child_surv_12_r,0.03447883834467788,True,Optimization terminated successfully
country,200,True,True,False,,0.02795187060339044,True,Optimization terminated successfully
country,201,True,True,False,gov_effect,0.03432500806358715,True,Optimization terminated successfully
country,202,True,True,False,gov_effect,0.04874073417134191,True,Optimization terminated successfully
country,203,True,True,False,gov_effect,0.038528751451139175,True,Optimization terminated successfully
country,204,True,True,False,gov_effect,0.04201915398497906,True,Optimization terminated successfully
country,205,True,True,False,gov_effect,0.038820393808082956,True,Optimization terminated successfully
country,206,True,True,False,gov_effect,0.05455446650901579,True,Optimization terminated successfully
country,207,True,True,False,gov_effect,0.03473126245837998,True,Optimization terminated successfully
country,208,True,True,False,gov_effect,0.05127820420643273,True,Optimization terminated successfully
country,209,True,True,False,,0.043694491880364505,True,Optimization terminated successfully
country,210,True,True,False,gov_effect,0.05632277987568759,True,Optimization terminated successfully
country,211,True,True,False,gov_effect,0.041155204204253844,True,Optimization terminated successfully
country,212,True,True,False,gov_effect,0.04612683366212208,True,Optimization terminated successfully
country,213,True,True,False,gov_effect,0.042762535394354685,True,Optimization terminated successfully
country,214,True,True,False,,0.03143680051088389,True,Optimization terminated successfully
country,215,True,True,False,gov_effect,0.035950861958606826,True,Optimization terminated successfully
country,216,True,True,False,gov_effect,0.03639662156558858,True,Optimization terminated successfully
country,217,True,True,False,gov_effect,0.03907771405015805,True,Optimization terminated successfully
country,218,True,True,False,gov_effect,0.0298716271794287,True,Optimization terminated successfully
country,219,True,True,False,gov_effect,0.03127809497567454,True,Optimization terminated successfully
country,220,True,True,False,gov_effect,0.036135934898898166,True,Optimization terminated successfully
country,221,True,True,False,gov_effect;child_surv_12_r,0.04850509464105694,True,Optimization terminated successfully
country,222,True,True,False,gov_effect,0.03618668726904049,True,Optimization terminated successfully
country,223,True,True,False,gov_effect,0.053353290426296274,True,Optimization terminated successfully
country,224,True,True,False,gov_effect,0.038125840169425634,True,Optimization terminated successfully
country,225,True,True,False,gov_effect,0.04902012924406287,True,Optimization terminated successfully
country,226,True,True,False,,0.03567783751778787,True,Optimization terminated successfully
country,227,True,True,False,gov_effect,0.037453742693435065,True,Optimization terminated successfully
country,228,True,True,False,gov_effect;g_gdp,0.03699859714664218,True,Optimization terminated successfully
country,229,True,True,False,gov_effect,0.04983956200956062,True,Optimization terminated successfully
country,230,True,True,False,gov_effect,0.04099272352188549,True,Optimization terminated successfully
country,231,True,True,False,gov_effect,0.04867102621717808,True,Optimization terminated successfully
country,232,True,True,False,gov_effect,0.036226632785698015,True,Optimization terminated successfully
country,233,True,True,False,gov_effect,0.03236883410827227,True,Optimization terminated successfully
country,234,True,True,False,,0.03457326627808048,True,Optimization terminated successfully
country,235,True,True,False,gov_effect,0.03419718007581956,True,Optimization terminated successfully
country,236,True,True,False,gov_effect,0.04731799950970558,True,Optimization terminated successfully
country,237,True,True,False,gov_effect,0.04006675645422587,True,Optimization terminated successfully
country,238,True,True,False,gov_effect,0.047464565907643134,True,Optimization terminated successfully
country,239,True,True,False,gov_effect,0.03265513604680852,True,Optimization terminated successfully
country,240,True,True,False,gov_effect,0.03584793196222677,True,Optimization terminated successfully
country,241,True,True,False,gov_effect,0.039539440024689676,True,Optimization terminated successfully
country,242,True,True,False,gov_effect,0.043753011694569986,True,Optimization terminated successfully
country,243,True,True,False,gov_effect,0.0392241898591097,True,Optimization terminated successfully
country,244,True,True,False,gov_effect;child_surv_12_r,0.04442705450842896,True,Optimization terminated successfully
country,245,True,True,False,gov_effect,0.0460958548832024,True,Optimization terminated successfully
country,246,True,True,False,gov_effect,0.04010603945685553,True,Optimization terminated successfully
country,247,True,True,False,gov_effect,0.0443224245206866,True,Optimization terminated successfully
country,248,True,True,False,gov_effect,0.03713725174126176,True,Optimization terminated successfully
country,249,True,True,False,gov_effect,0.03780505767169822,True,Optimization terminated successfully
country,250,True,True,False,gov_effect,0.050273413097411096,True,Optimization terminated successfully
country,251,True,True,False,gov_effect,0.04225551766643773,True,Optimization terminated successfully
country,252,True,True,False,gov_effect,0.04588142515091618,True,Optimization terminated successfully
country,253,True,True,False,,0.03024528755625896,True,Optimization terminated successfully
country,254,True,True,False,gov_effect;child_surv_12_r,0.051542114613877914,True,Optimization terminated successfully
country,255,True,True,False,gov_effect,0.03648578230962336,True,Optimization terminated successfully
country,256,True,True,False,gov_effect;child_surv_12_r,0.04474118409810921,True,Optimization terminated successfully
country,257,True,True,False,gov_effect,0.03719865098782775,True,Optimization terminated successfully
country,258,True,True,False,gov_effect;g_gdp,0.030690093226145843,True,Optimization terminated successfully
country,259,True,True,False,,0.03875659444217936,True,Optimization terminated successfully
country,260,True,True,False,gov_effect,0.03981815598397507,True,Optimization terminated successfully
country,261,True,True,False,gov_effect,0.045374498741811264,True,Optimization terminated successfully
country,262,True,True,False,gov_effect,0.04870359400335873,True,Optimization terminated successfully
country,263,True,True,False,gov_effect;child_surv_12_r,0.048813949302285206,True,Optimization terminated successfully
country,264,True,True,False,child_surv_12_r,0.03591118286844431,True,Optimization terminated successfully
country,265,True,True,False,,0.029174109339179948,True,Optimization terminated successfully
country,266,True,True,False,gov_effect,0.047596980292110104,True,Optimization terminated successfully
country,267,True,True,False,gov_effect,0.04686351952800813,True,Optimization terminated successfully
country,268,True,True,False,gov_effect;child_surv_12_r,0.030566870549181578,True,Optimization terminated successfully
country,269,True,True,False,gov_effect,0.04285248605538122,True,Optimization terminated successfully
country,270,True,True,False,gov_effect,0.044491846653257984,True,Optimization terminated successfully
country,271,True,True,False,,0.034646738567844435,True,Optimization terminated successfully
country,272,True,True,False,gov_effect,0.039291806658248246,True,Optimization terminated successfully
country,273,True,True,False,gov_effect,0.04100211739605481,True,Optimization terminated successfully
country,274,True,True,False,gov_effect,0.05964989409090585,True,Optimization terminated successfully
country,275,True,True,False,gov_effect,0.03406817484863919,True,Optimization terminated successfully
country,276,True,True,False,gov_effect;child_surv_12_r,0.04149248628512031,True,Optimization terminated successfully
country,277,True,True,False,child_surv_12_r,0.03128194896066786,True,Optimization terminated successfully
country,278,True,True,False,gov_effect,0.04270734876860894,True,Optimization terminated successfully
country,279,True,True,False,gov_effect,0.043247012908024636,True,Optimization terminated successfully
country,280,True,True,False,gov_effect,0.0445227436006721,True,Optimization terminated successfully
country,281,True,True,False,gov_effect,0.03828820822477771,True,Optimization terminated successfully
country,282,True,True,False,gov_effect,0.037549795954257566,True,Optimization terminated successfully
country,283,True,True,False,gov_effect,0.04336758576232746,True,Optimization terminated successfully
country,284,True,True,False,gov_effect;child_surv_12_r,0.04336042342477886,True,Optimization terminated successfully
country,285,True,True,False,gov_effect,0.04074948880699776,True,Optimization terminated successfully
country,286,True,True,False,gov_effect,0.035583078065244335,True,Optimization terminated successfully
country,287,True,True,False,child_surv_12_r,0.0488506999884755,True,Optimization terminated successfully
country,288,True,True,False,gov_effect,0.03649270825236726,True,Optimization terminated successfully
country,289,True,True,False,gov_effect;child_surv_12_r,0.04918401173033944,True,Optimization terminated successfully
country,290,True,True,False,gov_effect,0.045261037402832084,True,Optimization terminated successfully
country,291,True,True,False,gov_effect,0.045393868375641216,True,Optimization terminated successfully
country,292,True,True,False,,0.050078645662432995,True,Optimization terminated successfully
country,293,True,True,False,gov_effect,0.03185327131081532,True,Optimization terminated successfully
country,294,True,True,False,g_gni,0.039384004308416466,True,Optimization terminated successfully
country,295,True,True,False,gov_effect;child_surv_12_r,0.043030971831225145,True,Optimization terminated successfully
country,296,True,True,False,gov_effect,0.038202636070443344,True,Optimization terminated successfully
country,297,True,True,False,gov_effect,0.04386801266328581,True,Optimization terminated successfully
country,298,True,True,False,gov_effect,0.05986637014313857,True,Optimization terminated successfully
country,299,True,True,False,gov_effect,0.05038601797303619,True,Optimization terminated successfully
country,300,True,True,False,gov_effect,0.05028662480124429,True,Optimization terminated successfully
country,301,True,True,False,gov_effect;g_gdp,0.041965551793018065,True,Optimization terminated successfully
country,302,True,True,False,gov_effect,0.038748582603403525,True,Optimization terminated successfully
country,303,True,True,False,gov_effect,0.05082362593923503,True,Optimization terminated successfully
country,304,True,True,False,gov_effect,0.04176404212232807,True,Optimization terminated successfully
country,305,True,True,False,gov_effect,0.047632398395943916,True,Optimization terminated successfully
country,306,True,True,False,gov_effect;child_surv_12_r,0.044571450127165846,True,Optimization terminated successfully
country,307,True,True,False,gov_effect,0.026174034485524366,True,Optimization terminated successfully
country,308,True,True,False,gov_effect,0.04052520941521261,True,Optimization terminated successfully
country,309,True,True,False,gov_effect,0.027535505028043614,True,Optimization terminated successfully
country,310,True,True,False,gov_effect,0.033209415141687786,True,Optimization terminated successfully
country,311,True,True,False,gov_effect,0.04211828279104629,True,Optimization terminated successfully
country,312,True,True,False,gov_effect;child_surv_12_r,0.04968625090595612,True,Optimization terminated successfully
country,313,True,True,False,gov_effect,0.038890701510563896,True,Optimization terminated successfully
country,314,True,True,False,gov_effect,0.03870215401461785,True,Optimization terminated successfully
country,315,True,True,False,,0.03333079457171498,True,Optimization terminated successfully
country,316,True,True,False,gov_effect;child_surv_12_r,0.04221954471605697,True,Optimization terminated successfully
country,317,True,True,False,gov_effect,0.03949429216089751,True,Optimization terminated successfully
country,318,True,True,False,gov_effect,0.037958034960909375,True,Optimization terminated successfully
country,319,True,True,False,,0.029572803150133355,True,Optimization terminated successfully
country,320,True,True,False,gov_effect,0.047658061465139956,True,Optimization terminated successfully
country,321,True,True,False,gov_effect,0.033959737735414844,True,Optimization terminated successfully
country,322,True,True,False,gov_effect,0.035063015918922025,True,Optimization terminated successfully
country,323,True,True,False,gov_effect,0.04143593151005523,True,Optimization terminated successfully
country,324,True,True,False,gov_effect,0.029279809942802597,True,Optimization terminated successfully
country,325,True,True,False,gov_effect,0.043370407238207266,True,Optimization terminated successfully
country,326,True,True,False,gov_effect;child_surv_12_r,0.041737978185796984,True,Optimization terminated successfully
country,327,True,True,False,gov_effect,0.04471597465950139,True,Optimization terminated successfully
country,328,True,True,False,gov_effect,0.03325725948714292,True,Optimization terminated successfully
country,329,True,True,False,gov_effect,0.03993661072449637,True,Optimization terminated successfully
country,330,True,True,False,,0.03595080797576279,True,Optimization terminated successfully
country,331,True,True,False,gov_effect,0.052463062909020815,True,Optimization terminated successfully
country,332,True,True,False,gov_effect,0.03711877141330445,True,Optimization terminated successfully
country,333,True,True,False,,0.02208541570857832,True,Optimization terminated successfully
country,334,True,True,False,gov_effect,0.04382970043457364,True,Optimization terminated successfully
country,335,True,True,False,gov_effect,0.03585188507561647,True,Optimization terminated successfully
country,336,True,True,False,gov_effect,0.048313005377282815,True,Optimization terminated successfully
country,337,True,True,False,,0.04455247516422865,True,Optimization terminated successfully
country,338,True,True,False,gov_effect,0.05300669862319821,True,Optimization terminated successfully
country,339,True,True,False,gov_effect,0.04022712200434371,True,Optimization terminated successfully
country,340,True,True,False,gov_effect;child_surv_12_r,0.040271730835983274,True,Optimization terminated successfully
country,341,True,True,False,gov_effect;child_surv_12_r,0.03437170560204736,True,Optimization terminated successfully
country,342,True,True,False,gov_effect,0.04389033341794117,True,Optimization terminated successfully
country,343,True,True,False,gov_effect,0.03634879276855163,True,Optimization terminated successfully
country,344,True,True,False,gov_effect,0.05112571124745738,True,Optimization terminated successfully
country,345,True,True,False,,0.03279365721401548,True,Optimization terminated successfully
country,346,True,True,False,gov_effect,0.034714889330578466,True,Optimization terminated successfully
country,347,True,True,False,,0.03326532406582655,True,Optimization terminated successfully
country,348,True,True,False,gov_effect,0.04571678398427649,True,Optimization terminated successfully
country,349,True,True,False,gov_effect;child_surv_12_r,0.03953724280911788,True,Optimization terminated successfully
country,350,True,True,False,gov_effect,0.04135596630762919,True,Optimization terminated successfully
country,351,True,True,False,child_surv_12_r,0.04573656544937248,True,Optimization terminated successfully
country,352,True,True,False,gov_effect,0.045307362040475085,True,Optimization terminated successfully
country,353,True,True,False,gov_effect,0.038387673810263395,True,Optimization terminated successfully
country,354,True,True,False,child_surv_12_r,0.03659201970378122,True,Optimization terminated successfully
country,355,True,True,False,gov_effect,0.04114944705855475,True,Optimization terminated successfully
country,356,True,True,False,gov_effect,0.03686638945554202,True,Optimization terminated successfully
country,357,True,True,False,gov_effect,0.04606670246858166,True,Optimization terminated successfully
country,358,True,True,False,gov_effect,0.03599689631093076,True,Optimization terminated successfully
country,359,True,True,False,gov_effect,0.053821601939430024,True,Optimization terminated successfully
country,360,True,True,False,gov_effect,0.03137868831709925,True,Optimization terminated successfully
country,361,True,True,False,gov_effect;child_surv_12_r,0.03988293964554618,True,Optimization terminated successfully
country,362,True,True,False,gov_effect,0.03078480099266773,True,Optimization terminated successfully
country,363,True,True,False,gov_effect;child_surv_12_r,0.04642392385458798,True,Optimization terminated successfully
country,364,True,True,False,gov_effect,0.04214679270111692,True,Optimization terminated successfully
country,365,True,True,False,gov_effect,0.03614765540616195,True,Optimization terminated successfully
country,366,True,True,False,gov_effect,0.038141248195962735,True,Optimization terminated successfully
country,367,True,True,False,gov_effect,0.04527924317243616,True,Optimization terminated successfully
country,368,True,True,False,gov_effect,0.03298224053858087,True,Optimization terminated successfully
country,369,True,True,False,,0.03430695752190429,True,Optimization terminated successfully
country,370,True,True,False,,0.03125483383146375,True,Optimization terminated successfully
country,371,True,True,False,gov_effect,0.05229393291864468,True,Optimization terminated successfully
country,372,True,True,False,gov_effect,0.03525431212561609,True,Optimization terminated successfully
country,373,True,True,False,gov_effect,0.04442415196031017,True,Optimization terminated successfully
country,374,True,True,False,gov_effect,0.04855860272377905,True,Optimization terminated successfully
country,375,True,True,False,gov_effect;g_gdp,0.046744750400501384,True,Optimization terminated successfully
country,376,True,True,False,gov_effect,0.04581144079758392,True,Optimization terminated successfully
country,377,True,True,False,gov_effect;child_surv_12_r,0.042612684395442996,True,Optimization terminated successfully
country,378,True,True,False,gov_effect,0.04635100159387344,True,Optimization terminated successfully
country,379,True,True,False,gov_effect,0.0498909154231202,True,Optimization terminated successfully
country,380,True,True,False,gov_effect;child_surv_12_r,0.04617793237360607,True,Optimization terminated successfully
country,381,True,True,False,gov_effect,0.04480960199799796,True,Optimization terminated successfully
country,382,True,True,False,,0.03864247121424057,True,Optimization terminated successfully
country,383,True,True,False,gov_effect,0.05402196530430635,True,Optimization terminated successfully
country,384,True,True,False,gov_effect;child_surv_12_r,0.05043195128333125,True,Optimization terminated successfully
country,385,True,True,False,gov_effect;g_gni,0.041437032025502835,True,Optimization terminated successfully
country,386,True,True,False,gov_effect,0.04193434072046508,True,Optimization terminated successfully
country,387,True,True,False,gov_effect,0.04787658160978479,True,Optimization terminated successfully
country,388,True,True,False,,0.03537404812050166,True,Optimization terminated successfully
country,389,True,True,False,gov_effect,0.03840466157631057,True,Optimization terminated successfully
country,390,True,True,False,child_surv_12_r,0.03481396742569077,True,Optimization terminated successfully
country,391,True,True,False,gov_effect,0.05295587548532367,True,Optimization terminated successfully
country,392,True,True,False,gov_effect;g_gdp,0.04065624964034177,True,Optimization terminated successfully
country,393,True,True,False,gov_effect,0.044447187487063035,True,Optimization terminated successfully
country,394,True,True,False,gov_effect,0.042326673605083576,True,Optimization terminated successfully
country,395,True,True,False,,0.03243729867351641,True,Optimization terminated successfully
country,396,True,True,False,gov_effect,0.03996790854245563,True,Optimization terminated successfully
country,397,True,True,False,,0.029527333834743864,True,Optimization terminated successfully
country,398,True,True,False,gov_effect,0.04914579399785714,True,Optimization terminated successfully
country,399,True,True,False,gov_effect,0.04401507996426331,True,Optimization terminated successfully
country,400,True,True,False,gov_effect,0.0404177330832966,True,Optimization terminated successfully
country,401,True,True,False,gov_effect,0.048200079047854755,True,Optimization terminated successfully
country,402,True,True,False,gov_effect,0.04782803882417951,True,Optimization terminated successfully
country,403,True,True,False,,0.0438494484968881,True,Optimization terminated successfully
country,404,True,True,False,gov_effect;life_exp_12_r,0.04811339584544353,True,Optimization terminated successfully
country,405,True,True,False,gov_effect,0.038348310508019845,True,Optimization terminated successfully
country,406,True,True,False,gov_effect,0.03412146042753161,True,Optimization terminated successfully
country,407,True,True,False,gov_effect,0.04943851143781144,True,Optimization terminated successfully
country,408,True,True,False,gov_effect,0.030704406182068475,True,Optimization terminated successfully
country,409,True,True,False,gov_effect,0.04846859691110463,True,Optimization terminated successfully
country,410,True,True,False,gov_effect;child_surv_12_r,0.04074919097656931,True,Optimization terminated successfully
country,411,True,True,False,gov_effect,0.041516997910080185,True,Optimization terminated successfully
country,412,True,True,False,gov_effect,0.04600360294372449,True,Optimization terminated successfully
country,413,True,True,False,gov_effect;child_surv_12_r,0.061538498484559216,True,Optimization terminated successfully
country,414,True,True,False,gov_effect,0.04532292601830448,True,Optimization terminated successfully
country,415,True,True,False,gov_effect,0.03764900262048039,True,Optimization terminated successfully
country,416,True,True,False,gov_effect,0.044755891218032175,True,Optimization terminated successfully
country,417,True,True,False,gov_effect,0.037777591910941204,True,Optimization terminated successfully
country,418,True,True,False,gov_effect,0.044730701554700616,True,Optimization terminated successfully
country,419,True,True,False,gov_effect,0.029326673810980804,True,Optimization terminated successfully
country,420,True,True,False,gov_effect,0.042948182934662356,True,Optimization terminated successfully
country,421,True,True,False,gov_effect,0.03849877747850823,True,Optimization terminated successfully
country,422,True,True,False,gov_effect,0.036587127236480596,True,Optimization terminated successfully
country,423,True,True,False,,0.031184316286075812,True,Optimization terminated successfully
country,424,True,True,False,gov_effect;child_surv_12_r,0.03854261525292679,True,Optimization terminated successfully
country,425,True,True,False,gov_effect,0.04359077897427692,True,Optimization terminated successfully
country,426,True,True,False,gov_effect,0.03703720079283562,True,Optimization terminated successfully
country,427,True,True,False,gov_effect,0.04749683047369343,True,Optimization terminated successfully
country,428,True,True,False,gov_effect,0.03666677511241645,True,Optimization terminated successfully
country,429,True,True,False,gov_effect,0.040000373648650965,True,Optimization terminated successfully
country,430,True,True,False,gov_effect,0.0520878771328974,True,Optimization terminated successfully
country,431,True,True,False,gov_effect,0.041805198836465836,True,Optimization terminated successfully
country,432,True,True,False,gov_effect,0.0372854423400668,True,Optimization terminated successfully
country,433,True,True,False,gov_effect,0.043199035569908284,True,Optimization terminated successfully
country,434,True,True,False,gov_effect,0.04426529400662515,True,Optimization terminated successfully
country,435,True,True,False,gov_effect;child_surv_12_r,0.04748042787299596,True,Optimization terminated successfully
country,436,True,True,False,gov_effect,0.045596189893466504,True,Optimization terminated successfully
country,437,True,True,False,gov_effect,0.04196955922799828,True,Optimization terminated successfully
country,438,True,True,False,gov_effect,0.03824307113202987,True,Optimization terminated successfully
country,439,True,True,False,gov_effect,0.04237667666903122,True,Optimization terminated successfully
country,440,True,True,False,gov_effect,0.04663692768016593,True,Optimization terminated successfully
country,441,True,True,False,gov_effect,0.03074997261008548,True,Optimization terminated successfully
country,442,True,True,False,,0.0500576523681544,True,Optimization terminated successfully
country,443,True,True,False,gov_effect,0.04988207520424587,True,Optimization terminated successfully
country,444,True,True,False,gov_effect,0.056482252956121824,True,Optimization terminated successfully
country,445,True,True,False,gov_effect,0.03255731782834609,True,Optimization terminated successfully
country,446,True,True,False,gov_effect,0.04542190108032682,True,Optimization terminated successfully
country,447,True,True,False,gov_effect;g_gni,0.031774052767459385,True,Optimization terminated successfully
country,448,True,True,False,,0.05123215319130512,True,Optimization terminated successfully
country,449,True,True,False,gov_effect,0.03359788007181822,True,Optimization terminated successfully
country,450,True,True,False,gov_effect,0.03965375914416116,True,Optimization terminated successfully
country,451,True,True,False,,0.03640984820058904,True,Optimization terminated successfully
country,452,True,True,False,gov_effect;child_surv_12_r,0.04772219057042262,True,Optimization terminated successfully
country,453,True,True,False,gov_effect,0.03587244547949528,True,Optimization terminated successfully
country,454,True,True,False,gov_effect,0.04100387386004983,True,Optimization terminated successfully
country,455,True,True,False,gov_effect,0.03377997635268424,True,Optimization terminated successfully
country,456,True,True,False,,0.031597323670414165,True,Optimization terminated successfully
country,457,True,True,False,gov_effect,0.04149137578020548,True,Optimization terminated successfully
country,458,True,True,False,gov_effect,0.03917792263208669,True,Optimization terminated successfully
country,459,True,True,False,gov_effect,0.02895234379517472,True,Optimization terminated successfully
country,460,True,True,False,gov_effect;child_surv_12_r,0.04811457787012968,True,Optimization terminated successfully
country,461,True,True,False,gov_effect,0.045262071748990426,True,Optimization terminated successfully
country,462,True,True,False,gov_effect,0.052412468651933664,True,Optimization terminated successfully
country,463,True,True,False,gov_effect,0.04199468672534864,True,Optimization terminated successfully
country,464,True,True,False,,0.04353172231289831,True,Optimization terminated successfully
country,465,True,True,False,gov_effect,0.0357524365889379,True,Optimization terminated successfully
country,466,True,True,False,gov_effect,0.0328822383459781,True,Optimization terminated successfully
country,467,True,True,False,gov_effect;child_surv_12_r,0.03800198671171631,True,Optimization terminated successfully
country,468,True,True,False,gov_effect;child_surv_12_r,0.03617052685200807,True,Optimization terminated successfully
country,469,True,True,False,,0.038010996155085276,True,Optimization terminated successfully
country,470,True,True,False,gov_effect,0.04635973232080763,True,Optimization terminated successfully
country,471,True,True,False,child_surv_12_r,0.03594523601406604,True,Optimization terminated successfully
country,472,True,True,False,gov_effect,0.04847488693187154,True,Optimization terminated successfully
country,473,True,True,False,gov_effect,0.035239656605356905,True,Optimization terminated successfully
country,474,True,True,False,gov_effect;child_surv_12_r,0.040997729482958566,True,Optimization terminated successfully
country,475,True,True,False,gov_effect,0.0493764997050797,True,Optimization terminated successfully
country,476,True,True,False,gov_effect,0.05378663347256523,True,Optimization terminated successfully
country,477,True,True,False,gov_effect,0.04054922876444516,True,Optimization terminated successfully
country,478,True,True,False,gov_effect,0.04383606278232307,True,Optimization terminated successfully
country,479,True,True,False,,0.0495431951843003,True,Optimization terminated successfully
country,480,True,True,False,gov_effect,0.044335726556357334,True,Optimization terminated successfully
country,481,True,True,False,gov_effect,0.04676290914533132,True,Optimization terminated successfully
country,482,True,True,False,gov_effect,0.055379182160573935,True,Optimization terminated successfully
country,483,True,True,False,gov_effect,0.04530281295065024,True,Optimization terminated successfully
country,484,True,True,False,gov_effect,0.047294065714160075,True,Optimization terminated successfully
country,485,True,True,False,gov_effect,0.0453050623150411,True,Optimization terminated successfully
country,486,True,True,False,gov_effect,0.044790491975474814,True,Optimization terminated successfully
country,487,True,True,False,gov_effect,0.037987792285313786,True,Optimization terminated successfully
country,488,True,True,False,gov_effect,0.045694398468134126,True,Optimization terminated successfully
country,489,True,True,False,gov_effect,0.03483380996601026,True,Optimization terminated successfully
country,490,True,True,False,gov_effect,0.045418043938458184,True,Optimization terminated successfully
country,491,True,True,False,gov_effect,0.04661428827410478,True,Optimization terminated successfully
country,492,True,True,False,gov_effect,0.03580942899229834,True,Optimization terminated successfully
country,493,True,True,False,,0.027109906552315977,True,Optimization terminated successfully
country,494,True,True,False,gov_effect,0.049998218367661586,True,Optimization terminated successfully
country,495,True,True,False,gov_effect,0.04455694712998157,True,Optimization terminated successfully
country,496,True,True,False,gov_effect,0.03028726992671068,True,Optimization terminated successfully
country,497,True,True,False,gov_effect,0.042550312114512476,True,Optimization terminated successfully
country,498,True,True,False,gov_effect;g_gni,0.04039873302863175,True,Optimization terminated successfully
country,499,True,True,False,child_surv_12_r,0.04715687836567921,True,Optimization terminated successfully
country,500,True,True,False,gov_effect,0.02692117337537755,True,Optimization terminated successfully
country,501,True,True,False,gov_effect;child_surv_12_r,0.04651819175075774,True,Optimization terminated successfully
country,502,True,True,False,gov_effect;child_surv_12_r,0.03808903699495303,True,Optimization terminated successfully
country,503,True,True,False,gov_effect;child_surv_12_r,0.04035827736353904,True,Optimization terminated successfully
country,504,True,True,False,gov_effect,0.043389100698860525,True,Optimization terminated successfully
country,505,True,True,False,gov_effect,0.04766435924272744,True,Optimization terminated successfully
country,506,True,True,False,g_gni,0.03438553888011578,True,Optimization terminated successfully
country,507,True,True,False,gov_effect;child_surv_12_r,0.03352592079672798,True,Optimization terminated successfully
country,508,True,True,False,gov_effect,0.053627817947217944,True,Optimization terminated successfully
country,509,True,True,False,gov_effect,0.0299959117961546,True,Optimization terminated successfully
country,510,True,True,False,gov_effect;child_surv_12_r,0.045895206488717324,True,Optimization terminated successfully
country,511,True,True,False,,0.04378514705553882,True,Optimization terminated successfully
country,512,True,True,False,gov_effect,0.03762090707193682,True,Optimization terminated successfully
country,513,True,True,False,gov_effect,0.029135173793271345,True,Optimization terminated successfully
country,514,True,True,False,gov_effect,0.04927811961849159,True,Optimization terminated successfully
country,515,True,True,False,gov_effect,0.040874967998413295,True,Optimization terminated successfully
country,516,True,True,False,gov_effect,0.036714506904170455,True,Optimization terminated successfully
country,517,True,True,False,gov_effect,0.0389491887431728,True,Optimization terminated successfully
country,518,True,True,False,gov_effect,0.030637117634218194,True,Optimization terminated successfully
country,519,True,True,False,gov_effect,0.03829541153209638,True,Optimization terminated successfully
country,520,True,True,False,gov_effect,0.03294179958750277,True,Optimization terminated successfully
country,521,True,True,False,gov_effect;child_surv_12_r,0.03199681767008419,True,Optimization terminated successfully
country,522,True,True,False,gov_effect,0.03955556731129817,True,Optimization terminated successfully
country,523,True,True,False,gov_effect,0.04769259689038685,True,Optimization terminated successfully
country,524,True,True,False,gov_effect,0.04400505341564062,True,Optimization terminated successfully
country,525,True,True,False,g_gdp,0.029739619531237948,True,Optimization terminated successfully
country,526,True,True,False,gov_effect,0.032754746656148206,True,Optimization terminated successfully
country,527,True,True,False,,0.049269180380208756,True,Optimization terminated successfully
country,528,True,True,False,gov_effect,0.04040320405623082,True,Optimization terminated successfully
country,529,True,True,False,gov_effect,0.048417446093529375,True,Optimization terminated successfully
country,530,True,True,False,gov_effect;child_surv_12_r,0.04775574630408604,True,Optimization terminated successfully
country,531,True,True,False,gov_effect,0.04485008676107143,True,Optimization terminated successfully
country,532,True,True,False,gov_effect,0.0383271995699485,True,Optimization terminated successfully
country,533,True,True,False,gov_effect,0.04635912226978016,True,Optimization terminated successfully
country,534,True,True,False,gov_effect,0.03613918270292926,True,Optimization terminated successfully
country,535,True,True,False,gov_effect,0.04384452993297102,True,Optimization terminated successfully
country,536,True,True,False,gov_effect;g_gdp,0.035915129343139535,True,Optimization terminated successfully
country,537,True,True,False,gov_effect,0.040195559972977524,True,Optimization terminated successfully
country,538,True,True,False,gov_effect,0.048171214721221545,True,Optimization terminated successfully
country,539,True,True,False,gov_effect,0.04129127799450017,True,Optimization terminated successfully
country,540,True,True,False,gov_effect,0.041460441746974,True,Optimization terminated successfully
country,541,True,True,False,gov_effect,0.029110236086262845,True,Optimization terminated successfully
country,542,True,True,False,gov_effect,0.04349237139259319,True,Optimization terminated successfully
country,543,True,True,False,gov_effect,0.03472328040620603,True,Optimization terminated successfully
country,544,True,True,False,gov_effect,0.041914675865218895,True,Optimization terminated successfully
country,545,True,True,False,gov_effect,0.041244251421858884,True,Optimization terminated successfully
country,546,True,True,False,gov_effect;child_surv_12_r,0.04633770824641747,True,Optimization terminated successfully
country,547,True,True,False,gov_effect,0.0437141897240015,True,Optimization terminated successfully
country,548,True,True,False,,0.05234391514821895,True,Optimization terminated successfully
country,549,True,True,False,gov_effect,0.03587024413293265,True,Optimization terminated successfully
country,550,True,True,False,gov_effect,0.04596937909207904,True,Optimization terminated successfully
country,551,True,True,False,gov_effect,0.051797725517557416,True,Optimization terminated successfully
country,552,True,True,False,gov_effect,0.03358678216944088,True,Optimization terminated successfully
country,553,True,True,False,gov_effect,0.04734707968611062,True,Optimization terminated successfully
country,554,True,True,False,,0.0439637952297267,True,Optimization terminated successfully
country,555,True,True,False,gov_effect,0.047193144192788396,True,Optimization terminated successfully
country,556,True,True,False,,0.04875389161306993,True,Optimization terminated successfully
country,557,True,True,False,gov_effect,0.04901810449574616,True,Optimization terminated successfully
country,558,True,True,False,gov_effect,0.04294203978738221,True,Optimization terminated successfully
country,559,True,True,False,gov_effect,0.039978189117535444,True,Optimization terminated successfully
country,560,True,True,False,gov_effect,0.05469395497878985,True,Optimization terminated successfully
country,561,True,True,False,,0.037276767625939,True,Optimization terminated successfully
country,562,True,True,False,gov_effect,0.03512174160919841,True,Optimization terminated successfully
country,563,True,True,False,child_surv_12_r,0.04939112001364842,True,Optimization terminated successfully
country,564,True,True,False,gov_effect;child_surv_12_r,0.052296781567564676,True,Optimization terminated successfully
country,565,True,True,False,gov_effect;child_surv_12_r,0.046091230594903665,True,Optimization terminated successfully
country,566,True,True,False,gov_effect,0.05490855426401925,True,Optimization terminated successfully
country,567,True,True,False,gov_effect,0.04192019352246437,True,Optimization terminated successfully
country,568,True,True,False,gov_effect;child_surv_12_r,0.04840606582999865,True,Optimization terminated successfully
country,569,True,True,False,gov_effect;g_gni,0.037231116096924415,True,Optimization terminated successfully
country,570,True,True,False,,0.02920119624774258,True,Optimization terminated successfully
country,571,True,True,False,gov_effect,0.044615501632897805,True,Optimization terminated successfully
country,572,True,True,False,gov_effect,0.04186684090675603,True,Optimization terminated successfully
country,573,True,True,False,gov_effect,0.042512886962655184,True,Optimization terminated successfully
country,574,True,True,False,gov_effect,0.032693530947920595,True,Optimization terminated successfully
country,575,True,True,False,gov_effect,0.044174147784473754,True,Optimization terminated successfully
country,576,True,True,False,child_surv_12_r,0.022467340784670442,True,Optimization terminated successfully
country,577,True,True,False,gov_effect,0.04561364311849081,True,Optimization terminated successfully
country,578,True,True,False,child_surv_12_r,0.031081161770531742,True,Optimization terminated successfully
country,579,True,True,False,gov_effect,0.04882620165793287,True,Optimization terminated successfully
country,580,True,True,False,,0.045417073693577434,True,Optimization terminated successfully
country,581,True,True,False,gov_effect,0.03747802344705033,True,Optimization terminated successfully
country,582,True,True,False,gov_effect,0.050664922975767905,True,Optimization terminated successfully
country,583,True,True,False,gov_effect,0.04729045609168439,True,Optimization terminated successfully
country,584,True,True,False,gov_effect,0.037393158899139474,True,Optimization terminated successfully
country,585,True,True,False,gov_effect,0.03807395002719988,True,Optimization terminated successfully
country,586,True,True,False,,0.03954140201438939,True,Optimization terminated successfully
country,587,True,True,False,,0.04134141509685995,True,Optimization terminated successfully
country,588,True,True,False,gov_effect,0.04430533422125415,True,Optimization terminated successfully
country,589,True,True,False,gov_effect;child_surv_12_r,0.04645299143505452,True,Optimization terminated successfully
country,590,True,True,False,gov_effect,0.03596620509065919,True,Optimization terminated successfully
country,591,True,True,False,gov_effect,0.054050043099116235,True,Optimization terminated successfully
country,592,True,True,False,gov_effect,0.04699204420898733,True,Optimization terminated successfully
country,593,True,True,False,gov_effect,0.044574224373365307,True,Optimization terminated successfully
country,594,True,True,False,gov_effect,0.04900299073319846,True,Optimization terminated successfully
country,595,True,True,False,gov_effect,0.03033654185106805,True,Optimization terminated successfully
country,596,True,True,False,,0.03875830615799827,True,Optimization terminated successfully
country,597,True,True,False,gov_effect,0.046615801038585494,True,Optimization terminated successfully
country,598,True,True,False,gov_effect;child_surv_12_r,0.041262782719240915,True,Optimization terminated successfully
country,599,True,True,False,gov_effect,0.03348509636686764,True,Optimization terminated successfully
pref-health,-1,True,True,False,tax_income,0.08860043574598482,True,Optimization terminated successfully
pref-health,0,True,True,False,tax_income,0.08551171287294301,True,Optimization terminated successfully
pref-health,1,True,True,False,tax_income,0.04905059876951273,True,Optimization terminated successfully
pref-health,2,True,True,False,,0.027735862495015688,True,Optimization terminated successfully
pref-health,3,True,True,False,nurses,0.04796189719740764,True,Optimization terminated successfully
pref-health,4,True,True,False,tax_income,0.09144713344480734,True,Optimization terminated successfully
pref-health,5,True,True,False,tax_income,0.060067532653892024,True,Optimization terminated successfully
pref-health,6,True,True,False,tax_income,0.06758627540105935,True,Optimization terminated successfully
pref-health,7,True,True,False,tax_income,0.08509775304673509,True,Optimization terminated successfully
pref-health,8,True,True,False,,0.038256150234578006,True,Optimization terminated successfully
pref-health,9,True,True,False,nurses;tax_income,0.03993926449853503,True,Optimization terminated successfully
pref-health,10,True,True,False,tax_income,0.08057116200988099,True,Optimization terminated successfully
pref-health,11,True,True,False,,0.06029233306568903,True,Optimization terminated successfully
pref-health,12,True,True,False,tax_income,0.07235031898839468,True,Optimization terminated successfully
pref-health,13,True,True,False,,0.08911052469487134,True,Optimization terminated successfully
pref-health,14,True,True,False,nurses,0.04922462928191716,True,Optimization terminated successfully
pref-health,15,True,True,False,tax_income,0.044277393535959254,True,Optimization terminated successfully
pref-health,16,True,True,False,,0.07306744414962478,True,Optimization terminated successfully
pref-health,17,True,True,False,nurses;tax_income,0.04038948200943063,True,Optimization terminated successfully
pref-health,18,True,True,False,,0.029861287319649737,True,Optimization terminated successfully
pref-health,19,True,True,False,tax_income,0.06131392771318859,True,Optimization terminated successfully
pref-health,20,True,True,False,,0.05450554777328009,True,Optimization terminated successfully
pref-health,21,True,True,False,tax_income,0.061068209825650886,True,Optimization terminated successfully
pref-health,22,True,True,False,tax_income,0.044158502659028175,True,Optimization terminated successfully
pref-health,23,True,True,False,tax_income,0.026687083815500705,True,Optimization terminated successfully
pref-health,24,True,True,False,nurses;tax_income,0.03908351403516496,True,Optimization terminated successfully
pref-health,25,True,True,False,,0.04248118142921118,True,Optimization terminated successfully
pref-health,26,True,True,False,nurses;tax_income,0.039990591971468786,True,Optimization terminated successfully
pref-health,27,True,True,False,,0.04655590463665657,True,Optimization terminated successfully
pref-health,28,True,True,False,nurses,0.025437765330078087,True,Optimization terminated successfully
pref-health,29,True,True,False,tax_income,0.08230607470201735,True,Optimization terminated successfully
pref-health,30,True,True,False,tax_income,0.07812204111652318,True,Optimization terminated successfully
pref-health,31,True,True,False,tax_income,0.044195391786735816,True,Optimization terminated successfully
pref-health,32,True,True,False,,0.07635372718677054,True,Optimization terminated successfully
pref-health,33,True,True,False,nurses,0.04156108013743401,True,Optimization terminated successfully
pref-health,34,True,True,False,,0.03948006185984442,True,Optimization terminated successfully
pref-health,35,True,True,False,,0.05751158026138019,True,Optimization terminated successfully
pref-health,36,True,True,False,tax_income,0.05336298641580525,True,Optimization terminated successfully
pref-health,37,True,True,False,,0.03769374225673219,True,Optimization terminated successfully
pref-health,38,True,True,False,,0.08126568540251791,True,Optimization terminated successfully
pref-health,39,True,True,False,tax_income,0.07616666104485396,True,Optimization terminated successfully
pref-health,40,True,True,False,tax_income,0.06679403237317313,True,Optimization terminated successfully
pref-health,41,True,True,False,,0.09076059973891627,True,Optimization terminated successfully
pref-health,42,True,True,False,tax_income,0.0739646938791492,True,Optimization terminated successfully
pref-health,43,True,True,False,tax_income,0.07879896381015034,True,Optimization terminated successfully
pref-health,44,True,True,False,tax_income,0.06137560348657676,True,Optimization terminated successfully
pref-health,45,True,True,False,tax_income,0.04525218166419173,True,Optimization terminated successfully
pref-health,46,True,True,False,tax_income,0.08681298644421749,True,Optimization terminated successfully
pref-health,47,True,True,False,tax_income,0.06593366754564822,True,Optimization terminated successfully
pref-health,48,True,True,False,tax_income,0.08507602224055631,True,Optimization terminated successfully
pref-health,49,True,True,False,nurses;tax_income,0.05631934359906911,True,Optimization terminated successfully
pref-health,50,True,True,False,tax_income,0.09304982740881444,True,Optimization terminated successfully
pref-health,51,True,True,False,,0.051095414944757514,True,Optimization terminated successfully
pref-health,52,True,True,False,tax_income,0.040216563358613185,True,Optimization terminated successfully
pref-health,53,True,True,False,tax_income,0.10030133908177429,True,Optimization terminated successfully
pref-health,54,True,True,False,tax_income,0.06731496755293682,True,Optimization terminated successfully
pref-health,55,True,True,False,,0.061215743035226255,True,Optimization terminated successfully
pref-health,56,True,True,False,nurses,0.033452130237255726,True,Optimization terminated successfully
pref-health,57,True,True,False,tax_income,0.062383427128178015,True,Optimization terminated successfully
pref-health,58,True,True,False,,0.05855437768025891,True,Optimization terminated successfully
pref-health,59,True,True,False,tax_income,0.023220991191795073,True,Optimization terminated successfully
pref-health,60,True,True,False,,0.09641511241047131,True,Optimization terminated successfully
pref-health,61,True,True,False,,0.0621782422675643,True,Optimization terminated successfully
pref-health,62,True,True,False,,0.06542081790871172,True,Optimization terminated successfully
pref-health,63,True,True,False,tax_income,0.08725721862036559,True,Optimization terminated successfully
pref-health,64,True,True,False,,0.05698505967457311,True,Optimization terminated successfully
pref-health,65,True,True,False,,0.06538724869158762,True,Optimization terminated successfully
pref-health,66,True,True,False,nurses,0.0465992349276189,True,Optimization terminated successfully
pref-health,67,True,True,False,,0.05746423536285934,True,Optimization terminated successfully
pref-health,68,True,True,False,tax_income,0.08205020671710635,True,Optimization terminated successfully
pref-health,69,True,True,False,nurses;tax_income,0.03600466995443125,True,Optimization terminated successfully
pref-health,70,True,True,False,,0.030368598809113984,True,Optimization terminated successfully
pref-health,71,True,True,False,nurses;tax_income,0.056906317909149115,True,Optimization terminated successfully
pref-health,72,True,True,False,tax_income,0.045118679645646836,True,Optimization terminated successfully
pref-health,73,True,True,False,nurses,0.04596205178455255,True,Optimization terminated successfully
pref-health,74,True,True,False,,0.09903742380256923,True,Optimization terminated successfully
pref-health,75,True,True,False,tax_income,0.05417317817379935,True,Optimization terminated successfully
pref-health,76,True,True,False,nurses,0.04087033853077032,True,Optimization terminated successfully
pref-health,77,True,True,False,tax_income,0.03530546168470618,True,Optimization terminated successfully
pref-health,78,True,True,False,,0.07708702915557747,True,Optimization terminated successfully
pref-health,79,True,True,False,nurses,0.03548778430601229,True,Optimization terminated successfully
pref-health,80,True,True,False,tax_income,0.050892705431346164,True,Optimization terminated successfully
pref-health,81,True,True,False,,0.08371558004709317,True,Optimization terminated successfully
pref-health,82,True,True,False,,0.07492195774599837,True,Optimization terminated successfully
pref-health,83,True,True,False,tax_income,0.06065649921179374,True,Optimization terminated successfully
pref-health,84,True,True,False,tax_income,0.04222659520764992,True,Optimization terminated successfully
pref-health,85,True,True,False,tax_income,0.049991349489445114,True,Optimization terminated successfully
pref-health,86,True,True,False,tax_income,0.04605802558490713,True,Optimization terminated successfully
pref-health,87,True,True,False,tax_income,0.048920374102603956,True,Optimization terminated successfully
pref-health,88,True,True,False,tax_income,0.07727975307343904,True,Optimization terminated successfully
pref-health,89,True,True,False,,0.07221572100286959,True,Optimization terminated successfully
pref-health,90,True,True,False,,0.06568211132302149,True,Optimization terminated successfully
pref-health,91,True,True,False,,0.06679387784664693,True,Optimization terminated successfully
pref-health,92,True,True,False,,0.07755494206778657,True,Optimization terminated successfully
pref-health,93,True,True,False,,0.04301678332069899,True,Optimization terminated successfully
pref-health,94,True,True,False,nurses;tax_income,0.04498126542397791,True,Optimization terminated successfully
pref-health,95,True,True,False,,0.05810425963360793,True,Optimization terminated successfully
pref-health,96,True,True,False,tax_income,0.08443691059104487,True,Optimization terminated successfully
pref-health,97,True,True,False,,0.05675858960369767,True,Optimization terminated successfully
pref-health,98,True,True,False,tax_income,0.0630282754987676,True,Optimization terminated successfully
pref-health,99,True,True,False,tax_income,0.03924387387612157,True,Optimization terminated successfully
pref-health,100,True,True,False,,0.07582073855257941,True,Optimization terminated successfully
pref-health,101,True,True,False,tax_income,0.05089251909681933,True,Optimization terminated successfully
pref-health,102,True,True,False,tax_income,0.08051858041224433,True,Optimization terminated successfully
pref-health,103,True,True,False,,0.0746740612550093,True,Optimization terminated successfully
pref-health,104,True,True,False,tax_income,0.05266194794799263,True,Optimization terminated successfully
pref-health,105,True,True,False,nurses,0.02951629901901555,True,Optimization terminated successfully
pref-health,106,True,True,False,tax_income,0.055418315819330405,True,Optimization terminated successfully
pref-health,107,True,True,False,nurses,0.058319231266037386,True,Optimization terminated successfully
pref-health,108,True,True,False,tax_income,0.052269607237451006,True,Optimization terminated successfully
pref-health,109,True,True,False,nurses,0.04745849262563356,True,Optimization terminated successfully
pref-health,110,True,True,False,,0.03889860571466709,True,Optimization terminated successfully
pref-health,111,True,True,False,tax_income,0.049757593293535844,True,Optimization terminated successfully
pref-health,112,True,True,False,tax_income,0.09226434302698884,True,Optimization terminated successfully
pref-health,113,True,True,False,tax_income,0.08007982986013355,True,Optimization terminated successfully
pref-health,114,True,True,False,tax_income,0.04966076696630737,True,Optimization terminated successfully
pref-health,115,True,True,False,tax_income,0.07053540417628051,True,Optimization terminated successfully
pref-health,116,True,True,False,,0.08279512176929758,True,Optimization terminated successfully
pref-health,117,True,True,False,tax_income,0.07111915871236578,True,Optimization terminated successfully
pref-health,118,True,True,False,tax_income,0.07373111228586031,True,Optimization terminated successfully
pref-health,119,True,True,False,,0.06953898641175041,True,Optimization terminated successfully
pref-health,120,True,True,False,,0.046770879933317286,True,Optimization terminated successfully
pref-health,121,True,True,False,tax_income,0.08152475640157228,True,Optimization terminated successfully
pref-health,122,True,True,False,,0.04355433964851028,True,Optimization terminated successfully
pref-health,123,True,True,False,,0.06098401724348118,True,Optimization terminated successfully
pref-health,124,True,True,False,,0.04904156036486183,True,Optimization terminated successfully
pref-health,125,True,True,False,nurses;tax_income,0.04171662172594186,True,Optimization terminated successfully
pref-health,126,True,True,False,,0.08264066101551808,True,Optimization terminated successfully
pref-health,127,True,True,False,tax_income,0.07607109517056758,True,Optimization terminated successfully
pref-health,128,True,True,False,,0.04240694601111708,True,Optimization terminated successfully
pref-health,129,True,True,False,,0.026936153795907036,True,Optimization terminated successfully
pref-health,130,True,True,False,tax_income,0.077470368132697,True,Optimization terminated successfully
pref-health,131,True,True,False,,0.03412964534543324,True,Optimization terminated successfully
pref-health,132,True,True,False,,0.08122473446366815,True,Optimization terminated successfully
pref-health,133,True,True,False,,0.04173435412527552,True,Optimization terminated successfully
pref-health,134,True,True,False,,0.07184556442147333,True,Optimization terminated successfully
pref-health,135,True,True,False,tax_income,0.046680373502635826,True,Optimization terminated successfully
pref-health,136,True,True,False,,0.0335433838550717,True,Optimization terminated successfully
pref-health,137,True,True,False,tax_income,0.0791673053636218,True,Optimization terminated successfully
pref-health,138,True,True,False,,0.036270372327858354,True,Optimization terminated successfully
pref-health,139,True,True,False,,0.05065625979573495,True,Optimization terminated successfully
pref-health,140,True,True,False,tax_income,0.07734891134099921,True,Optimization terminated successfully
pref-health,141,True,True,False,,0.03893255646260266,True,Optimization terminated successfully
pref-health,142,True,True,False,,0.08446940583678032,True,Optimization terminated successfully
pref-health,143,True,True,False,nurses;tax_income,0.04486703597556544,True,Optimization terminated successfully
pref-health,144,True,True,False,,0.0777470371344191,True,Optimization terminated successfully
pref-health,145,True,True,False,tax_income,0.02908925385035229,True,Optimization terminated successfully
pref-health,146,True,True,False,,0.06670503635746344,True,Optimization terminated successfully
pref-health,147,True,True,False,tax_income,0.07866594840214429,True,Optimization terminated successfully
pref-health,148,True,True,False,tax_income,0.07726992890462267,True,Optimization terminated successfully
pref-health,149,True,True,False,tax_income,0.07532604761123562,True,Optimization terminated successfully
pref-health,150,True,True,False,,0.0413098044169378,True,Optimization terminated successfully
pref-health,151,True,True,False,nurses,0.03906755123305317,True,Optimization terminated successfully
pref-health,152,True,True,False,nurses,0.04365027284984768,True,Optimization terminated successfully
pref-health,153,True,True,False,,0.09337116435811658,True,Optimization terminated successfully
pref-health,154,True,True,False,tax_income,0.07322567003726319,True,Optimization terminated successfully
pref-health,155,True,True,False,,0.07172541386345084,True,Optimization terminated successfully
pref-health,156,True,True,False,,0.08225568339020298,True,Optimization terminated successfully
pref-health,157,True,True,False,tax_income,0.06308147266793429,True,Optimization terminated successfully
pref-health,158,True,True,False,tax_income,0.03822072238046359,True,Optimization terminated successfully
pref-health,159,True,True,False,,0.048266849161911145,True,Optimization terminated successfully
pref-health,160,True,True,False,nurses;tax_income,0.026236212592162952,True,Optimization terminated successfully
pref-health,161,True,True,False,tax_income,0.086856579030507,True,Optimization terminated successfully
pref-health,162,True,True,False,,0.07810015539859452,True,Optimization terminated successfully
pref-health,163,True,True,False,tax_income,0.043818342892474174,True,Optimization terminated successfully
pref-health,164,True,True,False,tax_income,0.04279631368417237,True,Optimization terminated successfully
pref-health,165,True,True,False,,0.08760017706483299,True,Optimization terminated successfully
pref-health,166,True,True,False,tax_income,0.08729463418473687,True,Optimization terminated successfully
pref-health,167,True,True,False,tax_income,0.09361413903800543,True,Optimization terminated successfully
pref-health,168,True,True,False,nurses;tax_income,0.03921735478891991,True,Optimization terminated successfully
pref-health,169,True,True,False,,0.03368875074603262,True,Optimization terminated successfully
pref-health,170,True,True,False,tax_income,0.048742695291561215,True,Optimization terminated successfully
pref-health,171,True,True,False,nurses,0.04726809693564125,True,Optimization terminated successfully
pref-health,172,True,True,False,,0.0663674891504733,True,Optimization terminated successfully
pref-health,173,True,True,False,tax_income,0.10279014898992697,True,Optimization terminated successfully
pref-health,174,True,True,False,tax_income,0.05385593491576179,True,Optimization terminated successfully
pref-health,175,True,True,False,tax_income,0.061467235219956055,True,Optimization terminated successfully
pref-health,176,True,True,False,,0.04068815707650897,True,Optimization terminated successfully
pref-health,177,True,True,False,tax_income,0.0721898514774536,True,Optimization terminated successfully
pref-health,178,True,True,False,tax_income,0.06392586227869688,True,Optimization terminated successfully
pref-health,179,True,True,False,tax_income,0.08794935519422999,True,Optimization terminated successfully
pref-health,180,True,True,False,nurses;tax_income,0.03860414338238157,True,Optimization terminated successfully
pref-health,181,True,True,False,,0.05177263245957402,True,Optimization terminated successfully
pref-health,182,True,True,False,,0.0733960424057397,True,Optimization terminated successfully
pref-health,183,True,True,False,,0.06873354848250428,True,Optimization terminated successfully
pref-health,184,True,True,False,nurses,0.03427134329536899,True,Optimization terminated successfully
pref-health,185,True,True,False,,0.1186820446748666,True,Optimization terminated successfully
pref-health,186,True,True,False,,0.051856122286239016,True,Optimization terminated successfully
pref-health,187,True,True,False,,0.07879755750590099,True,Optimization terminated successfully
pref-health,188,True,True,False,tax_income,0.03965272380392765,True,Optimization terminated successfully
pref-health,189,True,True,False,tax_income,0.05521676821928216,True,Optimization terminated successfully
pref-health,190,True,True,False,tax_income,0.07188214465341196,True,Optimization terminated successfully
pref-health,191,True,True,False,,0.06476364497632624,True,Optimization terminated successfully
pref-health,192,True,True,False,tax_income,0.04424773453432572,True,Optimization terminated successfully
pref-health,193,True,True,False,tax_income,0.08039171834185559,True,Optimization terminated successfully
pref-health,194,True,True,False,tax_income,0.06600372198436918,True,Optimization terminated successfully
pref-health,195,True,True,False,tax_income,0.08455738612748823,True,Optimization terminated successfully
pref-health,196,True,True,False,,0.07781435253936078,True,Optimization terminated successfully
pref-health,197,True,True,False,tax_income,0.04948738775523329,True,Optimization terminated successfully
pref-health,198,True,True,False,tax_income,0.056911559899057176,True,Optimization terminated successfully
pref-health,199,True,True,False,tax_income,0.06865618181123055,True,Optimization terminated successfully
pref-health,200,True,True,False,,0.056288921082235835,True,Optimization terminated successfully
pref-health,201,True,True,False,tax_income,0.050468564763656625,True,Optimization terminated successfully
pref-health,202,True,True,False,,0.06502030033191172,True,Optimization terminated successfully
pref-health,203,True,True,False,,0.0746803550061472,True,Optimization terminated successfully
pref-health,204,True,True,False,,0.08475316703258776,True,Optimization terminated successfully
pref-health,205,True,True,False,,0.08644905930521733,True,Optimization terminated successfully
pref-health,206,True,True,False,tax_income,0.08267491882597297,True,Optimization terminated successfully
pref-health,207,True,True,False,tax_income,0.07511279555593023,True,Optimization terminated successfully
pref-health,208,True,True,False,tax_income,0.054423554235804084,True,Optimization terminated successfully
pref-health,209,True,True,False,,0.031787955456190585,True,Optimization terminated successfully
pref-health,210,True,True,False,tax_income,0.06760345112616044,True,Optimization terminated successfully
pref-health,211,True,True,False,nurses,0.03856997718811367,True,Optimization terminated successfully
pref-health,212,True,True,False,,0.06891694669715126,True,Optimization terminated successfully
pref-health,213,True,True,False,nurses;tax_income,0.04098539842848557,True,Optimization terminated successfully
pref-health,214,True,True,False,,0.07400793359665277,True,Optimization terminated successfully
pref-health,215,True,True,False,tax_income,0.08728749737910486,True,Optimization terminated successfully
pref-health,216,True,True,False,tax_income,0.050015639661843865,True,Optimization terminated successfully
pref-health,217,True,True,False,,0.05352236837995468,True,Optimization terminated successfully
pref-health,218,True,True,False,tax_income,0.08027717139615198,True,Optimization terminated successfully
pref-health,219,True,True,False,,0.05025068453613385,True,Optimization terminated successfully
pref-health,220,True,True,False,tax_income,0.06491047283929852,True,Optimization terminated successfully
pref-health,221,True,True,False,tax_income,0.07508362050882807,True,Optimization terminated successfully
pref-health,222,True,True,False,,0.06448105787146355,True,Optimization terminated successfully
pref-health,223,True,True,False,,0.06531879180623462,True,Optimization terminated successfully
pref-health,224,True,True,False,,0.05687855477908789,True,Optimization terminated successfully
pref-health,225,True,True,False,nurses;tax_income,0.045055127606081914,True,Optimization terminated successfully
pref-health,226,True,True,False,,0.0835716613082644,True,Optimization terminated successfully
pref-health,227,True,True,False,tax_income,0.08991963276674272,True,Optimization terminated successfully
pref-health,228,True,True,False,beds;tax_income,0.03025141544804281,True,Optimization terminated successfully
pref-health,229,True,True,False,nurses;tax_income,0.04699349934671897,True,Optimization terminated successfully
pref-health,230,True,True,False,nurses,0.038220931664144454,True,Optimization terminated successfully
pref-health,231,True,True,False,,0.06495748849642413,True,Optimization terminated successfully
pref-health,232,True,True,False,tax_income,0.0586170504780541,True,Optimization terminated successfully
pref-health,233,True,True,False,,0.04724401909228009,True,Optimization terminated successfully
pref-health,234,True,True,False,,0.07135759235586683,True,Optimization terminated successfully
pref-health,235,True,True,False,,0.05027439063027134,True,Optimization terminated successfully
pref-health,236,True,True,False,beds;tax_income,0.03739975567856954,True,Optimization terminated successfully
pref-health,237,True,True,False,,0.07561056892541254,True,Optimization terminated successfully
pref-health,238,True,True,False,tax_income,0.04743123370160841,True,Optimization terminated successfully
pref-health,239,True,True,False,tax_income,0.08670798133719002,True,Optimization terminated successfully
pref-health,240,True,True,False,tax_income,0.07670488568756464,True,Optimization terminated successfully
pref-health,241,True,True,False,tax_income,0.04168168805740127,True,Optimization terminated successfully
pref-health,242,True,True,False,tax_income,0.0762732797562226,True,Optimization terminated successfully
pref-health,243,True,True,False,tax_income,0.04050384627844324,True,Optimization terminated successfully
pref-health,244,True,True,False,,0.0589465533846467,True,Optimization terminated successfully
pref-health,245,True,True,False,,0.05839272400656842,True,Optimization terminated successfully
pref-health,246,True,True,False,,0.030117688437917383,True,Optimization terminated successfully
pref-health,247,True,True,False,,0.05109013442433312,True,Optimization terminated successfully
pref-health,248,True,True,False,,0.06463242013708562,True,Optimization terminated successfully
pref-health,249,True,True,False,tax_income,0.06883029196396376,True,Optimization terminated successfully
pref-health,250,True,True,False,tax_income,0.031531237946186536,True,Optimization terminated successfully
pref-health,251,True,True,False,tax_income,0.07198973293109588,True,Optimization terminated successfully
pref-health,252,True,True,False,,0.06626029614399025,True,Optimization terminated successfully
pref-health,253,True,True,False,,0.07183613104677251,True,Optimization terminated successfully
pref-health,254,True,True,False,,0.08438290224524259,True,Optimization terminated successfully
pref-health,255,True,True,False,,0.0739067777911931,True,Optimization terminated successfully
pref-health,256,True,True,False,tax_income,0.09399423019440437,True,Optimization terminated successfully
pref-health,257,True,True,False,tax_income,0.04238828592223141,True,Optimization terminated successfully
pref-health,258,True,True,False,,0.055410536069594354,True,Optimization terminated successfully
pref-health,259,True,True,False,tax_income,0.09726350059387723,True,Optimization terminated successfully
pref-health,260,True,True,False,tax_income,0.04453971021064625,True,Optimization terminated successfully
pref-health,261,True,True,False,,0.06136327979793218,True,Optimization terminated successfully
pref-health,262,True,True,False,nurses;tax_income,0.04319429188329672,True,Optimization terminated successfully
pref-health,263,True,True,False,tax_income,0.05815263471345607,True,Optimization terminated successfully
pref-health,264,True,True,False,,0.08105781422740443,True,Optimization terminated successfully
pref-health,265,True,True,False,,0.036708170990178784,True,Optimization terminated successfully
pref-health,266,True,True,False,tax_income,0.05578725188558113,True,Optimization terminated successfully
pref-health,267,True,True,False,tax_income,0.08203639137071607,True,Optimization terminated successfully
pref-health,268,True,True,False,tax_income,0.06527328327546347,True,Optimization terminated successfully
pref-health,269,True,True,False,,0.05669796957129019,True,Optimization terminated successfully
pref-health,270,True,True,False,nurses,0.025478005069738137,True,Optimization terminated successfully
pref-health,271,True,True,False,,0.06784158663597464,True,Optimization terminated successfully
pref-health,272,True,True,False,tax_income,0.05016757748049353,True,Optimization terminated successfully
pref-health,273,True,True,False,,0.03550408895485007,True,Optimization terminated successfully
pref-health,274,True,True,False,,0.042567740870448935,True,Optimization terminated successfully
pref-health,275,True,True,False,,0.07141109674322393,True,Optimization terminated successfully
pref-health,276,True,True,False,tax_income,0.06816732879557136,True,Optimization terminated successfully
pref-health,277,True,True,False,,0.038901026705946064,True,Optimization terminated successfully
pref-health,278,True,True,False,,0.06132413569884551,True,Optimization terminated successfully
pref-health,279,True,True,False,beds,0.03631724886543657,True,Optimization terminated successfully
pref-health,280,True,True,False,tax_income,0.03901303294295763,True,Optimization terminated successfully
pref-health,281,True,True,False,tax_income,0.07660223144902703,True,Optimization terminated successfully
pref-health,282,True,True,False,tax_income,0.034200201038590394,True,Optimization terminated successfully
pref-health,283,True,True,False,tax_income,0.03914187070802658,True,Optimization terminated successfully
pref-health,284,True,True,False,,0.07814756223540899,True,Optimization terminated successfully
pref-health,285,True,True,False,,0.059766169128953925,True,Optimization terminated successfully
pref-health,286,True,True,False,,0.07234791206052975,True,Optimization terminated successfully
pref-health,287,True,True,False,nurses;tax_income,0.03373042083555157,True,Optimization terminated successfully
pref-health,288,True,True,False,nurses,0.04424633981452859,True,Optimization terminated successfully
pref-health,289,True,True,False,,0.03846731280102693,True,Optimization terminated successfully
pref-health,290,True,True,False,tax_income,0.023254633991213133,True,Optimization terminated successfully
pref-health,291,True,True,False,,0.05049150527641885,True,Optimization terminated successfully
pref-health,292,True,True,False,nurses,0.043712432541963636,True,Optimization terminated successfully
pref-health,293,True,True,False,tax_income,0.07415828984239536,True,Optimization terminated successfully
pref-health,294,True,True,False,,0.07376341028305046,True,Optimization terminated successfully
pref-health,295,True,True,False,,0.03765637036770345,True,Optimization terminated successfully
pref-health,296,True,True,False,,0.06513231090916888,True,Optimization terminated successfully
pref-health,297,True,True,False,,0.09591372837392599,True,Optimization terminated successfully
pref-health,298,True,True,False,tax_income,0.08010070718013533,True,Optimization terminated successfully
pref-health,299,True,True,False,tax_income,0.054955701067664786,True,Optimization terminated successfully
pref-health,300,True,True,False,,0.034188017582083376,True,Optimization terminated successfully
pref-health,301,True,True,False,,0.08844375580160715,True,Optimization terminated successfully
pref-health,302,True,True,False,tax_income,0.06794093575537409,True,Optimization terminated successfully
pref-health,303,True,True,False,tax_income,0.07839301190188222,True,Optimization terminated successfully
pref-health,304,True,True,False,tax_income,0.0632702961692951,True,Optimization terminated successfully
pref-health,305,True,True,False,nurses;tax_income,0.0463893619859933,True,Optimization terminated successfully
pref-health,306,True,True,False,,0.03191406523931798,True,Optimization terminated successfully
pref-health,307,True,True,False,tax_income,0.037784623411854755,True,Optimization terminated successfully
pref-health,308,True,True,False,tax_income,0.0861091156216311,True,Optimization terminated successfully
pref-health,309,True,True,False,tax_income,0.07690207638740923,True,Optimization terminated successfully
pref-health,310,True,True,False,tax_income,0.07843131318557,True,Optimization terminated successfully
pref-health,311,True,True,False,tax_income,0.05667812971986755,True,Optimization terminated successfully
pref-health,312,True,True,False,,0.051489796159382366,True,Optimization terminated successfully
pref-health,313,True,True,False,,0.07907422631155327,True,Optimization terminated successfully
pref-health,314,True,True,False,nurses;tax_income,0.03283274928404041,True,Optimization terminated successfully
pref-health,315,True,True,False,,0.04388417009155228,True,Optimization terminated successfully
pref-health,316,True,True,False,tax_income,0.07235726952262643,True,Optimization terminated successfully
pref-health,317,True,True,False,,0.05194832445302654,True,Optimization terminated successfully
pref-health,318,True,True,False,tax_income,0.022612214527753832,True,Optimization terminated successfully
pref-health,319,True,True,False,,0.03856273112805801,True,Optimization terminated successfully
pref-health,320,True,True,False,,0.09248079126934558,True,Optimization terminated successfully
pref-health,321,True,True,False,tax_income,0.07416216162146207,True,Optimization terminated successfully
pref-health,322,True,True,False,,0.07913374905322287,True,Optimization terminated successfully
pref-health,323,True,True,False,tax_income,0.06504109303716209,True,Optimization terminated successfully
pref-health,324,True,True,False,tax_income,0.042013408717113815,True,Optimization terminated successfully
pref-health,325,True,True,False,tax_income,0.042374716163159236,True,Optimization terminated successfully
pref-health,326,True,True,False,tax_income,0.058155738765058966,True,Optimization terminated successfully
pref-health,327,True,True,False,,0.058454963994218574,True,Optimization terminated successfully
pref-health,328,True,True,False,,0.06669930886163147,True,Optimization terminated successfully
pref-health,329,True,True,False,tax_income,0.05405447370441989,True,Optimization terminated successfully
pref-health,330,True,True,False,,0.07195415478074635,True,Optimization terminated successfully
pref-health,331,True,True,False,tax_income,0.06857532379696073,True,Optimization terminated successfully
pref-health,332,True,True,False,tax_income,0.03923317493355267,True,Optimization terminated successfully
pref-health,333,True,True,False,,0.037214085182410525,True,Optimization terminated successfully
pref-health,334,True,True,False,tax_income,0.08660864012203998,True,Optimization terminated successfully
pref-health,335,True,True,False,,0.03660173792218941,True,Optimization terminated successfully
pref-health,336,True,True,False,nurses,0.05231028115128515,True,Optimization terminated successfully
pref-health,337,True,True,False,nurses,0.027802671784860164,True,Optimization terminated successfully
pref-health,338,True,True,False,,0.061567099663074706,True,Optimization terminated successfully
pref-health,339,True,True,False,,0.036891594009606676,True,Optimization terminated successfully
pref-health,340,True,True,False,tax_income,0.03618114305025537,True,Optimization terminated successfully
pref-health,341,True,True,False,,0.06360933752147938,True,Optimization terminated successfully
pref-health,342,True,True,False,tax_income,0.08795456002342039,True,Optimization terminated successfully
pref-health,343,True,True,False,tax_income,0.044781010200750065,True,Optimization terminated successfully
pref-health,344,True,True,False,tax_income,0.06873855665066593,True,Optimization terminated successfully
pref-health,345,True,True,False,tax_income,0.043694485721268383,True,Optimization terminated successfully
pref-health,346,True,True,False,tax_income,0.07869233891134131,True,Optimization terminated successfully
pref-health,347,True,True,False,,0.08492919288431733,True,Optimization terminated successfully
pref-health,348,True,True,False,tax_income,0.11246833240185113,True,Optimization terminated successfully
pref-health,349,True,True,False,,0.04448892218830322,True,Optimization terminated successfully
pref-health,350,True,True,False,tax_income,0.0760538752878241,True,Optimization terminated successfully
pref-health,351,True,True,False,,0.04528138713282856,True,Optimization terminated successfully
pref-health,352,True,True,False,,0.055463892109958245,True,Optimization terminated successfully
pref-health,353,True,True,False,,0.03470921831922308,True,Optimization terminated successfully
pref-health,354,True,True,False,,0.04381484391099368,True,Optimization terminated successfully
pref-health,355,True,True,False,tax_income,0.07623163904536698,True,Optimization terminated successfully
pref-health,356,True,True,False,,0.044406008446973705,True,Optimization terminated successfully
pref-health,357,True,True,False,,0.08468905446189023,True,Optimization terminated successfully
pref-health,358,True,True,False,,0.0602910856297198,True,Optimization terminated successfully
pref-health,359,True,True,False,tax_income,0.07311883199671788,True,Optimization terminated successfully
pref-health,360,True,True,False,tax_income,0.047712183015578835,True,Optimization terminated successfully
pref-health,361,True,True,False,tax_income,0.06266417025295683,True,Optimization terminated successfully
pref-health,362,True,True,False,tax_income,0.06582526288399299,True,Optimization terminated successfully
pref-health,363,True,True,False,,0.05525291230667738,True,Optimization terminated successfully
pref-health,364,True,True,False,,0.06425697146844539,True,Optimization terminated successfully
pref-health,365,True,True,False,nurses,0.040637252547998805,True,Optimization terminated successfully
pref-health,366,True,True,False,,0.05513298999416773,True,Optimization terminated successfully
pref-health,367,True,True,False,nurses;tax_income,0.046205067753645704,True,Optimization terminated successfully
pref-health,368,True,True,False,tax_income,0.09616680401764152,True,Optimization terminated successfully
pref-health,369,True,True,False,tax_income,0.08661923972520312,True,Optimization terminated successfully
pref-health,370,True,True,False,,0.08165715837973621,True,Optimization terminated successfully
pref-health,371,True,True,False,tax_income,0.04516048766207117,True,Optimization terminated successfully
pref-health,372,True,True,False,,0.05218670186346813,True,Optimization terminated successfully
pref-health,373,True,True,False,tax_income,0.07275821622375106,True,Optimization terminated successfully
pref-health,374,True,True,False,,0.06346629185296493,True,Optimization terminated successfully
pref-health,375,True,True,False,tax_income,0.07210518216211598,True,Optimization terminated successfully
pref-health,376,True,True,False,nurses,0.039616109200408395,True,Optimization terminated successfully
pref-health,377,True,True,False,,0.07828786435820848,True,Optimization terminated successfully
pref-health,378,True,True,False,tax_income,0.07722903655910646,True,Optimization terminated successfully
pref-health,379,True,True,False,tax_income,0.06098240755261132,True,Optimization terminated successfully
pref-health,380,True,True,False,tax_income,0.07777158517083464,True,Optimization terminated successfully
pref-health,381,True,True,False,,0.0375103858531584,True,Optimization terminated successfully
pref-health,382,True,True,False,tax_income,0.036905595264880346,True,Optimization terminated successfully
pref-health,383,True,True,False,,0.0782765584085524,True,Optimization terminated successfully
pref-health,384,True,True,False,tax_income,0.05284240940142454,True,Optimization terminated successfully
pref-health,385,True,True,False,nurses;tax_income,0.024385262570099545,True,Optimization terminated successfully
pref-health,386,True,True,False,tax_income,0.05285026861246866,True,Optimization terminated successfully
pref-health,387,True,True,False,,0.03777811654012165,True,Optimization terminated successfully
pref-health,388,True,True,False,tax_income,0.04735605315653925,True,Optimization terminated successfully
pref-health,389,True,True,False,,0.061949283617694084,True,Optimization terminated successfully
pref-health,390,True,True,False,tax_income,0.04725657930709448,True,Optimization terminated successfully
pref-health,391,True,True,False,tax_income,0.07325628407617912,True,Optimization terminated successfully
pref-health,392,True,True,False,tax_income,0.0400197382859607,True,Optimization terminated successfully
pref-health,393,True,True,False,,0.035043558620452754,True,Optimization terminated successfully
pref-health,394,True,True,False,,0.06678067257477872,True,Optimization terminated successfully
pref-health,395,True,True,False,tax_income,0.04250640303529242,True,Optimization terminated successfully
pref-health,396,True,True,False,tax_income,0.05157037918349524,True,Optimization terminated successfully
pref-health,397,True,True,False,tax_income,0.09142464835861745,True,Optimization terminated successfully
pref-health,398,True,True,False,,0.03920604198072551,True,Optimization terminated successfully
pref-health,399,True,True,False,tax_income,0.03798950917674851,True,Optimization terminated successfully
pref-health,400,True,True,False,,0.0730571980374639,True,Optimization terminated successfully
pref-health,401,True,True,False,,0.06614699835989261,True,Optimization terminated successfully
pref-health,402,True,True,False,tax_income,0.08939567561853673,True,Optimization terminated successfully
pref-health,403,True,True,False,,0.0597732859973332,True,Optimization terminated successfully
pref-health,404,True,True,False,,0.05357356675434867,True,Optimization terminated successfully
pref-health,405,True,True,False,tax_income,0.05334454879700181,True,Optimization terminated successfully
pref-health,406,True,True,False,tax_income,0.036062236088086785,True,Optimization terminated successfully
pref-health,407,True,True,False,tax_income,0.09483709698230758,True,Optimization terminated successfully
pref-health,408,True,True,False,tax_income,0.09944288273725345,True,Optimization terminated successfully
pref-health,409,True,True,False,tax_income,0.08292573942345215,True,Optimization terminated successfully
pref-health,410,True,True,False,,0.06985497408576691,True,Optimization terminated successfully
pref-health,411,True,True,False,tax_income,0.05338568184411294,True,Optimization terminated successfully
pref-health,412,True,True,False,nurses,0.03468919140594913,True,Optimization terminated successfully
pref-health,413,True,True,False,,0.09368281848800696,True,Optimization terminated successfully
pref-health,414,True,True,False,,0.07129704615058043,True,Optimization terminated successfully
pref-health,415,True,True,False,,0.06931017354205096,True,Optimization terminated successfully
pref-health,416,True,True,False,tax_income,0.04623590103649553,True,Optimization terminated successfully
pref-health,417,True,True,False,tax_income,0.05589909622237576,True,Optimization terminated successfully
pref-health,418,True,True,False,,0.06476139625250574,True,Optimization terminated successfully
pref-health,419,True,True,False,,0.06428826837226978,True,Optimization terminated successfully
pref-health,420,True,True,False,tax_income,0.034494204028615624,True,Optimization terminated successfully
pref-health,421,True,True,False,nurses;tax_income,0.025222230152336406,True,Optimization terminated successfully
pref-health,422,True,True,False,tax_income,0.10116394858870661,True,Optimization terminated successfully
pref-health,423,True,True,False,nurses;tax_income,0.03370679714232671,True,Optimization terminated successfully
pref-health,424,True,True,False,tax_income,0.06895640304362788,True,Optimization terminated successfully
pref-health,425,True,True,False,tax_income,0.06044132553494239,True,Optimization terminated successfully
pref-health,426,True,True,False,,0.055706644269501226,True,Optimization terminated successfully
pref-health,427,True,True,False,,0.03501966025231556,True,Optimization terminated successfully
pref-health,428,True,True,False,tax_income,0.0430141791790968,True,Optimization terminated successfully
pref-health,429,True,True,False,,0.04390733476854988,True,Optimization terminated successfully
pref-health,430,True,True,False,nurses;tax_income,0.04774170360082969,True,Optimization terminated successfully
pref-health,431,True,True,False,beds,0.0563706941734341,True,Optimization terminated successfully
pref-health,432,True,True,False,tax_income,0.07067002264391126,True,Optimization terminated successfully
pref-health,433,True,True,False,tax_income,0.06640327432990643,True,Optimization terminated successfully
pref-health,434,True,True,False,,0.02926509062243337,True,Optimization terminated successfully
pref-health,435,True,True,False,,0.03513032331234872,True,Optimization terminated successfully
pref-health,436,True,True,False,,0.07841008872699898,True,Optimization terminated successfully
pref-health,437,True,True,False,tax_income,0.06628930762461005,True,Optimization terminated successfully
pref-health,438,True,True,False,,0.05584717365319416,True,Optimization terminated successfully
pref-health,439,True,True,False,tax_income,0.02453078097531044,True,Optimization terminated successfully
pref-health,440,True,True,False,tax_income,0.09052855457134797,True,Optimization terminated successfully
pref-health,441,True,True,False,nurses,0.0525017272868589,True,Optimization terminated successfully
pref-health,442,True,True,False,tax_income,0.059663520359371294,True,Optimization terminated successfully
pref-health,443,True,True,False,tax_income,0.06402113916770827,True,Optimization terminated successfully
pref-health,444,True,True,False,nurses;tax_income,0.023905314558876616,True,Optimization terminated successfully
pref-health,445,True,True,False,tax_income,0.06937062252060092,True,Optimization terminated successfully
pref-health,446,True,True,False,tax_income,0.07405121058090293,True,Optimization terminated successfully
pref-health,447,True,True,False,,0.08412967491609702,True,Optimization terminated successfully
pref-health,448,True,True,False,tax_income,0.061706720905578896,True,Optimization terminated successfully
pref-health,449,True,True,False,,0.0665728174508468,True,Optimization terminated successfully
pref-health,450,True,True,False,tax_income,0.06744381130736002,True,Optimization terminated successfully
pref-health,451,True,True,False,tax_income,0.08342809677597081,True,Optimization terminated successfully
pref-health,452,True,True,False,,0.06674015834265376,True,Optimization terminated successfully
pref-health,453,True,True,False,nurses;tax_income,0.042775431802958105,True,Optimization terminated successfully
pref-health,454,True,True,False,,0.07354486850693148,True,Optimization terminated successfully
pref-health,455,True,True,False,tax_income,0.06579274254753421,True,Optimization terminated successfully
pref-health,456,True,True,False,tax_income,0.08803312872507481,True,Optimization terminated successfully
pref-health,457,True,True,False,tax_income,0.11400649357329276,True,Optimization terminated successfully
pref-health,458,True,True,False,,0.049326672650457676,True,Optimization terminated successfully
pref-health,459,True,True,False,tax_income,0.08869829874085741,True,Optimization terminated successfully
pref-health,460,True,True,False,tax_income,0.07947931346538432,True,Optimization terminated successfully
pref-health,461,True,True,False,,0.06901725267369456,True,Optimization terminated successfully
pref-health,462,True,True,False,,0.062076005988895816,True,Optimization terminated successfully
pref-health,463,True,True,False,,0.03774849713568104,True,Optimization terminated successfully
pref-health,464,True,True,False,,0.031338810306410295,True,Optimization terminated successfully
pref-health,465,True,True,False,tax_income,0.034770008022910324,True,Optimization terminated successfully
pref-health,466,True,True,False,,0.08640083771764381,True,Optimization terminated successfully
pref-health,467,True,True,False,,0.04918906867711706,True,Optimization terminated successfully
pref-health,468,True,True,False,nurses,0.029340341035405358,True,Optimization terminated successfully
pref-health,469,True,True,False,tax_income,0.08655648079925271,True,Optimization terminated successfully
pref-health,470,True,True,False,nurses,0.03588517691485866,True,Optimization terminated successfully
pref-health,471,True,True,False,beds;tax_income,0.03433983744277061,True,Optimization terminated successfully
pref-health,472,True,True,False,,0.06928947452853049,True,Optimization terminated successfully
pref-health,473,True,True,False,,0.09065094914366378,True,Optimization terminated successfully
pref-health,474,True,True,False,,0.05004850446951697,True,Optimization terminated successfully
pref-health,475,True,True,False,tax_income,0.039199784569176034,True,Optimization terminated successfully
pref-health,476,True,True,False,tax_income,0.08266702464136595,True,Optimization terminated successfully
pref-health,477,True,True,False,tax_income,0.060275373926198625,True,Optimization terminated successfully
pref-health,478,True,True,False,,0.06708158729195077,True,Optimization terminated successfully
pref-health,479,True,True,False,tax_income,0.09478097135876488,True,Optimization terminated successfully
pref-health,480,True,True,False,tax_income,0.04588568477552431,True,Optimization terminated successfully
pref-health,481,True,True,False,,0.09845368837430322,True,Optimization terminated successfully
pref-health,482,True,True,False,nurses;tax_income,0.029585174142845304,True,Optimization terminated successfully
pref-health,483,True,True,False,tax_income,0.04547738137744119,True,Optimization terminated successfully
pref-health,484,True,True,False,,0.06944487719798348,True,Optimization terminated successfully
pref-health,485,True,True,False,nurses,0.04005887032168144,True,Optimization terminated successfully
pref-health,486,True,True,False,tax_income,0.041083324480420166,True,Optimization terminated successfully
pref-health,487,True,True,False,,0.0722530973661302,True,Optimization terminated successfully
pref-health,488,True,True,False,tax_income,0.08577869576264745,True,Optimization terminated successfully
pref-health,489,True,True,False,tax_income,0.0761721285810076,True,Optimization terminated successfully
pref-health,490,True,True,False,nurses,0.04660754760830004,True,Optimization terminated successfully
pref-health,491,True,True,False,tax_income,0.0834354296799105,True,Optimization terminated successfully
pref-health,492,True,True,False,,0.040898788896475906,True,Optimization terminated successfully
pref-health,493,True,True,False,tax_income,0.04494344265624203,True,Optimization terminated successfully
pref-health,494,True,True,False,,0.06414556441928221,True,Optimization terminated successfully
pref-health,495,True,True,False,tax_income,0.046682456156758305,True,Optimization terminated successfully
pref-health,496,True,True,False,,0.03919150349003905,True,Optimization terminated successfully
pref-health,497,True,True,False,,0.05122058352158215,True,Optimization terminated successfully
pref-health,498,True,True,False,tax_income,0.08420979717982988,True,Optimization terminated successfully
pref-health,499,True,True,False,,0.05894260416397169,True,Optimization terminated successfully
pref-health,500,True,True,False,tax_income,0.08607381673437962,True,Optimization terminated successfully
pref-health,501,True,True,False,,0.08447847571101681,True,Optimization terminated successfully
pref-health,502,True,True,False,tax_income,0.07980627725499066,True,Optimization terminated successfully
pref-health,503,True,True,False,,0.04550463427005166,True,Optimization terminated successfully
pref-health,504,True,True,False,tax_income,0.06837598292092471,True,Optimization terminated successfully
pref-health,505,True,True,False,,0.08232913388586245,True,Optimization terminated successfully
pref-health,506,True,True,False,tax_income,0.07554149505451324,True,Optimization terminated successfully
pref-health,507,True,True,False,,0.09760704212319661,True,Optimization terminated successfully
pref-health,508,True,True,False,tax_income,0.08931179959852345,True,Optimization terminated successfully
pref-health,509,True,True,False,,0.058594860963356775,True,Optimization terminated successfully
pref-health,510,True,True,False,,0.07019139058564725,True,Optimization terminated successfully
pref-health,511,True,True,False,nurses;tax_income,0.03617222457977527,True,Optimization terminated successfully
pref-health,512,True,True,False,tax_income,0.04361615020773483,True,Optimization terminated successfully
pref-health,513,True,True,False,tax_income,0.039593739304482845,True,Optimization terminated successfully
pref-health,514,True,True,False,tax_income,0.07556876780365514,True,Optimization terminated successfully
pref-health,515,True,True,False,tax_income,0.10499748429758551,True,Optimization terminated successfully
pref-health,516,True,True,False,,0.03592259163822712,True,Optimization terminated successfully
pref-health,517,True,True,False,,0.08590458539514655,True,Optimization terminated successfully
pref-health,518,True,True,False,tax_income,0.08010416282554535,True,Optimization terminated successfully
pref-health,519,True,True,False,nurses;tax_income,0.049251730673394445,True,Optimization terminated successfully
pref-health,520,True,True,False,,0.06216522214337303,True,Optimization terminated successfully
pref-health,521,True,True,False,nurses,0.03234810488295878,True,Optimization terminated successfully
pref-health,522,True,True,False,tax_income,0.05689037451504665,True,Optimization terminated successfully
pref-health,523,True,True,False,tax_income,0.1068240225251417,True,Optimization terminated successfully
pref-health,524,True,True,False,tax_income,0.0898575037723348,True,Optimization terminated successfully
pref-health,525,True,True,False,,0.08026289379157564,True,Optimization terminated successfully
pref-health,526,True,True,False,,0.07746880656692963,True,Optimization terminated successfully
pref-health,527,True,True,False,,0.05897300775872529,True,Optimization terminated successfully
pref-health,528,True,True,False,tax_income,0.07083782927894273,True,Optimization terminated successfully
pref-health,529,True,True,False,,0.06674067404551916,True,Optimization terminated successfully
pref-health,530,True,True,False,,0.03807447609536819,True,Optimization terminated successfully
pref-health,531,True,True,False,nurses;tax_income,0.03721517250453934,True,Optimization terminated successfully
pref-health,532,True,True,False,tax_income,0.08612708200361548,True,Optimization terminated successfully
pref-health,533,True,True,False,tax_income,0.08995194707710909,True,Optimization terminated successfully
pref-health,534,True,True,False,tax_income,0.058993432825198165,True,Optimization terminated successfully
pref-health,535,True,True,False,tax_income,0.05555712981064411,True,Optimization terminated successfully
pref-health,536,True,True,False,tax_income,0.10894697945911669,True,Optimization terminated successfully
pref-health,537,True,True,False,tax_income,0.08174555162229209,True,Optimization terminated successfully
pref-health,538,True,True,False,,0.09173277662588941,True,Optimization terminated successfully
pref-health,539,True,True,False,,0.051829038920704416,True,Optimization terminated successfully
pref-health,540,True,True,False,nurses,0.040719087170158146,True,Optimization terminated successfully
pref-health,541,True,True,False,tax_income,0.03963627845717442,True,Optimization terminated successfully
pref-health,542,True,True,False,nurses,0.054644980126257375,True,Optimization terminated successfully
pref-health,543,True,True,False,tax_income,0.0692894595069742,True,Optimization terminated successfully
pref-health,544,True,True,False,,0.07542524968633009,True,Optimization terminated successfully
pref-health,545,True,True,False,,0.07857248989228208,True,Optimization terminated successfully
pref-health,546,True,True,False,tax_income,0.04429053405932176,True,Optimization terminated successfully
pref-health,547,True,True,False,tax_income,0.04290231595758646,True,Optimization terminated successfully
pref-health,548,True,True,False,,0.07653579031155874,True,Optimization terminated successfully
pref-health,549,True,True,False,tax_income,0.06110927521555554,True,Optimization terminated successfully
pref-health,550,True,True,False,,0.03299210257343255,True,Optimization terminated successfully
pref-health,551,True,True,False,,0.050334356078644775,True,Optimization terminated successfully
pref-health,552,True,True,False,tax_income,0.07084049950957025,True,Optimization terminated successfully
pref-health,553,True,True,False,nurses;tax_income,0.050440370065048167,True,Optimization terminated successfully
pref-health,554,True,True,False,tax_income,0.04361122340949899,True,Optimization terminated successfully
pref-health,555,True,True,False,nurses;tax_income,0.05085930019485345,True,Optimization terminated successfully
pref-health,556,True,True,False,tax_income,0.033596032069985626,True,Optimization terminated successfully
pref-health,557,True,True,False,tax_income,0.08668135275738459,True,Optimization terminated successfully
pref-health,558,True,True,False,,0.0841874429359813,True,Optimization terminated successfully
pref-health,559,True,True,False,tax_income,0.08704188037452137,True,Optimization terminated successfully
pref-health,560,True,True,False,tax_income,0.049738975815828694,True,Optimization terminated successfully
pref-health,561,True,True,False,,0.06695334510560838,True,Optimization terminated successfully
pref-health,562,True,True,False,,0.04383794765601492,True,Optimization terminated successfully
pref-health,563,True,True,False,tax_income,0.029169598602608333,True,Optimization terminated successfully
pref-health,564,True,True,False,tax_income,0.0818184890180367,True,Optimization terminated successfully
pref-health,565,True,True,False,nurses,0.04230291721788555,True,Optimization terminated successfully
pref-health,566,True,True,False,tax_income,0.08970463389961643,True,Optimization terminated successfully
pref-health,567,True,True,False,tax_income,0.03913354204674524,True,Optimization terminated successfully
pref-health,568,True,True,False,tax_income,0.0936459584411647,True,Optimization terminated successfully
pref-health,569,True,True,False,tax_income,0.03803246753259225,True,Optimization terminated successfully
pref-health,570,True,True,False,nurses,0.024215936025256943,True,Optimization terminated successfully
pref-health,571,True,True,False,tax_income,0.045524863166631825,True,Optimization terminated successfully
pref-health,572,True,True,False,,0.04855797084487947,True,Optimization terminated successfully
pref-health,573,True,True,False,nurses;tax_income,0.0297773714936858,True,Optimization terminated successfully
pref-health,574,True,True,False,,0.0788579644094848,True,Optimization terminated successfully
pref-health,575,True,True,False,tax_income,0.08021153775768301,True,Optimization terminated successfully
pref-health,576,True,True,False,,0.048692979708395624,True,Optimization terminated successfully
pref-health,577,True,True,False,nurses;tax_income,0.0329671261453093,True,Optimization terminated successfully
pref-health,578,True,True,False,tax_income,0.030868552313079656,True,Optimization terminated successfully
pref-health,579,True,True,False,,0.07451899482022394,True,Optimization terminated successfully
pref-health,580,True,True,False,tax_income,0.08039167877962251,True,Optimization terminated successfully
pref-health,581,True,True,False,nurses;tax_income,0.04118999054631681,True,Optimization terminated successfully
pref-health,582,True,True,False,tax_income,0.08398748280353983,True,Optimization terminated successfully
pref-health,583,True,True,False,,0.03614465459462468,True,Optimization terminated successfully
pref-health,584,True,True,False,tax_income,0.07996828562849698,True,Optimization terminated successfully
pref-health,585,True,True,False,,0.0537446022296281,True,Optimization terminated successfully
pref-health,586,True,True,False,tax_income,0.0742203186339959,True,Optimization terminated successfully
pref-health,587,True,True,False,,0.06599269003947011,True,Optimization terminated successfully
pref-health,588,True,True,False,tax_income,0.02218751638365956,True,Optimization terminated successfully
pref-health,589,True,True,False,tax_income,0.04809190262579136,True,Optimization terminated successfully
pref-health,590,True,True,False,tax_income,0.062245462426611636,True,Optimization terminated successfully
pref-health,591,True,True,False,tax_income,0.07359955412052271,True,Optimization terminated successfully
pref-health,592,True,True,False,tax_income,0.08439995522600063,True,Optimization terminated successfully
pref-health,593,True,True,False,,0.02757087077135506,True,Optimization terminated successfully
pref-health,594,True,True,False,,0.09408456918897677,True,Optimization terminated successfully
pref-health,595,True,True,False,tax_income,0.08161813655618755,True,Optimization terminated successfully
pref-health,596,True,True,False,nurses,0.051419344525755,True,Optimization terminated successfully
pref-health,597,True,True,False,nurses;tax_income,0.046154261194192664,True,Optimization terminated successfully
pref-health,598,True,True,False,tax_income,0.07036811794220385,True,Optimization terminated successfully
pref-health,599,True,True,False,tax_income,0.0960257330909191,True,Optimization terminated successfully
pref-job,-1,True,True,False,,0.11214413881489974,True,Optimization terminated successfully
pref-job,0,True,True,False,sep,0.1283711761820811,True,Optimization terminated successfully
pref-job,1,True,True,False,unemp,0.10583069276507112,True,Optimization terminated successfully
pref-job,2,True,True,False,ldens;unemp,0.0740403791511596,True,Optimization terminated successfully
pref-job,3,True,True,False,,0.09326279450769728,True,Optimization terminated successfully
pref-job,4,True,True,False,,0.10621313435388993,True,Optimization terminated successfully
pref-job,5,True,True,False,unemp;wage_f,0.06506416231240839,True,Optimization terminated successfully
pref-job,6,True,True,False,,0.11801562336845033,True,Optimization terminated successfully
pref-job,7,True,True,False,unemp,0.14638988813052883,True,Optimization terminated successfully
pref-job,8,True,True,False,,0.0766330432937599,True,Optimization terminated successfully
pref-job,9,True,True,False,,0.0903203660005993,True,Optimization terminated successfully
pref-job,10,True,True,False,unemp,0.11257797306724733,True,Optimization terminated successfully
pref-job,11,True,True,False,,0.10905274938333051,True,Optimization terminated successfully
pref-job,12,True,True,False,unemp,0.08353847044729068,True,Optimization terminated successfully
pref-job,13,True,True,False,unemp,0.1036234176570214,True,Optimization terminated successfully
pref-job,14,True,True,False,,0.0663865406758236,True,Optimization terminated successfully
pref-job,15,True,True,False,unemp;wage_f,0.08368325368540466,True,Optimization terminated successfully
pref-job,16,True,True,False,ldens;sep,0.10869131976777718,True,Optimization terminated successfully
pref-job,17,True,True,False,unemp,0.1534564741096399,True,Optimization terminated successfully
pref-job,18,True,True,False,sep,0.049120266417100995,True,Optimization terminated successfully
pref-job,19,True,True,False,unemp,0.10012518292532778,True,Optimization terminated successfully
pref-job,20,True,True,False,ldens;unemp,0.09590330905988352,True,Optimization terminated successfully
pref-job,21,True,True,False,wage_f,0.09302094426172904,True,Optimization terminated successfully
pref-job,22,True,True,False,unemp;wage_f,0.08155190836491728,True,Optimization terminated successfully
pref-job,23,True,True,False,unemp,0.14047330260120058,True,Optimization terminated successfully
pref-job,24,True,True,False,,0.10469225281220315,True,Optimization terminated successfully
pref-job,25,True,True,False,unemp,0.11080608517380057,True,Optimization terminated successfully
pref-job,26,True,True,False,unemp,0.10015779381795482,True,Optimization terminated successfully
pref-job,27,True,True,False,,0.09723233078045138,True,Optimization terminated successfully
pref-job,28,True,True,False,wage_f,0.056543882316378226,True,Optimization terminated successfully
pref-job,29,True,True,False,,0.13405275988525678,True,Optimization terminated successfully
pref-job,30,True,True,False,unemp,0.10801596275192953,True,Optimization terminated successfully
pref-job,31,True,True,False,,0.08570110800716721,True,Optimization terminated successfully
pref-job,32,True,True,False,unemp;wage_f,0.058262821647057095,True,Optimization terminated successfully
pref-job,33,True,True,False,,0.10930167376560838,True,Optimization terminated successfully
pref-job,34,True,True,False,,0.14423610083878327,True,Optimization terminated successfully
pref-job,35,True,True,False,sep,0.08056907051317501,True,Optimization terminated successfully
pref-job,36,True,True,False,sep;wage_f,0.08399636468188813,True,Optimization terminated successfully
pref-job,37,True,True,False,ldens,0.10281400492288371,True,Optimization terminated successfully
pref-job,38,True,True,False,sep,0.10414280214073801,True,Optimization terminated successfully
pref-job,39,True,True,False,,0.1562981540392042,True,Optimization terminated successfully
pref-job,40,True,True,False,,0.074621857490307,True,Optimization terminated successfully
pref-job,41,True,True,False,sep,0.08081720023546192,True,Optimization terminated successfully
pref-job,42,True,True,False,sep,0.08808143519357083,True,Optimization terminated successfully
pref-job,43,True,True,False,wage_f,0.07642429898735159,True,Optimization terminated successfully
pref-job,44,True,True,False,unemp,0.09521121897013096,True,Optimization terminated successfully
pref-job,45,True,True,False,sep,0.10900874689157064,True,Optimization terminated successfully
pref-job,46,True,True,False,,0.12296460042877981,True,Optimization terminated successfully
pref-job,47,True,True,False,unemp,0.0990629709005603,True,Optimization terminated successfully
pref-job,48,True,True,False,,0.12012269031109135,True,Optimization terminated successfully
pref-job,49,True,True,False,,0.10228099991810205,True,Optimization terminated successfully
pref-job,50,True,True,False,sep,0.09717330742830009,True,Optimization terminated successfully
pref-job,51,True,True,False,sep,0.06328834024579301,True,Optimization terminated successfully
pref-job,52,True,True,False,,0.0928975829795446,True,Optimization terminated successfully
pref-job,53,True,True,False,,0.14586507575687005,True,Optimization terminated successfully
pref-job,54,True,True,False,,0.15168296238321013,True,Optimization terminated successfully
pref-job,55,True,True,False,ldens;unemp,0.09223164798957974,True,Optimization terminated successfully
pref-job,56,True,True,False,sep,0.06982846913618226,True,Optimization terminated successfully
pref-job,57,True,True,False,sep,0.07555877986315825,True,Optimization terminated successfully
pref-job,58,True,True,False,sep,0.0670479243464588,True,Optimization terminated successfully
pref-job,59,True,True,False,ldens;sep,0.059149248233631865,True,Optimization terminated successfully
pref-job,60,True,True,False,ldens;sep,0.06806953262250168,True,Optimization terminated successfully
pref-job,61,True,True,False,,0.1380081080729312,True,Optimization terminated successfully
pref-job,62,True,True,False,,0.13086667434643603,True,Optimization terminated successfully
pref-job,63,True,True,False,unemp,0.11664952992718627,True,Optimization terminated successfully
pref-job,64,True,True,False,,0.09048050129629996,True,Optimization terminated successfully
pref-job,65,True,True,False,unemp,0.04223460527402498,True,Optimization terminated successfully
pref-job,66,True,True,False,,0.053413798066364836,True,Optimization terminated successfully
pref-job,67,True,True,False,,0.13015490352166395,True,Optimization terminated successfully
pref-job,68,True,True,False,unemp;wage_f,0.08877722562664885,True,Optimization terminated successfully
pref-job,69,True,True,False,sep;wage_f,0.06430011347406966,True,Optimization terminated successfully
pref-job,70,True,True,False,ldens;sep,0.06724859715398748,True,Optimization terminated successfully
pref-job,71,True,True,False,,0.14295009844246825,True,Optimization terminated successfully
pref-job,72,True,True,False,unemp;wage_f,0.08531187436473607,True,Optimization terminated successfully
pref-job,73,True,True,False,,0.061656900380895364,True,Optimization terminated successfully
pref-job,74,True,True,False,unemp;wage_f,0.11883597956136037,True,Optimization terminated successfully
pref-job,75,True,True,False,sep,0.062268232347698786,True,Optimization terminated successfully
pref-job,76,True,True,False,sep,0.10737600917670662,True,Optimization terminated successfully
pref-job,77,True,True,False,sep,0.08737001581032838,True,Optimization terminated successfully
pref-job,78,True,True,False,,0.09694856595434669,True,Optimization terminated successfully
pref-job,79,True,True,False,,0.13990904194102297,True,Optimization terminated successfully
pref-job,80,True,True,False,wage_f,0.09609370275786686,True,Optimization terminated successfully
pref-job,81,True,True,False,,0.08976759354644462,True,Optimization terminated successfully
pref-job,82,True,True,False,,0.07504913334596211,True,Optimization terminated successfully
pref-job,83,True,True,False,,0.10735070277026333,True,Optimization terminated successfully
pref-job,84,True,True,False,,0.12111974887151278,True,Optimization terminated successfully
pref-job,85,True,True,False,unemp,0.09061505738093519,True,Optimization terminated successfully
pref-job,86,True,True,False,,0.13455815824143696,True,Optimization terminated successfully
pref-job,87,True,True,False,unemp,0.12041538968997724,True,Optimization terminated successfully
pref-job,88,True,True,False,,0.12762483748675627,True,Optimization terminated successfully
pref-job,89,True,True,False,ldens,0.068110412752339,True,Optimization terminated successfully
pref-job,90,True,True,False,unemp,0.12111888543085256,True,Optimization terminated successfully
pref-job,91,True,True,False,ldens;sep,0.10284085514841557,True,Optimization terminated successfully
pref-job,92,True,True,False,sep,0.05906137644906228,True,Optimization terminated successfully
pref-job,93,True,True,False,wage_f,0.07898437289649798,True,Optimization terminated successfully
pref-job,94,True,True,False,,0.15861714047599473,True,Optimization terminated successfully
pref-job,95,True,True,False,unemp,0.06745774867515104,True,Optimization terminated successfully
pref-job,96,True,True,False,,0.11373464316940286,True,Optimization terminated successfully
pref-job,97,True,True,False,,0.10673271738179838,True,Optimization terminated successfully
pref-job,98,True,True,False,,0.11003153742411617,True,Optimization terminated successfully
pref-job,99,True,True,False,unemp;wage_f,0.09598334366799763,True,Optimization terminated successfully
pref-job,100,True,True,False,,0.13250148047368554,True,Optimization terminated successfully
pref-job,101,True,True,False,unemp,0.09344548630165067,True,Optimization terminated successfully
pref-job,102,True,True,False,sep,0.058051653369072975,True,Optimization terminated successfully
pref-job,103,True,True,False,unemp,0.09410864602897752,True,Optimization terminated successfully
pref-job,104,True,True,False,sep,0.10784731332877157,True,Optimization terminated successfully
pref-job,105,True,True,False,ldens;sep,0.07371191212335532,True,Optimization terminated successfully
pref-job,106,True,True,False,,0.08507221648626186,True,Optimization terminated successfully
pref-job,107,True,True,False,sep,0.11084593600606377,True,Optimization terminated successfully
pref-job,108,True,True,False,unemp;wage_f,0.04673692509517575,True,Optimization terminated successfully
pref-job,109,True,True,False,,0.06054161510073899,True,Optimization terminated successfully
pref-job,110,True,True,False,unemp;wage_f,0.12460095735404945,True,Optimization terminated successfully
pref-job,111,True,True,False,,0.10952116469507625,True,Optimization terminated successfully
pref-job,112,True,True,False,,0.1129093363424538,True,Optimization terminated successfully
pref-job,113,True,True,False,sep,0.11510921568180414,True,Optimization terminated successfully
pref-job,114,True,True,False,sep;wage_f,0.07821938342336682,True,Optimization terminated successfully
pref-job,115,True,True,False,unemp;wage_f,0.06445952316384877,True,Optimization terminated successfully
pref-job,116,True,True,False,,0.07357928236223167,True,Optimization terminated successfully
pref-job,117,True,True,False,unemp,0.11701289080857805,True,Optimization terminated successfully
pref-job,118,True,True,False,,0.09872121214430173,True,Optimization terminated successfully
pref-job,119,True,True,False,ldens,0.06814018266404846,True,Optimization terminated successfully
pref-job,120,True,True,False,,0.12275982288231196,True,Optimization terminated successfully
pref-job,121,True,True,False,sep,0.0945551203347293,True,Optimization terminated successfully
pref-job,122,True,True,False,wage_f,0.09501298021124978,True,Optimization terminated successfully
pref-job,123,True,True,False,ldens;sep,0.07010771354852424,True,Optimization terminated successfully
pref-job,124,True,True,False,ldens,0.05656247779077944,True,Optimization terminated successfully
pref-job,125,True,True,False,,0.09175486131352602,True,Optimization terminated successfully
pref-job,126,True,True,False,wage_f,0.06092289675783408,True,Optimization terminated successfully
pref-job,127,True,True,False,,0.1057635447851704,True,Optimization terminated successfully
pref-job,128,True,True,False,unemp;wage_f,0.08173121822063421,True,Optimization terminated successfully
pref-job,129,True,True,False,sep,0.07321658719620217,True,Optimization terminated successfully
pref-job,130,True,True,False,unemp,0.08587263683437799,True,Optimization terminated successfully
pref-job,131,True,True,False,wage_f,0.08681964019583577,True,Optimization terminated successfully
pref-job,132,True,True,False,unemp,0.1293290195851102,True,Optimization terminated successfully
pref-job,133,True,True,False,sep,0.08069968037250869,True,Optimization terminated successfully
pref-job,134,True,True,False,ldens;unemp,0.09225444551009532,True,Optimization terminated successfully
pref-job,135,True,True,False,unemp,0.07926728833951087,True,Optimization terminated successfully
pref-job,136,True,True,False,unemp;wage_f,0.06430140401142721,True,Optimization terminated successfully
pref-job,137,True,True,False,,0.11719171689312066,True,Optimization terminated successfully
pref-job,138,True,True,False,wage_f,0.05995075069556591,True,Optimization terminated successfully
pref-job,139,True,True,False,,0.11932848711887387,True,Optimization terminated successfully
pref-job,140,True,True,False,,0.13140219067633094,True,Optimization terminated successfully
pref-job,141,True,True,False,sep,0.05454933915958808,True,Optimization terminated successfully
pref-job,142,True,True,False,ldens,0.1115503563478642,True,Optimization terminated successfully
pref-job,143,True,True,False,sep,0.1740287519727511,True,Optimization terminated successfully
pref-job,144,True,True,False,wage_f,0.08588178720212344,True,Optimization terminated successfully
pref-job,145,True,True,False,,0.12365956458710665,True,Optimization terminated successfully
pref-job,146,True,True,False,,0.08826975805227556,True,Optimization terminated successfully
pref-job,147,True,True,False,wage_f,0.08001177236728214,True,Optimization terminated successfully
pref-job,148,True,True,False,unemp,0.1487631770282829,True,Optimization terminated successfully
pref-job,149,True,True,False,,0.07487600743119613,True,Optimization terminated successfully
pref-job,150,True,True,False,,0.11517668896210154,True,Optimization terminated successfully
pref-job,151,True,True,False,wage_f,0.061733265687438386,True,Optimization terminated successfully
pref-job,152,True,True,False,unemp;wage_f,0.10940205989770635,True,Optimization terminated successfully
pref-job,153,True,True,False,sep,0.1535038618161856,True,Optimization terminated successfully
pref-job,154,True,True,False,unemp,0.11506845735693512,True,Optimization terminated successfully
pref-job,155,True,True,False,ldens,0.0853357082204189,True,Optimization terminated successfully
pref-job,156,True,True,False,,0.07084803707352418,True,Optimization terminated successfully
pref-job,157,True,True,False,,0.12495709729651573,True,Optimization terminated successfully
pref-job,158,True,True,False,sep,0.12136728645070223,True,Optimization terminated successfully
pref-job,159,True,True,False,sep,0.09016760716361998,True,Optimization terminated successfully
pref-job,160,True,True,False,sep;wage_f,0.052236689743864965,True,Optimization terminated successfully
pref-job,161,True,True,False,unemp,0.12732870310247701,True,Optimization terminated successfully
pref-job,162,True,True,False,,0.06547001333442885,True,Optimization terminated successfully
pref-job,163,True,True,False,,0.12079914116442309,True,Optimization terminated successfully
pref-job,164,True,True,False,sep,0.09036497755930674,True,Optimization terminated successfully
pref-job,165,True,True,False,ldens,0.07679807145689183,True,Optimization terminated successfully
pref-job,166,True,True,False,,0.11504390739133921,True,Optimization terminated successfully
pref-job,167,True,True,False,unemp,0.11312757026105243,True,Optimization terminated successfully
pref-job,168,True,True,False,unemp,0.038105719289642195,True,Optimization terminated successfully
pref-job,169,True,True,False,,0.09136916648625379,True,Optimization terminated successfully
pref-job,170,True,True,False,unemp,0.11525536476593486,True,Optimization terminated successfully
pref-job,171,True,True,False,,0.04833702332407253,True,Optimization terminated successfully
pref-job,172,True,True,False,unemp;wage_f,0.1019891654398587,True,Optimization terminated successfully
pref-job,173,True,True,False,,0.14290332817626097,True,Optimization terminated successfully
pref-job,174,True,True,False,unemp,0.05359715075876935,True,Optimization terminated successfully
pref-job,175,True,True,False,sep,0.061575757732310964,True,Optimization terminated successfully
pref-job,176,True,True,False,unemp;wage_f,0.031754617965729245,True,Optimization terminated successfully
pref-job,177,True,True,False,,0.11605986772486314,True,Optimization terminated successfully
pref-job,178,True,True,False,sep,0.08582770591901705,True,Optimization terminated successfully
pref-job,179,True,True,False,,0.1284754915719758,True,Optimization terminated successfully
pref-job,180,True,True,False,wage_f,0.11713784806035456,True,Optimization terminated successfully
pref-job,181,True,True,False,,0.14078987413495672,True,Optimization terminated successfully
pref-job,182,True,True,False,sep,0.0706153457105631,True,Optimization terminated successfully
pref-job,183,True,True,False,wage_f,0.042599494441428215,True,Optimization terminated successfully
pref-job,184,True,True,False,ldens;unemp,0.1072038991352066,True,Optimization terminated successfully
pref-job,185,True,True,False,ldens;sep,0.1003736869100377,True,Optimization terminated successfully
pref-job,186,True,True,False,sep,0.08571313198834415,True,Optimization terminated successfully
pref-job,187,True,True,False,ldens,0.09119907329487252,True,Optimization terminated successfully
pref-job,188,True,True,False,,0.12356377742686715,True,Optimization terminated successfully
pref-job,189,True,True,False,sep,0.06364316805150115,True,Optimization terminated successfully
pref-job,190,True,True,False,,0.11538403565059889,True,Optimization terminated successfully
pref-job,191,True,True,False,,0.08193769114199585,True,Optimization terminated successfully
pref-job,192,True,True,False,,0.0979324815720496,True,Optimization terminated successfully
pref-job,193,True,True,False,,0.12053336905300491,True,Optimization terminated successfully
pref-job,194,True,True,False,unemp,0.09037335455369748,True,Optimization terminated successfully
pref-job,195,True,True,False,unemp;wage_f,0.09090679758563643,True,Optimization terminated successfully
pref-job,196,True,True,False,ldens,0.10650347526330575,True,Optimization terminated successfully
pref-job,197,True,True,False,,0.11723307582808512,True,Optimization terminated successfully
pref-job,198,True,True,False,unemp,0.0976191874672526,True,Optimization terminated successfully
pref-job,199,True,True,False,,0.10254989648246694,True,Optimization terminated successfully
pref-job,200,True,True,False,unemp,0.09410909997806172,True,Optimization terminated successfully
pref-job,201,True,True,False,unemp,0.1318574556407338,True,Optimization terminated successfully
pref-job,202,True,True,False,unemp,0.0781234804346726,True,Optimization terminated successfully
pref-job,203,True,True,False,unemp,0.03578981967728717,True,Optimization terminated successfully
pref-job,204,True,True,False,,0.09673763714800496,True,Optimization terminated successfully
pref-job,205,True,True,False,unemp,0.13989661344293877,True,Optimization terminated successfully
pref-job,206,True,True,False,unemp,0.09647583619641983,True,Optimization terminated successfully
pref-job,207,True,True,False,,0.08936451406666318,True,Optimization terminated successfully
pref-job,208,True,True,False,sep,0.052699046180838004,True,Optimization terminated successfully
pref-job,209,True,True,False,unemp;wage_f,0.09470784120914891,True,Optimization terminated successfully
pref-job,210,True,True,False,sep,0.09116713776646602,True,Optimization terminated successfully
pref-job,211,True,True,False,,0.08474386052944977,True,Optimization terminated successfully
pref-job,212,True,True,False,unemp,0.08453015953305201,True,Optimization terminated successfully
pref-job,213,True,True,False,unemp,0.10426680009168568,True,Optimization terminated successfully
pref-job,214,True,True,False,ldens;sep,0.0743644780211891,True,Optimization terminated successfully
pref-job,215,True,True,False,,0.14772376267901235,True,Optimization terminated successfully
pref-job,216,True,True,False,,0.09391380160811208,True,Optimization terminated successfully
pref-job,217,True,True,False,ldens;unemp,0.11433213297864286,True,Optimization terminated successfully
pref-job,218,True,True,False,sep,0.09294787982804711,True,Optimization terminated successfully
pref-job,219,True,True,False,sep,0.0986226667267847,True,Optimization terminated successfully
pref-job,220,True,True,False,sep,0.07222976547220113,True,Optimization terminated successfully
pref-job,221,True,True,False,unemp;wage_f,0.10678810396788121,True,Optimization terminated successfully
pref-job,222,True,True,False,ldens,0.12099256537740805,True,Optimization terminated successfully
pref-job,223,True,True,False,unemp,0.11791301457035534,True,Optimization terminated successfully
pref-job,224,True,True,False,ldens,0.10772026327263329,True,Optimization terminated successfully
pref-job,225,True,True,False,sep,0.10488954218679186,True,Optimization terminated successfully
pref-job,226,True,True,False,,0.07648791297932969,True,Optimization terminated successfully
pref-job,227,True,True,False,unemp;wage_f,0.07610283905374725,True,Optimization terminated successfully
pref-job,228,True,True,False,wage_f,0.07103009149819461,True,Optimization terminated successfully
pref-job,229,True,True,False,,0.05193326483684285,True,Optimization terminated successfully
pref-job,230,True,True,False,,0.07277527116657063,True,Optimization terminated successfully
pref-job,231,True,True,False,,0.08772818997911049,True,Optimization terminated successfully
pref-job,232,True,True,False,ldens;sep,0.07918024454190221,True,Optimization terminated successfully
pref-job,233,True,True,False,sep,0.12979502536797316,True,Optimization terminated successfully
pref-job,234,True,True,False,,0.15686166601344761,True,Optimization terminated successfully
pref-job,235,True,True,False,ldens,0.0753081707288826,True,Optimization terminated successfully
pref-job,236,True,True,False,sep;wage_f,0.06219440701695389,True,Optimization terminated successfully
pref-job,237,True,True,False,unemp;wage_f,0.08881882912486665,True,Optimization terminated successfully
pref-job,238,True,True,False,,0.09850610448908718,True,Optimization terminated successfully
pref-job,239,True,True,False,sep,0.05625980526506506,True,Optimization terminated successfully
pref-job,240,True,True,False,,0.10321190085105098,True,Optimization terminated successfully
pref-job,241,True,True,False,,0.11715518734399674,True,Optimization terminated successfully
pref-job,242,True,True,False,sep,0.07693541115248038,True,Optimization terminated successfully
pref-job,243,True,True,False,sep,0.07102333921433458,True,Optimization terminated successfully
pref-job,244,True,True,False,unemp,0.0929867219925108,True,Optimization terminated successfully
pref-job,245,True,True,False,unemp,0.11570402721109374,True,Optimization terminated successfully
pref-job,246,True,True,False,sep;wage_f,0.06365006759234379,True,Optimization terminated successfully
pref-job,247,True,True,False,unemp,0.04760855549155043,True,Optimization terminated successfully
pref-job,248,True,True,False,,0.10155102740206637,True,Optimization terminated successfully
pref-job,249,True,True,False,,0.10086706066879897,True,Optimization terminated successfully
pref-job,250,True,True,False,unemp,0.09300687196192793,True,Optimization terminated successfully
pref-job,251,True,True,False,,0.12955012214727155,True,Optimization terminated successfully
pref-job,252,True,True,False,unemp,0.07077688918734884,True,Optimization terminated successfully
pref-job,253,True,True,False,,0.09285911824765587,True,Optimization terminated successfully
pref-job,254,True,True,False,ldens,0.0982018354101602,True,Optimization terminated successfully
pref-job,255,True,True,False,,0.06429058510196799,True,Optimization terminated successfully
pref-job,256,True,True,False,,0.14092367053928115,True,Optimization terminated successfully
pref-job,257,True,True,False,,0.09636222748834689,True,Optimization terminated successfully
pref-job,258,True,True,False,sep,0.0591519731377122,True,Optimization terminated successfully
pref-job,259,True,True,False,unemp,0.10105891747156039,True,Optimization terminated successfully
pref-job,260,True,True,False,unemp;wage_f,0.09329074691423404,True,Optimization terminated successfully
pref-job,261,True,True,False,,0.0694593124691855,True,Optimization terminated successfully
pref-job,262,True,True,False,unemp,0.14928322937557495,True,Optimization terminated successfully
pref-job,263,True,True,False,unemp,0.1062704232385493,True,Optimization terminated successfully
pref-job,264,True,True,False,unemp,0.11042510984102079,True,Optimization terminated successfully
pref-job,265,True,True,False,wage_f,0.13000711059552872,True,Optimization terminated successfully
pref-job,266,True,True,False,,0.11359319978472679,True,Optimization terminated successfully
pref-job,267,True,True,False,,0.09084571033455188,True,Optimization terminated successfully
pref-job,268,True,True,False,,0.12617180912124779,True,Optimization terminated successfully
pref-job,269,True,True,False,ldens;sep,0.0524427762446681,True,Optimization terminated successfully
pref-job,270,True,True,False,unemp,0.07635894370193362,True,Optimization terminated successfully
pref-job,271,True,True,False,sep,0.06036611421945116,True,Optimization terminated successfully
pref-job,272,True,True,False,,0.09297808445577123,True,Optimization terminated successfully
pref-job,273,True,True,False,,0.1204531864569136,True,Optimization terminated successfully
pref-job,274,True,True,False,sep,0.07627201190755654,True,Optimization terminated successfully
pref-job,275,True,True,False,unemp,0.16084791696829637,True,Optimization terminated successfully
pref-job,276,True,True,False,sep,0.07926531477702735,True,Optimization terminated successfully
pref-job,277,True,True,False,ldens;unemp,0.07902487649060805,True,Optimization terminated successfully
pref-job,278,True,True,False,,0.0754954114800004,True,Optimization terminated successfully
pref-job,279,True,True,False,unemp;wage_f,0.07490202500219695,True,Optimization terminated successfully
pref-job,280,True,True,False,,0.09583783789417893,True,Optimization terminated successfully
pref-job,281,True,True,False,unemp,0.11335855845678908,True,Optimization terminated successfully
pref-job,282,True,True,False,unemp;wage_f,0.05847052477360545,True,Optimization terminated successfully
pref-job,283,True,True,False,ldens,0.06374241555395777,True,Optimization terminated successfully
pref-job,284,True,True,False,unemp;wage_f,0.0906610310255225,True,Optimization terminated successfully
pref-job,285,True,True,False,sep,0.07515584969941098,True,Optimization terminated successfully
pref-job,286,True,True,False,wage_f,0.06080853939531218,True,Optimization terminated successfully
pref-job,287,True,True,False,,0.09641520478792988,True,Optimization terminated successfully
pref-job,288,True,True,False,,0.05706309503816601,True,Optimization terminated successfully
pref-job,289,True,True,False,,0.06578192416422893,True,Optimization terminated successfully
pref-job,290,True,True,False,wage_f,0.07347747905608372,True,Optimization terminated successfully
pref-job,291,True,True,False,,0.09028922510310868,True,Optimization terminated successfully
pref-job,292,True,True,False,,0.09774369537409326,True,Optimization terminated successfully
pref-job,293,True,True,False,,0.10831513252192333,True,Optimization terminated successfully
pref-job,294,True,True,False,,0.09335069474613839,True,Optimization terminated successfully
pref-job,295,True,True,False,wage_f,0.10754834587801998,True,Optimization terminated successfully
pref-job,296,True,True,False,sep,0.05037781838069758,True,Optimization terminated successfully
pref-job,297,True,True,False,,0.10557488486489215,True,Optimization terminated successfully
pref-job,298,True,True,False,unemp,0.0902581663354841,True,Optimization terminated successfully
pref-job,299,True,True,False,wage_f,0.07601431996496204,True,Optimization terminated successfully
pref-job,300,True,True,False,ldens,0.08390009986865504,True,Optimization terminated successfully
pref-job,301,True,True,False,,0.0834362278576987,True,Optimization terminated successfully
pref-job,302,True,True,False,unemp,0.10024713660273549,True,Optimization terminated successfully
pref-job,303,True,True,False,sep,0.10341496365816316,True,Optimization terminated successfully
pref-job,304,True,True,False,wage_f,0.08830625799632351,True,Optimization terminated successfully
pref-job,305,True,True,False,sep,0.13544998482436144,True,Optimization terminated successfully
pref-job,306,True,True,False,sep,0.07086173580907083,True,Optimization terminated successfully
pref-job,307,True,True,False,,0.10797205290879644,True,Optimization terminated successfully
pref-job,308,True,True,False,sep,0.09124545141746196,True,Optimization terminated successfully
pref-job,309,True,True,False,,0.15693881494475853,True,Optimization terminated successfully
pref-job,310,True,True,False,wage_f,0.0870239980695636,True,Optimization terminated successfully
pref-job,311,True,True,False,unemp,0.06850645656199461,True,Optimization terminated successfully
pref-job,312,True,True,False,,0.11035002080284678,True,Optimization terminated successfully
pref-job,313,True,True,False,,0.09662920656028026,True,Optimization terminated successfully
pref-job,314,True,True,False,unemp;wage_f,0.07540344171567973,True,Optimization terminated successfully
pref-job,315,True,True,False,sep,0.0657963359697239,True,Optimization terminated successfully
pref-job,316,True,True,False,,0.056942142461594486,True,Optimization terminated successfully
pref-job,317,True,True,False,sep;wage_f,0.05582407353579774,True,Optimization terminated successfully
pref-job,318,True,True,False,sep,0.08252501324843835,True,Optimization terminated successfully
pref-job,319,True,True,False,unemp,0.10047413740289748,True,Optimization terminated successfully
pref-job,320,True,True,False,,0.10177893500525394,True,Optimization terminated successfully
pref-job,321,True,True,False,unemp,0.09032399877715863,True,Optimization terminated successfully
pref-job,322,True,True,False,,0.07625805802759868,True,Optimization terminated successfully
pref-job,323,True,True,False,,0.09320648844679635,True,Optimization terminated successfully
pref-job,324,True,True,False,sep,0.10678683975066926,True,Optimization terminated successfully
pref-job,325,True,True,False,unemp,0.10935626849963173,True,Optimization terminated successfully
pref-job,326,True,True,False,unemp,0.0989532864431248,True,Optimization terminated successfully
pref-job,327,True,True,False,unemp,0.10224737336280683,True,Optimization terminated successfully
pref-job,328,True,True,False,,0.0737183774466173,True,Optimization terminated successfully
pref-job,329,True,True,False,,0.13442987828330166,True,Optimization terminated successfully
pref-job,330,True,True,False,unemp,0.06816123614809741,True,Optimization terminated successfully
pref-job,331,True,True,False,,0.10161064426737887,True,Optimization terminated successfully
pref-job,332,True,True,False,wage_f,0.07842510065375723,True,Optimization terminated successfully
pref-job,333,True,True,False,unemp,0.09013344256301407,True,Optimization terminated successfully
pref-job,334,True,True,False,unemp,0.09910270677193872,True,Optimization terminated successfully
pref-job,335,True,True,False,sep,0.09793177589965239,True,Optimization terminated successfully
pref-job,336,True,True,False,,0.11049818990799129,True,Optimization terminated successfully
pref-job,337,True,True,False,unemp,0.06307608302426294,True,Optimization terminated successfully
pref-job,338,True,True,False,ldens,0.12649118976023765,True,Optimization terminated successfully
pref-job,339,True,True,False,ldens;unemp,0.0729298102165155,True,Optimization terminated successfully
pref-job,340,True,True,False,,0.077939659122136,True,Optimization terminated successfully
pref-job,341,True,True,False,,0.09586406179677691,True,Optimization terminated successfully
pref-job,342,True,True,False,sep,0.07746660253121572,True,Optimization terminated successfully
pref-job,343,True,True,False,sep,0.08350664368047163,True,Optimization terminated successfully
pref-job,344,True,True,False,unemp,0.11537548884482579,True,Optimization terminated successfully
pref-job,345,True,True,False,sep,0.06384470217676723,True,Optimization terminated successfully
pref-job,346,True,True,False,wage_f,0.0997933245714737,True,Optimization terminated successfully
pref-job,347,True,True,False,,0.09755503612714345,True,Optimization terminated successfully
pref-job,348,True,True,False,sep,0.08678805095652936,True,Optimization terminated successfully
pref-job,349,True,True,False,ldens,0.10345678234739504,True,Optimization terminated successfully
pref-job,350,True,True,False,unemp,0.14310224963578078,True,Optimization terminated successfully
pref-job,351,True,True,False,,0.09438381174920556,True,Optimization terminated successfully
pref-job,352,True,True,False,,0.1209909106198367,True,Optimization terminated successfully
pref-job,353,True,True,False,sep;wage_f,0.04046617389633705,True,Optimization terminated successfully
pref-job,354,True,True,False,sep,0.05789445665648041,True,Optimization terminated successfully
pref-job,355,True,True,False,,0.11629650619030978,True,Optimization terminated successfully
pref-job,356,True,True,False,,0.09509603111152484,True,Optimization terminated successfully
pref-job,357,True,True,False,ldens;sep,0.10330463225347968,True,Optimization terminated successfully
pref-job,358,True,True,False,,0.13292622317204322,True,Optimization terminated successfully
pref-job,359,True,True,False,,0.13947388945626601,True,Optimization terminated successfully
pref-job,360,True,True,False,,0.08628747840823661,True,Optimization terminated successfully
pref-job,361,True,True,False,,0.08852542377039145,True,Optimization terminated successfully
pref-job,362,True,True,False,,0.12163186568735516,True,Optimization terminated successfully
pref-job,363,True,True,False,sep,0.05190924855870483,True,Optimization terminated successfully
pref-job,364,True,True,False,,0.08617162099965262,True,Optimization terminated successfully
pref-job,365,True,True,False,,0.1351290779221069,True,Optimization terminated successfully
pref-job,366,True,True,False,ldens,0.0864026574798582,True,Optimization terminated successfully
pref-job,367,True,True,False,sep,0.0843141799566005,True,Optimization terminated successfully
pref-job,368,True,True,False,unemp,0.12711946944327188,True,Optimization terminated successfully
pref-job,369,True,True,False,,0.09854363536994067,True,Optimization terminated successfully
pref-job,370,True,True,False,ldens,0.12039442952243334,True,Optimization terminated successfully
pref-job,371,True,True,False,,0.10030674120568145,True,Optimization terminated successfully
pref-job,372,True,True,False,unemp,0.07718750833807797,True,Optimization terminated successfully
pref-job,373,True,True,False,,0.11623430361925363,True,Optimization terminated successfully
pref-job,374,True,True,False,ldens;sep,0.08810780477869351,True,Optimization terminated successfully
pref-job,375,True,True,False,,0.09494947344326789,True,Optimization terminated successfully
pref-job,376,True,True,False,sep,0.08006818167591932,True,Optimization terminated successfully
pref-job,377,True,True,False,sep,0.04759022809217763,True,Optimization terminated successfully
pref-job,378,True,True,False,,0.15372441932711223,True,Optimization terminated successfully
pref-job,379,True,True,False,,0.08142515287264784,True,Optimization terminated successfully
pref-job,380,True,True,False,,0.06394333025791216,True,Optimization terminated successfully
pref-job,381,True,True,False,unemp;wage_f,0.10661574633921236,True,Optimization terminated successfully
pref-job,382,True,True,False,,0.0982210570423422,True,Optimization terminated successfully
pref-job,383,True,True,False,sep,0.08528510800567803,True,Optimization terminated successfully
pref-job,384,True,True,False,unemp,0.15006768369330029,True,Optimization terminated successfully
pref-job,385,True,True,False,unemp,0.07372218988572236,True,Optimization terminated successfully
pref-job,386,True,True,False,,0.08459937711306362,True,Optimization terminated successfully
pref-job,387,True,True,False,ldens,0.08169983704095309,True,Optimization terminated successfully
pref-job,388,True,True,False,wage_f,0.12356449419113417,True,Optimization terminated successfully
pref-job,389,True,True,False,,0.0905887348710072,True,Optimization terminated successfully
pref-job,390,True,True,False,sep,0.1256518882078362,True,Optimization terminated successfully
pref-job,391,True,True,False,,0.06869437420118903,True,Optimization terminated successfully
pref-job,392,True,True,False,unemp;wage_f,0.10465548784682936,True,Optimization terminated successfully
pref-job,393,True,True,False,unemp,0.09299186829900861,True,Optimization terminated successfully
pref-job,394,True,True,False,unemp;wage_f,0.1069011015579756,True,Optimization terminated successfully
pref-job,395,True,True,False,,0.10801368945678641,True,Optimization terminated successfully
pref-job,396,True,True,False,unemp;wage_f,0.09126865524404491,True,Optimization terminated successfully
pref-job,397,True,True,False,,0.14844052202578936,True,Optimization terminated successfully
pref-job,398,True,True,False,unemp;wage_f,0.1228232833751524,True,Optimization terminated successfully
pref-job,399,True,True,False,unemp;wage_f,0.05461024495344158,True,Optimization terminated successfully
pref-job,400,True,True,False,,0.11937302396069749,True,Optimization terminated successfully
pref-job,401,True,True,False,,0.11846817393240366,True,Optimization terminated successfully
pref-job,402,True,True,False,,0.1312868114843789,True,Optimization terminated successfully
pref-job,403,True,True,False,unemp,0.13224203222214626,True,Optimization terminated successfully
pref-job,404,True,True,False,sep;wage_f,0.05913242262523451,True,Optimization terminated successfully
pref-job,405,True,True,False,unemp,0.08754088130482171,True,Optimization terminated successfully
pref-job,406,True,True,False,unemp;wage_f,0.052926946993986056,True,Optimization terminated successfully
pref-job,407,True,True,False,unemp;wage_f,0.11461359270826023,True,Optimization terminated successfully
pref-job,408,True,True,False,,0.08704215779931983,True,Optimization terminated successfully
pref-job,409,True,True,False,,0.12121774774519238,True,Optimization terminated successfully
pref-job,410,True,True,False,unemp,0.09354989963122826,True,Optimization terminated successfully
pref-job,411,True,True,False,,0.0701479537880979,True,Optimization terminated successfully
pref-job,412,True,True,False,wage_f,0.12988244206027608,True,Optimization terminated successfully
pref-job,413,True,True,False,ldens;sep,0.0953944684246338,True,Optimization terminated successfully
pref-job,414,True,True,False,,0.03539367059098401,True,Optimization terminated successfully
pref-job,415,True,True,False,ldens,0.09984198490090007,True,Optimization terminated successfully
pref-job,416,True,True,False,unemp;wage_f,0.05161104396604864,True,Optimization terminated successfully
pref-job,417,True,True,False,,0.07614789085485658,True,Optimization terminated successfully
pref-job,418,True,True,False,sep,0.09660134214902241,True,Optimization terminated successfully
pref-job,419,True,True,False,ldens;sep,0.08837702680407629,True,Optimization terminated successfully
pref-job,420,True,True,False,unemp;wage_f,0.08983143937026901,True,Optimization terminated successfully
pref-job,421,True,True,False,,0.08941138616859205,True,Optimization terminated successfully
pref-job,422,True,True,False,unemp,0.12556479699707554,True,Optimization terminated successfully
pref-job,423,True,True,False,unemp,0.11265781408527563,True,Optimization terminated successfully
pref-job,424,True,True,False,,0.11190016988888932,True,Optimization terminated successfully
pref-job,425,True,True,False,unemp,0.07314458013074802,True,Optimization terminated successfully
pref-job,426,True,True,False,unemp,0.09253089077037396,True,Optimization terminated successfully
pref-job,427,True,True,False,sep,0.09106613396550117,True,Optimization terminated successfully
pref-job,428,True,True,False,wage_f,0.06667229519443883,True,Optimization terminated successfully
pref-job,429,True,True,False,,0.12503536685744054,True,Optimization terminated successfully
pref-job,430,True,True,False,,0.18827800164738084,True,Optimization terminated successfully
pref-job,431,True,True,False,unemp,0.07002619197017769,True,Optimization terminated successfully
pref-job,432,True,True,False,,0.124117399250054,True,Optimization terminated successfully
pref-job,433,True,True,False,,0.10317351779434658,True,Optimization terminated successfully
pref-job,434,True,True,False,unemp;wage_f,0.06104292818640724,True,Optimization terminated successfully
pref-job,435,True,True,False,unemp;wage_f,0.03937856551850126,True,Optimization terminated successfully
pref-job,436,True,True,False,sep,0.08607761099197432,True,Optimization terminated successfully
pref-job,437,True,True,False,sep,0.04422309479960822,True,Optimization terminated successfully
pref-job,438,True,True,False,unemp,0.0772763429671056,True,Optimization terminated successfully
pref-job,439,True,True,False,,0.0714939780873903,True,Optimization terminated successfully
pref-job,440,True,True,False,,0.12274777093209545,True,Optimization terminated successfully
pref-job,441,True,True,False,sep,0.11855829464129637,True,Optimization terminated successfully
pref-job,442,True,True,False,unemp;wage_f,0.08089808652284904,True,Optimization terminated successfully
pref-job,443,True,True,False,unemp,0.10237077314437486,True,Optimization terminated successfully
pref-job,444,True,True,False,,0.11325527596817903,True,Optimization terminated successfully
pref-job,445,True,True,False,unemp,0.09397091867203868,True,Optimization terminated successfully
pref-job,446,True,True,False,wage_f,0.0969520189621605,True,Optimization terminated successfully
pref-job,447,True,True,False,,0.13808899908429714,True,Optimization terminated successfully
pref-job,448,True,True,False,sep;wage_f,0.058239556154992184,True,Optimization terminated successfully
pref-job,449,True,True,False,,0.10064925099706094,True,Optimization terminated successfully
pref-job,450,True,True,False,,0.14942078693510524,True,Optimization terminated successfully
pref-job,451,True,True,False,unemp,0.09261194527090082,True,Optimization terminated successfully
pref-job,452,True,True,False,sep,0.05914595781620544,True,Optimization terminated successfully
pref-job,453,True,True,False,,0.0853193779821609,True,Optimization terminated successfully
pref-job,454,True,True,False,sep,0.06492231931217349,True,Optimization terminated successfully
pref-job,455,True,True,False,,0.09782405084467592,True,Optimization terminated successfully
pref-job,456,True,True,False,,0.09535481617976357,True,Optimization terminated successfully
pref-job,457,True,True,False,ldens;sep,0.07616912598428385,True,Optimization terminated successfully
pref-job,458,True,True,False,unemp,0.08125107472144288,True,Optimization terminated successfully
pref-job,459,True,True,False,,0.13319225379736443,True,Optimization terminated successfully
pref-job,460,True,True,False,unemp,0.1447267476964265,True,Optimization terminated successfully
pref-job,461,True,True,False,,0.08141009351783313,True,Optimization terminated successfully
pref-job,462,True,True,False,unemp,0.07930323037268373,True,Optimization terminated successfully
pref-job,463,True,True,False,,0.08444103684419883,True,Optimization terminated successfully
pref-job,464,True,True,False,ldens;unemp,0.1053393287804464,True,Optimization terminated successfully
pref-job,465,True,True,False,unemp;wage_f,0.07886219964550883,True,Optimization terminated successfully
pref-job,466,True,True,False,sep,0.14092229323113534,True,Optimization terminated successfully
pref-job,467,True,True,False,unemp,0.10280310225713787,True,Optimization terminated successfully
pref-job,468,True,True,False,ldens,0.11337026861051162,True,Optimization terminated successfully
pref-job,469,True,True,False,,0.11317962389570259,True,Optimization terminated successfully
pref-job,470,True,True,False,sep,0.06519919569889393,True,Optimization terminated successfully
pref-job,471,True,True,False,,0.09576081986196543,True,Optimization terminated successfully
pref-job,472,True,True,False,,0.1172359258179943,True,Optimization terminated successfully
pref-job,473,True,True,False,ldens,0.1271186999975977,True,Optimization terminated successfully
pref-job,474,True,True,False,ldens,0.10993833035919715,True,Optimization terminated successfully
pref-job,475,True,True,False,sep,0.12534541120550155,True,Optimization terminated successfully
pref-job,476,True,True,False,sep,0.10208307484011593,True,Optimization terminated successfully
pref-job,477,True,True,False,,0.07365805819400588,True,Optimization terminated successfully
pref-job,478,True,True,False,unemp;wage_f,0.05591295529351271,True,Optimization terminated successfully
pref-job,479,True,True,False,,0.12927156533300918,True,Optimization terminated successfully
pref-job,480,True,True,False,wage_f,0.07369399106825289,True,Optimization terminated successfully
pref-job,481,True,True,False,unemp,0.08337530687630075,True,Optimization terminated successfully
pref-job,482,True,True,False,,0.08697880411115687,True,Optimization terminated successfully
pref-job,483,True,True,False,,0.11750649945007105,True,Optimization terminated successfully
pref-job,484,True,True,False,ldens,0.07866437701630037,True,Optimization terminated successfully
pref-job,485,True,True,False,unemp,0.06531692375327805,True,Optimization terminated successfully
pref-job,486,True,True,False,wage_f,0.06844931300650467,True,Optimization terminated successfully
pref-job,487,True,True,False,sep,0.09474473545123456,True,Optimization terminated successfully
pref-job,488,True,True,False,,0.10300328372019205,True,Optimization terminated successfully
pref-job,489,True,True,False,unemp,0.1382782104045651,True,Optimization terminated successfully
pref-job,490,True,True,False,,0.11314844693986377,True,Optimization terminated successfully
pref-job,491,True,True,False,sep,0.11120445549335244,True,Optimization terminated successfully
pref-job,492,True,True,False,,0.10359103489885013,True,Optimization terminated successfully
pref-job,493,True,True,False,,0.10875983532327684,True,Optimization terminated successfully
pref-job,494,True,True,False,sep,0.09537140215480111,True,Optimization terminated successfully
pref-job,495,True,True,False,,0.09047312931595651,True,Optimization terminated successfully
pref-job,496,True,True,False,,0.0962643788000536,True,Optimization terminated successfully
pref-job,497,True,True,False,wage_f,0.07915000236304705,True,Optimization terminated successfully
pref-job,498,True,True,False,,0.12175803609681066,True,Optimization terminated successfully
pref-job,499,True,True,False,,0.08959703900085834,True,Optimization terminated successfully
pref-job,500,True,True,False,,0.10991369844400674,True,Optimization terminated successfully
pref-job,501,True,True,False,ldens;unemp,0.08646405799098315,True,Optimization terminated successfully
pref-job,502,True,True,False,,0.10321682441135821,True,Optimization terminated successfully
pref-job,503,True,True,False,sep,0.06923697284621314,True,Optimization terminated successfully
pref-job,504,True,True,False,unemp;wage_f,0.08957186872266949,True,Optimization terminated successfully
pref-job,505,True,True,False,sep,0.06375786475234596,True,Optimization terminated successfully
pref-job,506,True,True,False,unemp,0.11629969041833589,True,Optimization terminated successfully
pref-job,507,True,True,False,,0.17538078170644547,True,Optimization terminated successfully
pref-job,508,True,True,False,sep,0.14524281489079538,True,Optimization terminated successfully
pref-job,509,True,True,False,unemp;wage_f,0.06763486652146357,True,Optimization terminated successfully
pref-job,510,True,True,False,,0.10817485265061627,True,Optimization terminated successfully
pref-job,511,True,True,False,unemp;wage_f,0.06877251254011434,True,Optimization terminated successfully
pref-job,512,True,True,False,unemp,0.08173572133991426,True,Optimization terminated successfully
pref-job,513,True,True,False,unemp,0.0937717836761818,True,Optimization terminated successfully
pref-job,514,True,True,False,,0.14540099832144998,True,Optimization terminated successfully
pref-job,515,True,True,False,,0.09201158836217518,True,Optimization terminated successfully
pref-job,516,True,True,False,sep,0.07769046383506356,True,Optimization terminated successfully
pref-job,517,True,True,False,ldens,0.06486790320715831,True,Optimization terminated successfully
pref-job,518,True,True,False,,0.1174092167742355,True,Optimization terminated successfully
pref-job,519,True,True,False,ldens,0.10190181684932706,True,Optimization terminated successfully
pref-job,520,True,True,False,ldens;unemp,0.09240251873983447,True,Optimization terminated successfully
pref-job,521,True,True,False,unemp,0.09244508021808999,True,Optimization terminated successfully
pref-job,522,True,True,False,unemp;wage_f,0.08936722694485294,True,Optimization terminated successfully
pref-job,523,True,True,False,,0.09393892820701501,True,Optimization terminated successfully
pref-job,524,True,True,False,unemp,0.08824965392850177,True,Optimization terminated successfully
pref-job,525,True,True,False,,0.13903256294049365,True,Optimization terminated successfully
pref-job,526,True,True,False,ldens,0.09551944534442082,True,Optimization terminated successfully
pref-job,527,True,True,False,sep,0.06659579703095989,True,Optimization terminated successfully
pref-job,528,True,True,False,sep,0.13966266076037898,True,Optimization terminated successfully
pref-job,529,True,True,False,ldens;unemp,0.10942502997819059,True,Optimization terminated successfully
pref-job,530,True,True,False,sep,0.10754259733193873,True,Optimization terminated successfully
pref-job,531,True,True,False,,0.10081770096509854,True,Optimization terminated successfully
pref-job,532,True,True,False,unemp,0.08861960690112962,True,Optimization terminated successfully
pref-job,533,True,True,False,,0.15414141211638,True,Optimization terminated successfully
pref-job,534,True,True,False,sep;wage_f,0.09174637941489835,True,Optimization terminated successfully
pref-job,535,True,True,False,unemp;wage_f,0.09160627495306263,True,Optimization terminated successfully
pref-job,536,True,True,False,unemp,0.14623281268818805,True,Optimization terminated successfully
pref-job,537,True,True,False,unemp,0.13820849070172336,True,Optimization terminated successfully
pref-job,538,True,True,False,sep,0.07120450487960413,True,Optimization terminated successfully
pref-job,539,True,True,False,sep,0.06807298342222193,True,Optimization terminated successfully
pref-job,540,True,True,False,,0.09937793892429198,True,Optimization terminated successfully
pref-job,541,True,True,False,unemp;wage_f,0.046643154162585805,True,Optimization terminated successfully
pref-job,542,True,True,False,ldens,0.09431185802828228,True,Optimization terminated successfully
pref-job,543,True,True,False,sep,0.07568861422613779,True,Optimization terminated successfully
pref-job,544,True,True,False,ldens;unemp,0.1081596773702174,True,Optimization terminated successfully
pref-job,545,True,True,False,,0.091158560581441,True,Optimization terminated successfully
pref-job,546,True,True,False,,0.1324787737274125,True,Optimization terminated successfully
pref-job,547,True,True,False,sep;wage_f,0.07032408550619554,True,Optimization terminated successfully
pref-job,548,True,True,False,,0.10454336536016683,True,Optimization terminated successfully
pref-job,549,True,True,False,ldens;sep,0.08566339607020045,True,Optimization terminated successfully
pref-job,550,True,True,False,wage_f,0.09951306357755267,True,Optimization terminated successfully
pref-job,551,True,True,False,unemp,0.12505404260492337,True,Optimization terminated successfully
pref-job,552,True,True,False,unemp;wage_f,0.10185647602907577,True,Optimization terminated successfully
pref-job,553,True,True,False,sep,0.12160685142689136,True,Optimization terminated successfully
pref-job,554,True,True,False,unemp,0.11990047787852018,True,Optimization terminated successfully
pref-job,555,True,True,False,sep,0.10885244439262581,True,Optimization terminated successfully
pref-job,556,True,True,False,,0.09184964613125346,True,Optimization terminated successfully
pref-job,557,True,True,False,,0.1322680610822672,True,Optimization terminated successfully
pref-job,558,True,True,False,ldens;unemp,0.11004092874845253,True,Optimization terminated successfully
pref-job,559,True,True,False,unemp,0.1419747169242563,True,Optimization terminated successfully
pref-job,560,True,True,False,,0.1262086204644365,True,Optimization terminated successfully
pref-job,561,True,True,False,ldens;unemp,0.10776758217958388,True,Optimization terminated successfully
pref-job,562,True,True,False,sep,0.10385079801331758,True,Optimization terminated successfully
pref-job,563,True,True,False,wage_f,0.06378477069858624,True,Optimization terminated successfully
pref-job,564,True,True,False,unemp,0.10892615984017709,True,Optimization terminated successfully
pref-job,565,True,True,False,sep,0.09005211327008152,True,Optimization terminated successfully
pref-job,566,True,True,False,unemp,0.11003384353680813,True,Optimization terminated successfully
pref-job,567,True,True,False,,0.099942332084889,True,Optimization terminated successfully
pref-job,568,True,True,False,,0.10195351267162138,True,Optimization terminated successfully
pref-job,569,True,True,False,wage_f,0.07702476368773746,True,Optimization terminated successfully
pref-job,570,True,True,False,ldens,0.057785632526257485,True,Optimization terminated successfully
pref-job,571,True,True,False,unemp,0.09333468999931493,True,Optimization terminated successfully
pref-job,572,True,True,False,,0.13257975703049282,True,Optimization terminated successfully
pref-job,573,True,True,False,unemp;wage_f,0.10934011914486193,True,Optimization terminated successfully
pref-job,574,True,True,False,unemp,0.058370337836472656,True,Optimization terminated successfully
pref-job,575,True,True,False,sep,0.1163093306793147,True,Optimization terminated successfully
pref-job,576,True,True,False,ldens,0.09062811851931414,True,Optimization terminated successfully
pref-job,577,True,True,False,,0.08496740952540636,True,Optimization terminated successfully
pref-job,578,True,True,False,unemp;wage_f,0.07326877638137952,True,Optimization terminated successfully
pref-job,579,True,True,False,ldens,0.12750749386640045,True,Optimization terminated successfully
pref-job,580,True,True,False,,0.11407303805142853,True,Optimization terminated successfully
pref-job,581,True,True,False,,0.09297446692313194,True,Optimization terminated successfully
pref-job,582,True,True,False,sep,0.14384493722244512,True,Optimization terminated successfully
pref-job,583,True,True,False,sep,0.051727934551153834,True,Optimization terminated successfully
pref-job,584,True,True,False,unemp,0.10571249354138014,True,Optimization terminated successfully
pref-job,585,True,True,False,,0.11540921245012657,True,Optimization terminated successfully
pref-job,586,True,True,False,unemp,0.09100550688551969,True,Optimization terminated successfully
pref-job,587,True,True,False,ldens;sep,0.09164303912206548,True,Optimization terminated successfully
pref-job,588,True,True,False,wage_f,0.09139537546274586,True,Optimization terminated successfully
pref-job,589,True,True,False,unemp,0.09396781293137542,True,Optimization terminated successfully
pref-job,590,True,True,False,unemp,0.12072228636992184,True,Optimization terminated successfully
pref-job,591,True,True,False,,0.15274731688536394,True,Optimization terminated successfully
pref-job,592,True,True,False,unemp,0.10987377202927198,True,Optimization terminated successfully
pref-job,593,True,True,False,unemp;wage_f,0.0778308578134208,True,Optimization terminated successfully
pref-job,594,True,True,False,unemp,0.06242780990221583,True,Optimization terminated successfully
pref-job,595,True,True,False,,0.09816883974394908,True,Optimization terminated successfully
pref-job,596,True,True,False,sep,0.06634781809987514,True,Optimization terminated successfully
pref-job,597,True,True,False,,0.11542299485175614,True,Optimization terminated successfully
pref-job,598,True,True,False,,0.11250429074092574,True,Optimization terminated successfully
pref-job,599,True,True,False,,0.13478514090625368,True,Optimization terminated successfully
muni,-1,True,True,False,,0.11746027884690176,True,Optimization terminated successfully
muni,0,True,True,False,,0.11054466039361145,True,Optimization terminated successfully
muni,1,True,True,False,,0.10921353390136947,True,Optimization terminated successfully
muni,2,True,True,False,,0.13877850986936247,True,Optimization terminated successfully
muni,3,True,True,False,,0.11462682096612811,True,Optimization terminated successfully
muni,4,True,True,False,,0.13835047451356886,True,Optimization terminated successfully
muni,5,True,True,False,,0.10527969823429367,True,Optimization terminated successfully
muni,6,True,True,False,,0.1302253930290085,True,Optimization terminated successfully
muni,7,True,True,False,,0.11710117639486999,True,Optimization terminated successfully
muni,8,True,True,False,,0.10502436410549754,True,Optimization terminated successfully
muni,9,True,True,False,,0.12141069501846052,True,Optimization terminated successfully
muni,10,True,True,False,,0.11760273840526297,True,Optimization terminated successfully
muni,11,True,True,False,,0.12036335965297751,True,Optimization terminated successfully
muni,12,True,True,False,,0.11690413005272318,True,Optimization terminated successfully
muni,13,True,True,False,,0.11954980204114181,True,Optimization terminated successfully
muni,14,True,True,False,,0.10399111347158804,True,Optimization terminated successfully
muni,15,True,True,False,,0.11721705065970724,True,Optimization terminated successfully
muni,16,True,True,False,,0.10745563009261987,True,Optimization terminated successfully
muni,17,True,True,False,,0.10358747202296166,True,Optimization terminated successfully
muni,18,True,True,False,,0.11178180642751237,True,Optimization terminated successfully
muni,19,True,True,False,,0.11014022905342957,True,Optimization terminated successfully
muni,20,True,True,False,,0.1172595802120351,True,Optimization terminated successfully
muni,21,True,True,False,,0.12790505702526897,True,Optimization terminated successfully
muni,22,True,True,False,,0.123453603141398,True,Optimization terminated successfully
muni,23,True,True,False,,0.12407201866880273,True,Optimization terminated successfully
muni,24,True,True,False,,0.10474286392443949,True,Optimization terminated successfully
muni,25,True,True,False,,0.108320165269246,True,Optimization terminated successfully
muni,26,True,True,False,,0.1008732275351648,True,Optimization terminated successfully
muni,27,True,True,False,,0.11313262630059422,True,Optimization terminated successfully
muni,28,True,True,False,,0.13668708783878378,True,Optimization terminated successfully
muni,29,True,True,False,,0.10157608947569527,True,Optimization terminated successfully
muni,30,True,True,False,,0.11444069675789585,True,Optimization terminated successfully
muni,31,True,True,False,,0.10719871833002331,True,Optimization terminated successfully
muni,32,True,True,False,,0.13002043104215494,True,Optimization terminated successfully
muni,33,True,True,False,,0.12529965827823694,True,Optimization terminated successfully
muni,34,True,True,False,,0.11647592137641445,True,Optimization terminated successfully
muni,35,True,True,False,,0.14183721803574953,True,Optimization terminated successfully
muni,36,True,True,False,,0.10024468546955574,True,Optimization terminated successfully
muni,37,True,True,False,,0.13419356735984686,True,Optimization terminated successfully
muni,38,True,True,False,,0.10526552136651884,True,Optimization terminated successfully
muni,39,True,True,False,,0.1542335044499528,True,Optimization terminated successfully
muni,40,True,True,False,,0.12351112287697584,True,Optimization terminated successfully
muni,41,True,True,False,,0.12863793235088095,True,Optimization terminated successfully
muni,42,True,True,False,,0.11000556838401256,True,Optimization terminated successfully
muni,43,True,True,False,,0.09510287600800112,True,Optimization terminated successfully
muni,44,True,True,False,,0.11404832206259655,True,Optimization terminated successfully
muni,45,True,True,False,,0.10553716452322544,True,Optimization terminated successfully
muni,46,True,True,False,,0.11136876412227939,True,Optimization terminated successfully
muni,47,True,True,False,,0.11436470444730974,True,Optimization terminated successfully
muni,48,True,True,False,,0.1144136807124745,True,Optimization terminated successfully
muni,49,True,True,False,,0.11061769376348535,True,Optimization terminated successfully
muni,50,True,True,False,,0.09908986131749377,True,Optimization terminated successfully
muni,51,True,True,False,,0.10691294770478664,True,Optimization terminated successfully
muni,52,True,True,False,,0.09057142756815088,True,Optimization terminated successfully
muni,53,True,True,False,,0.12001749855666644,True,Optimization terminated successfully
muni,54,True,True,False,,0.12009550661351417,True,Optimization terminated successfully
muni,55,True,True,False,,0.13777065898318405,True,Optimization terminated successfully
muni,56,True,True,False,,0.11495502555346461,True,Optimization terminated successfully
muni,57,True,True,False,,0.10701739188107433,True,Optimization terminated successfully
muni,58,True,True,False,,0.136458727267206,True,Optimization terminated successfully
muni,59,True,True,False,,0.11724299852108104,True,Optimization terminated successfully
muni,60,True,True,False,,0.10755485443466192,True,Optimization terminated successfully
muni,61,True,True,False,,0.10175819106814218,True,Optimization terminated successfully
muni,62,True,True,False,,0.12861309417847455,True,Optimization terminated successfully
muni,63,True,True,False,,0.11051825218545923,True,Optimization terminated successfully
muni,64,True,True,False,,0.11498558860131727,True,Optimization terminated successfully
muni,65,True,True,False,,0.1323623184356539,True,Optimization terminated successfully
muni,66,True,True,False,,0.1268677246091917,True,Optimization terminated successfully
muni,67,True,True,False,,0.1203618697374712,True,Optimization terminated successfully
muni,68,True,True,False,,0.11861123645891733,True,Optimization terminated successfully
muni,69,True,True,False,,0.11493273096070179,True,Optimization terminated successfully
muni,70,True,True,False,,0.1198187267628022,True,Optimization terminated successfully
muni,71,True,True,False,,0.10770166325090841,True,Optimization terminated successfully
muni,72,True,True,False,,0.11663155707467768,True,Optimization terminated successfully
muni,73,True,True,False,,0.1223165914288113,True,Optimization terminated successfully
muni,74,True,True,False,,0.13498253898259835,True,Optimization terminated successfully
muni,75,True,True,False,,0.11843608180015756,True,Optimization terminated successfully
muni,76,True,True,False,,0.10180952466164499,True,Optimization terminated successfully
muni,77,True,True,False,,0.12165447947160961,True,Optimization terminated successfully
muni,78,True,True,False,,0.10982830049138571,True,Optimization terminated successfully
muni,79,True,True,False,,0.12152279627236506,True,Optimization terminated successfully
muni,80,True,True,False,,0.10712731048210254,True,Optimization terminated successfully
muni,81,True,True,False,,0.12692917311604307,True,Optimization terminated successfully
muni,82,True,True,False,,0.10529379305559085,True,Optimization terminated successfully
muni,83,True,True,False,,0.10700165265299576,True,Optimization terminated successfully
muni,84,True,True,False,,0.11201816616426293,True,Optimization terminated successfully
muni,85,True,True,False,,0.10663025181192869,True,Optimization terminated successfully
muni,86,True,True,False,,0.09456452466160054,True,Optimization terminated successfully
muni,87,True,True,False,,0.10457046841753188,True,Optimization terminated successfully
muni,88,True,True,False,,0.11727923052984394,True,Optimization terminated successfully
muni,89,True,True,False,,0.13241980283443244,True,Optimization terminated successfully
muni,90,True,True,False,,0.12496559225426757,True,Optimization terminated successfully
muni,91,True,True,False,,0.1272645227093211,True,Optimization terminated successfully
muni,92,True,True,False,,0.10046373504786124,True,Optimization terminated successfully
muni,93,True,True,False,,0.1086214767753147,True,Optimization terminated successfully
muni,94,True,True,False,,0.1395443031080615,True,Optimization terminated successfully
muni,95,True,True,False,,0.11630757229550376,True,Optimization terminated successfully
muni,96,True,True,False,,0.11864180312177108,True,Optimization terminated successfully
muni,97,True,True,False,,0.10018133913980229,True,Optimization terminated successfully
muni,98,True,True,False,,0.12688819286446756,True,Optimization terminated successfully
muni,99,True,True,False,,0.1447910470248537,True,Optimization terminated successfully
muni,100,True,True,False,,0.14839531522846217,True,Optimization terminated successfully
muni,101,True,True,False,,0.12232588379776707,True,Optimization terminated successfully
muni,102,True,True,False,,0.11209075857339865,True,Optimization terminated successfully
muni,103,True,True,False,,0.12633760302937244,True,Optimization terminated successfully
muni,104,True,True,False,,0.11764341571166079,True,Optimization terminated successfully
muni,105,True,True,False,,0.11059920982233062,True,Optimization terminated successfully
muni,106,True,True,False,,0.10944729055843296,True,Optimization terminated successfully
muni,107,True,True,False,,0.11992236955866094,True,Optimization terminated successfully
muni,108,True,True,False,,0.11416346825402143,True,Optimization terminated successfully
muni,109,True,True,False,,0.12997603708681704,True,Optimization terminated successfully
muni,110,True,True,False,,0.11766821788792291,True,Optimization terminated successfully
muni,111,True,True,False,,0.09794132754660832,True,Optimization terminated successfully
muni,112,True,True,False,,0.10360477579280748,True,Optimization terminated successfully
muni,113,True,True,False,,0.11194056511114472,True,Optimization terminated successfully
muni,114,True,True,False,,0.1083038092984688,True,Optimization terminated successfully
muni,115,True,True,False,,0.12625181627875443,True,Optimization terminated successfully
muni,116,True,True,False,,0.11830862025824683,True,Optimization terminated successfully
muni,117,True,True,False,,0.10909466532981815,True,Optimization terminated successfully
muni,118,True,True,False,,0.11879342944646203,True,Optimization terminated successfully
muni,119,True,True,False,,0.11112163145527976,True,Optimization terminated successfully
muni,120,True,True,False,,0.09912888984130008,True,Optimization terminated successfully
muni,121,True,True,False,,0.10809766718959095,True,Optimization terminated successfully
muni,122,True,True,False,,0.12798703450350504,True,Optimization terminated successfully
muni,123,True,True,False,,0.11232386326918327,True,Optimization terminated successfully
muni,124,True,True,False,,0.11900144740419474,True,Optimization terminated successfully
muni,125,True,True,False,,0.11503746690130154,True,Optimization terminated successfully
muni,126,True,True,False,,0.12466476586678303,True,Optimization terminated successfully
muni,127,True,True,False,,0.10831700764860128,True,Optimization terminated successfully
muni,128,True,True,False,,0.11912942209226046,True,Optimization terminated successfully
muni,129,True,True,False,,0.12105349365095378,True,Optimization terminated successfully
muni,130,True,True,False,,0.09873341508542374,True,Optimization terminated successfully
muni,131,True,True,False,,0.10515089344412863,True,Optimization terminated successfully
muni,132,True,True,False,,0.13627112300218794,True,Optimization terminated successfully
muni,133,True,True,False,,0.11689353637904605,True,Optimization terminated successfully
muni,134,True,True,False,,0.10829750562066726,True,Optimization terminated successfully
muni,135,True,True,False,,0.10691496460513603,True,Optimization terminated successfully
muni,136,True,True,False,,0.11132328269006783,True,Optimization terminated successfully
muni,137,True,True,False,,0.1361137000926351,True,Optimization terminated successfully
muni,138,True,True,False,,0.11378041186460813,True,Optimization terminated successfully
muni,139,True,True,False,,0.11337730563871098,True,Optimization terminated successfully
muni,140,True,True,False,,0.10306516823582218,True,Optimization terminated successfully
muni,141,True,True,False,,0.12788986524485865,True,Optimization terminated successfully
muni,142,True,True,False,,0.10286475926195185,True,Optimization terminated successfully
muni,143,True,True,False,,0.10803301892775291,True,Optimization terminated successfully
muni,144,True,True,False,,0.1143066061866095,True,Optimization terminated successfully
muni,145,True,True,False,,0.12211336244342286,True,Optimization terminated successfully
muni,146,True,True,False,,0.1216798804695857,True,Optimization terminated successfully
muni,147,True,True,False,,0.12525293886895716,True,Optimization terminated successfully
muni,148,True,True,False,,0.12532583534420802,True,Optimization terminated successfully
muni,149,True,True,False,,0.15034552944538002,True,Optimization terminated successfully
muni,150,True,True,False,,0.10501621491440263,True,Optimization terminated successfully
muni,151,True,True,False,,0.10486753803496296,True,Optimization terminated successfully
muni,152,True,True,False,,0.11327106677543307,True,Optimization terminated successfully
muni,153,True,True,False,,0.10930566244907715,True,Optimization terminated successfully
muni,154,True,True,False,,0.12628939043359724,True,Optimization terminated successfully
muni,155,True,True,False,,0.10079642155836212,True,Optimization terminated successfully
muni,156,True,True,False,,0.09674851508686416,True,Optimization terminated successfully
muni,157,True,True,False,,0.11426142490257389,True,Optimization terminated successfully
muni,158,True,True,False,,0.13077682278120856,True,Optimization terminated successfully
muni,159,True,True,False,,0.116088275965308,True,Optimization terminated successfully
muni,160,True,True,False,,0.11148718860567507,True,Optimization terminated successfully
muni,161,True,True,False,,0.11986221954433021,True,Optimization terminated successfully
muni,162,True,True,False,,0.10542810921326944,True,Optimization terminated successfully
muni,163,True,True,False,,0.10872093825330983,True,Optimization terminated successfully
muni,164,True,True,False,,0.135395869021703,True,Optimization terminated successfully
muni,165,True,True,False,,0.11258939816682804,True,Optimization terminated successfully
muni,166,True,True,False,,0.10063390074616367,True,Optimization terminated successfully
muni,167,True,True,False,,0.11564196086285781,True,Optimization terminated successfully
muni,168,True,True,False,,0.12188368505068979,True,Optimization terminated successfully
muni,169,True,True,False,,0.11471664483691857,True,Optimization terminated successfully
muni,170,True,True,False,,0.1283144700806038,True,Optimization terminated successfully
muni,171,True,True,False,,0.11636301976331552,True,Optimization terminated successfully
muni,172,True,True,False,,0.11491153345543202,True,Optimization terminated successfully
muni,173,True,True,False,,0.11084568804278445,True,Optimization terminated successfully
muni,174,True,True,False,,0.1150400197252071,True,Optimization terminated successfully
muni,175,True,True,False,,0.117214552689503,True,Optimization terminated successfully
muni,176,True,True,False,,0.1062314465895788,True,Optimization terminated successfully
muni,177,True,True,False,,0.11254084334097951,True,Optimization terminated successfully
muni,178,True,True,False,,0.10894286984949043,True,Optimization terminated successfully
muni,179,True,True,False,,0.12427183228538344,True,Optimization terminated successfully
muni,180,True,True,False,,0.10769138650273967,True,Optimization terminated successfully
muni,181,True,True,False,,0.11809947217648481,True,Optimization terminated successfully
muni,182,True,True,False,,0.10534531125660243,True,Optimization terminated successfully
muni,183,True,True,False,,0.11189652136851973,True,Optimization terminated successfully
muni,184,True,True,False,,0.13033928768592545,True,Optimization terminated successfully
muni,185,True,True,False,,0.1322508017885053,True,Optimization terminated successfully
muni,186,True,True,False,,0.10480955021666911,True,Optimization terminated successfully
muni,187,True,True,False,,0.1255798208561671,True,Optimization terminated successfully
muni,188,True,True,False,,0.10189972660477255,True,Optimization terminated successfully
muni,189,True,True,False,,0.13367137409592508,True,Optimization terminated successfully
muni,190,True,True,False,,0.12907303234663567,True,Optimization terminated successfully
muni,191,True,True,False,,0.11231189364215213,True,Optimization terminated successfully
muni,192,True,True,False,,0.11448508561585428,True,Optimization terminated successfully
muni,193,True,True,False,,0.1083235289785624,True,Optimization terminated successfully
muni,194,True,True,False,,0.10716657307091976,True,Optimization terminated successfully
muni,195,True,True,False,,0.1080924730725967,True,Optimization terminated successfully
muni,196,True,True,False,,0.1128572195196784,True,Optimization terminated successfully
muni,197,True,True,False,,0.10159902041224055,True,Optimization terminated successfully
muni,198,True,True,False,,0.11878950015984195,True,Optimization terminated successfully
muni,199,True,True,False,,0.13997063167427617,True,Optimization terminated successfully
muni,200,True,True,False,,0.11119992339781366,True,Optimization terminated successfully
muni,201,True,True,False,,0.12427199566935701,True,Optimization terminated successfully
muni,202,True,True,False,,0.10708431183578572,True,Optimization terminated successfully
muni,203,True,True,False,,0.12953811017378955,True,Optimization terminated successfully
muni,204,True,True,False,,0.11186498773177815,True,Optimization terminated successfully
muni,205,True,True,False,,0.1190121355154628,True,Optimization terminated successfully
muni,206,True,True,False,,0.11443877787266026,True,Optimization terminated successfully
muni,207,True,True,False,,0.1206240833504331,True,Optimization terminated successfully
muni,208,True,True,False,,0.09475149878468064,True,Optimization terminated successfully
muni,209,True,True,False,,0.12639734508446518,True,Optimization terminated successfully
muni,210,True,True,False,,0.14633871301817078,True,Optimization terminated successfully
muni,211,True,True,False,,0.12367361289348655,True,Optimization terminated successfully
muni,212,True,True,False,,0.12659531505875596,True,Optimization terminated successfully
muni,213,True,True,False,,0.09689901084890426,True,Optimization terminated successfully
muni,214,True,True,False,,0.12737351198074912,True,Optimization terminated successfully
muni,215,True,True,False,,0.1082586052981504,True,Optimization terminated successfully
muni,216,True,True,False,,0.09711562870295797,True,Optimization terminated successfully
muni,217,True,True,False,,0.11036015804211176,True,Optimization terminated successfully
muni,218,True,True,False,,0.10605669845678356,True,Optimization terminated successfully
muni,219,True,True,False,,0.12545693070641364,True,Optimization terminated successfully
muni,220,True,True,False,,0.12346596889160037,True,Optimization terminated successfully
muni,221,True,True,False,,0.11326178194699263,True,Optimization terminated successfully
muni,222,True,True,False,,0.14049373163538256,True,Optimization terminated successfully
muni,223,True,True,False,,0.11926208426770657,True,Optimization terminated successfully
muni,224,True,True,False,,0.0941430441302254,True,Optimization terminated successfully
muni,225,True,True,False,,0.10589829634421039,True,Optimization terminated successfully
muni,226,True,True,False,,0.1229413264515007,True,Optimization terminated successfully
muni,227,True,True,False,,0.10532523300969888,True,Optimization terminated successfully
muni,228,True,True,False,,0.12770589407876204,True,Optimization terminated successfully
muni,229,True,True,False,,0.10751680851269038,True,Optimization terminated successfully
muni,230,True,True,False,,0.09409302686756975,True,Optimization terminated successfully
muni,231,True,True,False,,0.1050887482205853,True,Optimization terminated successfully
muni,232,True,True,False,,0.10989401123957376,True,Optimization terminated successfully
muni,233,True,True,False,,0.10745670305422392,True,Optimization terminated successfully
muni,234,True,True,False,,0.13452790799762088,True,Optimization terminated successfully
muni,235,True,True,False,,0.1507675532169755,True,Optimization terminated successfully
muni,236,True,True,False,,0.11251637105062495,True,Optimization terminated successfully
muni,237,True,True,False,,0.13451151752886,True,Optimization terminated successfully
muni,238,True,True,False,,0.12898756280150156,True,Optimization terminated successfully
muni,239,True,True,False,,0.11816376495518065,True,Optimization terminated successfully
muni,240,True,True,False,,0.11180252450019681,True,Optimization terminated successfully
muni,241,True,True,False,,0.1116062762228846,True,Optimization terminated successfully
muni,242,True,True,False,,0.10264985773985169,True,Optimization terminated successfully
muni,243,True,True,False,,0.09671564585454655,True,Optimization terminated successfully
muni,244,True,True,False,,0.13471746285900785,True,Optimization terminated successfully
muni,245,True,True,False,,0.10710200367409277,True,Optimization terminated successfully
muni,246,True,True,False,,0.12192728723949516,True,Optimization terminated successfully
muni,247,True,True,False,,0.12175363038015441,True,Optimization terminated successfully
muni,248,True,True,False,,0.11149401238740501,True,Optimization terminated successfully
muni,249,True,True,False,,0.1346651184137352,True,Optimization terminated successfully
muni,250,True,True,False,,0.13015623569853657,True,Optimization terminated successfully
muni,251,True,True,False,,0.12886731780776559,True,Optimization terminated successfully
muni,252,True,True,False,,0.11221475240086586,True,Optimization terminated successfully
muni,253,True,True,False,,0.11789569099249977,True,Optimization terminated successfully
muni,254,True,True,False,,0.11863265452524172,True,Optimization terminated successfully
muni,255,True,True,False,,0.12279524432049398,True,Optimization terminated successfully
muni,256,True,True,False,,0.12134107283205112,True,Optimization terminated successfully
muni,257,True,True,False,,0.13150027374927709,True,Optimization terminated successfully
muni,258,True,True,False,,0.11390857576796837,True,Optimization terminated successfully
muni,259,True,True,False,,0.11049805893398226,True,Optimization terminated successfully
muni,260,True,True,False,,0.1271502991407556,True,Optimization terminated successfully
muni,261,True,True,False,,0.12241886221541251,True,Optimization terminated successfully
muni,262,True,True,False,,0.10379632665519951,True,Optimization terminated successfully
muni,263,True,True,False,,0.1116105872208343,True,Optimization terminated successfully
muni,264,True,True,False,,0.1106789261699725,True,Optimization terminated successfully
muni,265,True,True,False,,0.11519018574113311,True,Optimization terminated successfully
muni,266,True,True,False,,0.12550965150839272,True,Optimization terminated successfully
muni,267,True,True,False,,0.10838958230870928,True,Optimization terminated successfully
muni,268,True,True,False,,0.11500266012519446,True,Optimization terminated successfully
muni,269,True,True,False,,0.11228008748704141,True,Optimization terminated successfully
muni,270,True,True,False,,0.11307671796593208,True,Optimization terminated successfully
muni,271,True,True,False,,0.12461361884451384,True,Optimization terminated successfully
muni,272,True,True,False,,0.11025694032856409,True,Optimization terminated successfully
muni,273,True,True,False,,0.11739494689975846,True,Optimization terminated successfully
muni,274,True,True,False,,0.12226967718557848,True,Optimization terminated successfully
muni,275,True,True,False,,0.102670031206373,True,Optimization terminated successfully
muni,276,True,True,False,,0.10927664144342944,True,Optimization terminated successfully
muni,277,True,True,False,,0.11367430344715414,True,Optimization terminated successfully
muni,278,True,True,False,,0.10842611759337892,True,Optimization terminated successfully
muni,279,True,True,False,,0.10272764402751049,True,Optimization terminated successfully
muni,280,True,True,False,,0.12054117761674298,True,Optimization terminated successfully
muni,281,True,True,False,,0.1150971253064777,True,Optimization terminated successfully
muni,282,True,True,False,,0.1083452179676193,True,Optimization terminated successfully
muni,283,True,True,False,,0.12641919721424716,True,Optimization terminated successfully
muni,284,True,True,False,,0.10991745143544249,True,Optimization terminated successfully
muni,285,True,True,False,,0.12491729588536321,True,Optimization terminated successfully
muni,286,True,True,False,,0.11319161671765073,True,Optimization terminated successfully
muni,287,True,True,False,,0.12216069581872635,True,Optimization terminated successfully
muni,288,True,True,False,,0.12462358311317642,True,Optimization terminated successfully
muni,289,True,True,False,,0.1140342423754595,True,Optimization terminated successfully
muni,290,True,True,False,,0.10594042887683885,True,Optimization terminated successfully
muni,291,True,True,False,,0.1101480799657326,True,Optimization terminated successfully
muni,292,True,True,False,,0.11892600424685908,True,Optimization terminated successfully
muni,293,True,True,False,,0.14882159350712595,True,Optimization terminated successfully
muni,294,True,True,False,,0.13507884018100008,True,Optimization terminated successfully
muni,295,True,True,False,,0.11701251397021815,True,Optimization terminated successfully
muni,296,True,True,False,,0.1184644558936153,True,Optimization terminated successfully
muni,297,True,True,False,,0.11528665266614004,True,Optimization terminated successfully
muni,298,True,True,False,,0.13032260556126324,True,Optimization terminated successfully
muni,299,True,True,False,,0.10352523951958284,True,Optimization terminated successfully
muni,300,True,True,False,,0.1265513017346093,True,Optimization terminated successfully
muni,301,True,True,False,,0.12123166160137594,True,Optimization terminated successfully
muni,302,True,True,False,,0.12509176710963904,True,Optimization terminated successfully
muni,303,True,True,False,,0.1353566439512412,True,Optimization terminated successfully
muni,304,True,True,False,,0.13502487235920704,True,Optimization terminated successfully
muni,305,True,True,False,,0.12486171924288113,True,Optimization terminated successfully
muni,306,True,True,False,,0.10709684229869157,True,Optimization terminated successfully
muni,307,True,True,False,,0.09951906449208378,True,Optimization terminated successfully
muni,308,True,True,False,,0.133322777929854,True,Optimization terminated successfully
muni,309,True,True,False,,0.12223010903309786,True,Optimization terminated successfully
muni,310,True,True,False,,0.1232343511511852,True,Optimization terminated successfully
muni,311,True,True,False,,0.1013814574160157,True,Optimization terminated successfully
muni,312,True,True,False,,0.09932075239319309,True,Optimization terminated successfully
muni,313,True,True,False,,0.10340172587714534,True,Optimization terminated successfully
muni,314,True,True,False,,0.12021208191210764,True,Optimization terminated successfully
muni,315,True,True,False,,0.12043315526474235,True,Optimization terminated successfully
muni,316,True,True,False,,0.12147220626708581,True,Optimization terminated successfully
muni,317,True,True,False,,0.11513854075354216,True,Optimization terminated successfully
muni,318,True,True,False,,0.1122777648749482,True,Optimization terminated successfully
muni,319,True,True,False,,0.14702819879279594,True,Optimization terminated successfully
muni,320,True,True,False,,0.11416198099780087,True,Optimization terminated successfully
muni,321,True,True,False,,0.11291434666369969,True,Optimization terminated successfully
muni,322,True,True,False,,0.11435679138748937,True,Optimization terminated successfully
muni,323,True,True,False,,0.13696066918829963,True,Optimization terminated successfully
muni,324,True,True,False,,0.11739514352682534,True,Optimization terminated successfully
muni,325,True,True,False,,0.11376913718103743,True,Optimization terminated successfully
muni,326,True,True,False,,0.10794326822197389,True,Optimization terminated successfully
muni,327,True,True,False,,0.09272729016074178,True,Optimization terminated successfully
muni,328,True,True,False,,0.1258256401625826,True,Optimization terminated successfully
muni,329,True,True,False,,0.11559460116609142,True,Optimization terminated successfully
muni,330,True,True,False,,0.11445800820775746,True,Optimization terminated successfully
muni,331,True,True,False,,0.09688101813477845,True,Optimization terminated successfully
muni,332,True,True,False,,0.11729150894772111,True,Optimization terminated successfully
muni,333,True,True,False,,0.11465449831950275,True,Optimization terminated successfully
muni,334,True,True,False,,0.11270672100120441,True,Optimization terminated successfully
muni,335,True,True,False,,0.10115521302927719,True,Optimization terminated successfully
muni,336,True,True,False,,0.11600174033991263,True,Optimization terminated successfully
muni,337,True,True,False,,0.09411863906927262,True,Optimization terminated successfully
muni,338,True,True,False,,0.10558095188755552,True,Optimization terminated successfully
muni,339,True,True,False,,0.11352623417211816,True,Optimization terminated successfully
muni,340,True,True,False,,0.11661919809003236,True,Optimization terminated successfully
muni,341,True,True,False,,0.11771057514375721,True,Optimization terminated successfully
muni,342,True,True,False,,0.1266656966307912,True,Optimization terminated successfully
muni,343,True,True,False,,0.10385905400902687,True,Optimization terminated successfully
muni,344,True,True,False,,0.12023175209103203,True,Optimization terminated successfully
muni,345,True,True,False,,0.10197861989731727,True,Optimization terminated successfully
muni,346,True,True,False,,0.14655326258849766,True,Optimization terminated successfully
muni,347,True,True,False,,0.11248434097131281,True,Optimization terminated successfully
muni,348,True,True,False,,0.09159914872322421,True,Optimization terminated successfully
muni,349,True,True,False,,0.10971853444741687,True,Optimization terminated successfully
muni,350,True,True,False,,0.09754370585049578,True,Optimization terminated successfully
muni,351,True,True,False,,0.13378945884157584,True,Optimization terminated successfully
muni,352,True,True,False,,0.10206587442272937,True,Optimization terminated successfully
muni,353,True,True,False,,0.13355498373962074,True,Optimization terminated successfully
muni,354,True,True,False,,0.1157704992015525,True,Optimization terminated successfully
muni,355,True,True,False,,0.10170288223893952,True,Optimization terminated successfully
muni,356,True,True,False,,0.13074109514811894,True,Optimization terminated successfully
muni,357,True,True,False,,0.1030269156895394,True,Optimization terminated successfully
muni,358,True,True,False,,0.1283497173765678,True,Optimization terminated successfully
muni,359,True,True,False,,0.1184816150402871,True,Optimization terminated successfully
muni,360,True,True,False,,0.11587207198413943,True,Optimization terminated successfully
muni,361,True,True,False,,0.11493890070135282,True,Optimization terminated successfully
muni,362,True,True,False,,0.09652108204458808,True,Optimization terminated successfully
muni,363,True,True,False,,0.13278302989861587,True,Optimization terminated successfully
muni,364,True,True,False,,0.11673847422722149,True,Optimization terminated successfully
muni,365,True,True,False,,0.11007526102794006,True,Optimization terminated successfully
muni,366,True,True,False,,0.10515264503491288,True,Optimization terminated successfully
muni,367,True,True,False,,0.09699414546995067,True,Optimization terminated successfully
muni,368,True,True,False,,0.11149584975387859,True,Optimization terminated successfully
muni,369,True,True,False,,0.12355177044693093,True,Optimization terminated successfully
muni,370,True,True,False,,0.11494439882252376,True,Optimization terminated successfully
muni,371,True,True,False,,0.10786035850723079,True,Optimization terminated successfully
muni,372,True,True,False,,0.11318455375165958,True,Optimization terminated successfully
muni,373,True,True,False,,0.09735653831349322,True,Optimization terminated successfully
muni,374,True,True,False,,0.12394748407666605,True,Optimization terminated successfully
muni,375,True,True,False,,0.1305720353523544,True,Optimization terminated successfully
muni,376,True,True,False,,0.10144148963629691,True,Optimization terminated successfully
muni,377,True,True,False,,0.11382199681128077,True,Optimization terminated successfully
muni,378,True,True,False,,0.1071440039077334,True,Optimization terminated successfully
muni,379,True,True,False,,0.09674341549573527,True,Optimization terminated successfully
muni,380,True,True,False,,0.11383206939783204,True,Optimization terminated successfully
muni,381,True,True,False,,0.1002222637095251,True,Optimization terminated successfully
muni,382,True,True,False,,0.11995144802392223,True,Optimization terminated successfully
muni,383,True,True,False,,0.11247863155629827,True,Optimization terminated successfully
muni,384,True,True,False,,0.0992332085406485,True,Optimization terminated successfully
muni,385,True,True,False,,0.12330196621823569,True,Optimization terminated successfully
muni,386,True,True,False,,0.0981217169441021,True,Optimization terminated successfully
muni,387,True,True,False,,0.11116669032676268,True,Optimization terminated successfully
muni,388,True,True,False,,0.12125980895807324,True,Optimization terminated successfully
muni,389,True,True,False,,0.12790317513134739,True,Optimization terminated successfully
muni,390,True,True,False,,0.10368315606186264,True,Optimization terminated successfully
muni,391,True,True,False,,0.09624280320367035,True,Optimization terminated successfully
muni,392,True,True,False,,0.13009332904412355,True,Optimization terminated successfully
muni,393,True,True,False,,0.11770902225171294,True,Optimization terminated successfully
muni,394,True,True,False,,0.11489740469182098,True,Optimization terminated successfully
muni,395,True,True,False,,0.12315172037953964,True,Optimization terminated successfully
muni,396,True,True,False,,0.1401191043683231,True,Optimization terminated successfully
muni,397,True,True,False,,0.11933118871893421,True,Optimization terminated successfully
muni,398,True,True,False,,0.11428751541418122,True,Optimization terminated successfully
muni,399,True,True,False,,0.11594935401616016,True,Optimization terminated successfully
